location_id,region,latitude,longitude,building_type,tiv,deductible,policy_limit
LOC-00001,Houston (Flood/Wind),29.21017,-94.85437,Wood,80999.12,8099.91,80999.12
LOC-00002,Houston (Flood/Wind),31.90206,-95.09076,Wood,737126.86,36856.34,884552.23
LOC-00003,Los Angeles (Quake),34.33191,-118.10211,Concrete,274366.98,27436.7,274366.98
LOC-00004,Houston (Flood/Wind),29.33261,-93.90415,Concrete,214105.4,21410.54,214105.4
LOC-00005,Miami (Hurricane),25.85948,-80.60415,Concrete,147172.6,14717.26,147172.6
LOC-00006,Houston (Flood/Wind),29.46871,-94.23957,Concrete,389694.71,7793.89,389694.71
LOC-00007,Los Angeles (Quake),32.53406,-116.93331,Wood,71097.96,7109.8,71097.96
LOC-00008,Los Angeles (Quake),34.28843,-120.8577,Masonry,94476.23,9447.62,94476.23
LOC-00009,Miami (Hurricane),25.97249,-78.87838,Wood,295497.74,5909.95,236398.19
LOC-00010,Miami (Hurricane),26.09698,-79.7261,Wood,651966.5,13039.33,651966.5
LOC-00011,Miami (Hurricane),25.93097,-79.71416,Masonry,226793.44,4535.87,272152.12
LOC-00012,Houston (Flood/Wind),30.92517,-96.94396,Wood,507855.86,50785.59,609427.03
LOC-00013,Houston (Flood/Wind),30.73336,-94.5742,Wood,258893.99,5177.88,258893.99
LOC-00014,Los Angeles (Quake),35.92977,-119.90056,Steel,202641.5,4052.83,202641.5
LOC-00015,Miami (Hurricane),26.48453,-80.1766,Concrete,1176311.25,23526.23,1176311.25
LOC-00016,Houston (Flood/Wind),29.24213,-94.86835,Steel,854427.26,42721.36,854427.26
LOC-00017,Los Angeles (Quake),33.65905,-119.27762,Masonry,627765.02,12555.3,627765.02
LOC-00018,Miami (Hurricane),24.71264,-82.31594,Concrete,379085.84,37908.58,379085.84
LOC-00019,Houston (Flood/Wind),29.27728,-95.93963,Wood,138311.23,6915.56,138311.23
LOC-00020,Los Angeles (Quake),33.87643,-116.93963,Concrete,733062.97,14661.26,733062.97
LOC-00021,Miami (Hurricane),25.7102,-79.91588,Concrete,924507.16,46225.36,924507.16
LOC-00022,Miami (Hurricane),24.62052,-79.91994,Concrete,266364.21,26636.42,266364.21
LOC-00023,Houston (Flood/Wind),30.48823,-95.98887,Wood,256426.5,25642.65,205141.2
LOC-00024,Miami (Hurricane),25.93525,-80.98423,Concrete,152314.43,15231.44,152314.43
LOC-00025,Houston (Flood/Wind),30.64791,-94.76432,Wood,411684.62,8233.69,411684.62
LOC-00026,Miami (Hurricane),23.78594,-80.4772,Wood,467952.37,23397.62,374361.9
LOC-00027,Miami (Hurricane),25.50211,-80.35649,Steel,347973.91,6959.48,278379.13
LOC-00028,Houston (Flood/Wind),30.54222,-94.55365,Steel,430071.73,21503.59,344057.39
LOC-00029,Houston (Flood/Wind),30.6144,-93.58121,Wood,100169.42,5008.47,100169.42
LOC-00030,Miami (Hurricane),24.88655,-79.6042,Concrete,103311.37,2066.23,103311.37
LOC-00031,Houston (Flood/Wind),28.80051,-94.26487,Wood,2606047.22,130302.36,3127256.67
LOC-00032,Houston (Flood/Wind),29.90737,-95.09311,Wood,613651.99,30682.6,490921.59
LOC-00033,Houston (Flood/Wind),28.35399,-95.40433,Wood,91959.86,4597.99,110351.84
LOC-00034,Los Angeles (Quake),34.63117,-118.51186,Concrete,547983.52,10959.67,438386.82
LOC-00035,Los Angeles (Quake),33.50925,-117.31124,Wood,171696.74,8584.84,137357.39
LOC-00036,Los Angeles (Quake),35.07988,-118.03588,Wood,394477.5,19723.87,394477.5
LOC-00037,Houston (Flood/Wind),30.81782,-95.31844,Wood,792582.0,79258.2,951098.39
LOC-00038,Los Angeles (Quake),35.31676,-117.62566,Steel,448554.72,8971.09,448554.72
LOC-00039,Los Angeles (Quake),33.38507,-118.39698,Steel,287319.83,28731.98,287319.83
LOC-00040,Miami (Hurricane),25.43417,-80.07193,Wood,308941.55,15447.08,308941.55
LOC-00041,Miami (Hurricane),27.01,-80.08896,Concrete,129266.75,2585.33,129266.75
LOC-00042,Los Angeles (Quake),34.31195,-115.67097,Wood,505811.33,10116.23,505811.33
LOC-00043,Los Angeles (Quake),35.30982,-118.99798,Wood,121476.88,2429.54,121476.88
LOC-00044,Miami (Hurricane),25.66991,-80.30037,Wood,121357.37,2427.15,121357.37
LOC-00045,Los Angeles (Quake),33.48227,-119.0277,Wood,690645.32,13812.91,552516.26
LOC-00046,Miami (Hurricane),26.77483,-79.88996,Wood,1399115.75,139911.57,1399115.75
LOC-00047,Los Angeles (Quake),35.57249,-119.0929,Concrete,211632.81,10581.64,211632.81
LOC-00048,Miami (Hurricane),27.2593,-81.22775,Wood,241562.01,24156.2,241562.01
LOC-00049,Los Angeles (Quake),34.05438,-117.33658,Wood,709725.01,70972.5,709725.01
LOC-00050,Miami (Hurricane),26.99728,-79.91655,Wood,677545.88,33877.29,677545.88
LOC-00051,Miami (Hurricane),27.46813,-81.75347,Masonry,416368.99,20818.45,416368.99
LOC-00052,Miami (Hurricane),25.6749,-80.58095,Wood,330247.7,16512.39,330247.7
LOC-00053,Los Angeles (Quake),32.56632,-119.23328,Wood,94564.61,9456.46,113477.53
LOC-00054,Miami (Hurricane),26.82288,-80.69556,Concrete,644838.16,12896.76,644838.16
LOC-00055,Miami (Hurricane),25.2695,-79.88556,Wood,761980.04,15239.6,761980.04
LOC-00056,Miami (Hurricane),25.94488,-79.2763,Concrete,632771.5,31638.58,506217.2
LOC-00057,Miami (Hurricane),26.80608,-80.175,Wood,211245.28,4224.91,168996.22
LOC-00058,Houston (Flood/Wind),30.61437,-95.64084,Masonry,145350.79,14535.08,145350.79
LOC-00059,Houston (Flood/Wind),30.88394,-93.22659,Concrete,1645683.86,164568.39,1645683.86
LOC-00060,Miami (Hurricane),26.08537,-79.70073,Concrete,1043280.66,104328.07,1251936.79
LOC-00061,Los Angeles (Quake),35.11564,-118.52414,Concrete,55179.46,1103.59,44143.57
LOC-00062,Los Angeles (Quake),34.14701,-119.10583,Wood,216761.48,10838.07,216761.48
LOC-00063,Los Angeles (Quake),33.68941,-118.24918,Wood,370540.7,7410.81,370540.7
LOC-00064,Miami (Hurricane),25.09992,-80.6236,Wood,64863.37,1297.27,51890.7
LOC-00065,Los Angeles (Quake),35.68278,-118.58732,Masonry,50000.0,2500.0,60000.0
LOC-00066,Houston (Flood/Wind),30.35949,-95.53787,Wood,356887.3,7137.75,356887.3
LOC-00067,Houston (Flood/Wind),31.21154,-94.41053,Wood,891277.89,89127.79,713022.32
LOC-00068,Houston (Flood/Wind),31.57649,-95.48073,Wood,712338.95,35616.95,712338.95
LOC-00069,Los Angeles (Quake),32.42926,-118.9138,Wood,71281.33,7128.13,57025.06
LOC-00070,Miami (Hurricane),25.14474,-79.43146,Wood,150707.53,3014.15,180849.03
LOC-00071,Los Angeles (Quake),36.07382,-120.32008,Masonry,78297.37,1565.95,62637.89
LOC-00072,Los Angeles (Quake),34.2797,-120.29946,Masonry,1039107.13,103910.71,831285.7
LOC-00073,Miami (Hurricane),25.93665,-80.5793,Wood,369363.89,36936.39,443236.66
LOC-00074,Miami (Hurricane),25.91632,-80.44222,Concrete,54223.87,5422.39,65068.65
LOC-00075,Miami (Hurricane),26.02824,-80.39812,Wood,267898.65,13394.93,267898.65
LOC-00076,Houston (Flood/Wind),29.33437,-94.43273,Masonry,151853.86,7592.69,151853.86
LOC-00077,Miami (Hurricane),25.31109,-78.16039,Wood,485892.25,48589.23,485892.25
LOC-00078,Houston (Flood/Wind),30.97322,-94.31138,Wood,50000.0,5000.0,50000.0
LOC-00079,Houston (Flood/Wind),30.12057,-93.6512,Wood,206232.26,10311.61,206232.26
LOC-00080,Miami (Hurricane),26.18955,-80.20357,Wood,595052.81,11901.06,595052.81
LOC-00081,Los Angeles (Quake),31.57127,-118.35064,Wood,237301.96,4746.04,237301.96
LOC-00082,Los Angeles (Quake),33.96184,-119.33336,Wood,470256.26,9405.13,470256.26
LOC-00083,Houston (Flood/Wind),30.22818,-95.35474,Wood,496881.4,24844.07,496881.4
LOC-00084,Los Angeles (Quake),33.41773,-118.37214,Concrete,95297.39,4764.87,76237.91
LOC-00085,Los Angeles (Quake),32.59001,-119.63609,Concrete,1913133.38,95656.67,1913133.38
LOC-00086,Houston (Flood/Wind),29.56318,-95.19167,Wood,278072.03,13903.6,278072.03
LOC-00087,Houston (Flood/Wind),31.54113,-95.11732,Concrete,638482.19,63848.22,638482.19
LOC-00088,Miami (Hurricane),26.13853,-80.47837,Wood,661234.25,13224.68,793481.09
LOC-00089,Los Angeles (Quake),35.47972,-117.9757,Concrete,56358.82,1127.18,56358.82
LOC-00090,Miami (Hurricane),25.92705,-79.34754,Wood,515882.48,51588.25,515882.48
LOC-00091,Houston (Flood/Wind),30.16196,-93.72285,Wood,50000.0,1000.0,50000.0
LOC-00092,Los Angeles (Quake),35.33315,-119.94194,Wood,486699.0,24334.95,584038.8
LOC-00093,Miami (Hurricane),25.47256,-80.38259,Concrete,139994.36,13999.44,111995.49
LOC-00094,Houston (Flood/Wind),29.27327,-95.19583,Masonry,665219.24,66521.92,532175.39
LOC-00095,Los Angeles (Quake),34.6533,-119.41677,Masonry,2070541.01,207054.1,2484649.21
LOC-00096,Miami (Hurricane),27.05739,-80.64345,Wood,98513.93,1970.28,98513.93
LOC-00097,Miami (Hurricane),27.23928,-79.97904,Wood,271835.27,27183.53,271835.27
LOC-00098,Miami (Hurricane),25.06114,-80.71327,Wood,281362.36,14068.12,337634.84
LOC-00099,Houston (Flood/Wind),28.36018,-95.14014,Wood,2928140.89,292814.09,2342512.71
LOC-00100,Miami (Hurricane),25.27817,-79.89488,Masonry,146680.91,14668.09,146680.91
LOC-00101,Miami (Hurricane),26.15214,-78.92769,Wood,376097.11,18804.86,376097.11
LOC-00102,Los Angeles (Quake),33.55795,-118.77462,Concrete,424518.21,21225.91,424518.21
LOC-00103,Los Angeles (Quake),35.09755,-118.63493,Wood,208955.67,10447.78,208955.67
LOC-00104,Miami (Hurricane),26.80254,-79.35053,Wood,115434.09,2308.68,92347.28
LOC-00105,Miami (Hurricane),26.31117,-82.06347,Concrete,341811.65,17090.58,341811.65
LOC-00106,Houston (Flood/Wind),28.22992,-94.45363,Concrete,798398.33,79839.83,958078.0
LOC-00107,Miami (Hurricane),26.53444,-80.12616,Wood,169505.24,3390.1,169505.24
LOC-00108,Houston (Flood/Wind),28.91056,-95.72192,Wood,175374.46,3507.49,175374.46
LOC-00109,Los Angeles (Quake),35.29725,-118.85572,Concrete,971867.7,19437.35,1166241.24
LOC-00110,Houston (Flood/Wind),29.31576,-93.95555,Concrete,167110.61,16711.06,167110.61
LOC-00111,Los Angeles (Quake),33.12365,-119.73729,Concrete,318250.54,31825.05,318250.54
LOC-00112,Los Angeles (Quake),35.05488,-117.3294,Concrete,331922.16,16596.11,265537.73
LOC-00113,Miami (Hurricane),25.84922,-79.61119,Wood,333320.92,16666.05,266656.74
LOC-00114,Houston (Flood/Wind),30.20252,-96.71125,Wood,1770598.37,35411.97,1770598.37
LOC-00115,Houston (Flood/Wind),29.43113,-95.84008,Concrete,407925.33,8158.51,407925.33
LOC-00116,Houston (Flood/Wind),29.37111,-95.95789,Wood,234825.78,4696.52,281790.93
LOC-00117,Los Angeles (Quake),32.83767,-120.22953,Wood,213228.67,10661.43,213228.67
LOC-00118,Los Angeles (Quake),34.80597,-118.05008,Concrete,582726.12,58272.61,582726.12
LOC-00119,Los Angeles (Quake),34.04422,-119.82667,Wood,213003.84,21300.38,213003.84
LOC-00120,Los Angeles (Quake),34.88765,-119.05066,Wood,139370.37,2787.41,139370.37
LOC-00121,Miami (Hurricane),25.54659,-81.07702,Concrete,268524.95,5370.5,322229.94
LOC-00122,Los Angeles (Quake),34.24211,-119.18275,Steel,526644.21,26332.21,631973.05
LOC-00123,Miami (Hurricane),25.7355,-80.62654,Wood,1075807.68,21516.15,1075807.68
LOC-00124,Los Angeles (Quake),30.86098,-119.65673,Concrete,328963.41,6579.27,328963.41
LOC-00125,Los Angeles (Quake),35.05207,-119.83555,Wood,683976.19,13679.52,547180.96
LOC-00126,Houston (Flood/Wind),31.03196,-96.14032,Wood,143770.09,7188.5,115016.07
LOC-00127,Houston (Flood/Wind),30.72319,-95.19724,Wood,635371.46,31768.57,635371.46
LOC-00128,Miami (Hurricane),26.26042,-80.41245,Wood,93196.81,4659.84,93196.81
LOC-00129,Houston (Flood/Wind),30.44924,-94.90302,Concrete,373367.72,18668.39,373367.72
LOC-00130,Miami (Hurricane),26.45771,-80.60998,Wood,766054.98,38302.75,766054.98
LOC-00131,Houston (Flood/Wind),30.94561,-96.03984,Wood,185911.64,9295.58,185911.64
LOC-00132,Miami (Hurricane),26.13962,-80.22191,Steel,808795.9,16175.92,808795.9
LOC-00133,Houston (Flood/Wind),31.46183,-95.2821,Wood,68985.55,3449.28,68985.55
LOC-00134,Los Angeles (Quake),33.48887,-118.22158,Concrete,379868.99,37986.9,455842.79
LOC-00135,Houston (Flood/Wind),29.88105,-94.05771,Wood,125537.6,2510.75,100430.08
LOC-00136,Los Angeles (Quake),34.04818,-118.80668,Concrete,454492.83,9089.86,454492.83
LOC-00137,Miami (Hurricane),26.4908,-80.92504,Wood,243077.87,12153.89,291693.44
LOC-00138,Miami (Hurricane),27.60007,-81.6645,Wood,74639.34,3731.97,74639.34
LOC-00139,Los Angeles (Quake),33.63458,-118.00543,Wood,145580.17,14558.02,145580.17
LOC-00140,Miami (Hurricane),24.63637,-79.59337,Masonry,1203773.34,120377.33,1444528.01
LOC-00141,Miami (Hurricane),25.99991,-81.56743,Concrete,339761.7,33976.17,407714.04
LOC-00142,Houston (Flood/Wind),29.99308,-94.22053,Concrete,132829.76,2656.6,106263.81
LOC-00143,Miami (Hurricane),27.34172,-80.22961,Wood,544570.09,10891.4,544570.09
LOC-00144,Houston (Flood/Wind),29.19793,-94.74799,Wood,55813.74,5581.37,55813.74
LOC-00145,Miami (Hurricane),24.70622,-80.3728,Wood,392463.12,7849.26,313970.5
LOC-00146,Houston (Flood/Wind),30.37099,-94.5321,Masonry,1053875.95,52693.8,843100.76
LOC-00147,Houston (Flood/Wind),29.47708,-95.24775,Wood,297591.72,5951.83,297591.72
LOC-00148,Miami (Hurricane),25.33417,-81.75379,Concrete,202906.58,20290.66,162325.26
LOC-00149,Houston (Flood/Wind),29.72084,-94.6883,Steel,168476.21,8423.81,134780.97
LOC-00150,Los Angeles (Quake),35.11602,-119.92989,Concrete,442870.79,22143.54,442870.79
LOC-00151,Miami (Hurricane),23.73823,-79.15326,Wood,1018518.44,20370.37,814814.75
LOC-00152,Miami (Hurricane),26.01595,-79.49759,Wood,356123.27,17806.16,356123.27
LOC-00153,Houston (Flood/Wind),30.01656,-95.38968,Concrete,173222.87,17322.29,173222.87
LOC-00154,Houston (Flood/Wind),28.57406,-92.7721,Wood,140032.39,2800.65,140032.39
LOC-00155,Los Angeles (Quake),32.03402,-120.35402,Wood,176277.23,8813.86,176277.23
LOC-00156,Los Angeles (Quake),33.71406,-120.56411,Wood,80226.1,8022.61,80226.1
LOC-00157,Miami (Hurricane),26.54916,-80.36299,Masonry,2702594.39,54051.89,2702594.39
LOC-00158,Houston (Flood/Wind),29.0965,-94.23163,Concrete,192608.2,19260.82,231129.85
LOC-00159,Los Angeles (Quake),33.28691,-118.8809,Concrete,467603.88,23380.19,561124.66
LOC-00160,Miami (Hurricane),25.2634,-81.19114,Wood,475195.08,23759.75,380156.07
LOC-00161,Miami (Hurricane),25.84864,-81.55881,Wood,2509702.27,50194.05,2007761.82
LOC-00162,Miami (Hurricane),25.22895,-81.98833,Wood,111483.16,2229.66,89186.53
LOC-00163,Houston (Flood/Wind),30.3039,-94.28619,Wood,224819.42,22481.94,224819.42
LOC-00164,Miami (Hurricane),25.12306,-80.15533,Masonry,142772.52,2855.45,142772.52
LOC-00165,Miami (Hurricane),25.79632,-79.36742,Masonry,1732373.92,173237.39,2078848.7
LOC-00166,Miami (Hurricane),26.41809,-80.06591,Steel,1515597.91,30311.96,1515597.91
LOC-00167,Houston (Flood/Wind),29.29589,-96.32013,Concrete,106056.85,2121.14,106056.85
LOC-00168,Miami (Hurricane),26.2372,-80.32549,Wood,310740.58,15537.03,310740.58
LOC-00169,Los Angeles (Quake),34.08669,-116.70956,Concrete,607892.11,12157.84,486313.69
LOC-00170,Miami (Hurricane),24.57019,-80.41829,Concrete,111076.3,2221.53,111076.3
LOC-00171,Los Angeles (Quake),35.47586,-118.52732,Wood,468447.19,23422.36,468447.19
LOC-00172,Los Angeles (Quake),33.20753,-117.34142,Wood,712759.32,35637.97,712759.32
LOC-00173,Houston (Flood/Wind),29.17385,-93.459,Wood,50000.0,1000.0,50000.0
LOC-00174,Miami (Hurricane),26.86802,-80.29663,Wood,50000.0,2500.0,50000.0
LOC-00175,Los Angeles (Quake),32.31458,-120.88227,Concrete,513310.57,25665.53,513310.57
LOC-00176,Los Angeles (Quake),35.23697,-117.72669,Steel,342253.74,17112.69,342253.74
LOC-00177,Miami (Hurricane),24.28428,-80.64514,Wood,688428.34,68842.83,550742.67
LOC-00178,Miami (Hurricane),26.44978,-79.78986,Wood,1499781.96,149978.2,1499781.96
LOC-00179,Los Angeles (Quake),33.86181,-119.66767,Wood,448576.8,22428.84,448576.8
LOC-00180,Los Angeles (Quake),33.74403,-116.27796,Concrete,1203854.25,24077.08,963083.4
LOC-00181,Houston (Flood/Wind),28.43395,-94.21522,Wood,360937.08,7218.74,433124.5
LOC-00182,Los Angeles (Quake),34.00317,-119.36813,Masonry,1354309.14,67715.46,1354309.14
LOC-00183,Miami (Hurricane),25.9681,-79.81651,Wood,194199.99,9710.0,194199.99
LOC-00184,Miami (Hurricane),25.79978,-80.36857,Wood,275649.62,13782.48,220519.69
LOC-00185,Miami (Hurricane),25.38481,-79.3317,Wood,672866.93,33643.35,672866.93
LOC-00186,Miami (Hurricane),26.20372,-80.02335,Wood,647125.97,64712.6,517700.77
LOC-00187,Los Angeles (Quake),35.57044,-117.57247,Wood,2226086.62,111304.33,2226086.62
LOC-00188,Los Angeles (Quake),33.80589,-115.75339,Wood,134700.92,6735.05,134700.92
LOC-00189,Los Angeles (Quake),32.81431,-118.87886,Wood,261880.98,13094.05,261880.98
LOC-00190,Houston (Flood/Wind),31.90267,-95.3318,Concrete,302558.92,30255.89,363070.71
LOC-00191,Miami (Hurricane),24.68595,-80.48794,Wood,831721.39,16634.43,831721.39
LOC-00192,Los Angeles (Quake),33.7225,-117.97436,Wood,764592.51,15291.85,764592.51
LOC-00193,Los Angeles (Quake),35.63253,-117.71654,Wood,74815.44,3740.77,89778.53
LOC-00194,Houston (Flood/Wind),28.21162,-94.6205,Wood,130968.49,6548.42,130968.49
LOC-00195,Los Angeles (Quake),34.02154,-116.83643,Concrete,229410.81,22941.08,183528.65
LOC-00196,Los Angeles (Quake),35.32708,-117.92184,Wood,131450.21,6572.51,131450.21
LOC-00197,Miami (Hurricane),25.77521,-80.26681,Wood,65756.6,6575.66,65756.6
LOC-00198,Los Angeles (Quake),33.38905,-120.75789,Wood,345993.02,6919.86,415191.63
LOC-00199,Houston (Flood/Wind),28.4639,-96.8824,Wood,444104.73,8882.09,355283.79
LOC-00200,Houston (Flood/Wind),27.60652,-95.67311,Concrete,392278.05,19613.9,392278.05
LOC-00201,Miami (Hurricane),26.3438,-80.15024,Concrete,235410.02,4708.2,235410.02
LOC-00202,Miami (Hurricane),24.93374,-80.03905,Wood,109692.55,2193.85,109692.55
LOC-00203,Houston (Flood/Wind),30.67673,-95.02331,Wood,50000.0,2500.0,50000.0
LOC-00204,Houston (Flood/Wind),32.69815,-96.30827,Wood,511073.23,25553.66,613287.87
LOC-00205,Miami (Hurricane),25.18507,-79.80469,Concrete,242112.03,12105.6,193689.62
LOC-00206,Los Angeles (Quake),34.02005,-118.00238,Concrete,767316.31,15346.33,767316.31
LOC-00207,Miami (Hurricane),26.25612,-80.07897,Wood,621061.18,31053.06,621061.18
LOC-00208,Los Angeles (Quake),36.23065,-118.32067,Steel,372786.97,7455.74,447344.36
LOC-00209,Miami (Hurricane),25.27823,-80.45316,Wood,660977.2,13219.54,528781.76
LOC-00210,Houston (Flood/Wind),29.62154,-94.08004,Concrete,206612.45,10330.62,165289.96
LOC-00211,Miami (Hurricane),24.88468,-81.34384,Wood,110728.5,2214.57,88582.8
LOC-00212,Miami (Hurricane),27.00375,-81.91278,Concrete,1572690.35,157269.03,1572690.35
LOC-00213,Los Angeles (Quake),35.57521,-117.40642,Wood,500016.75,25000.84,500016.75
LOC-00214,Miami (Hurricane),25.80842,-80.12011,Concrete,82339.48,8233.95,82339.48
LOC-00215,Houston (Flood/Wind),30.35515,-94.51638,Masonry,208420.78,20842.08,208420.78
LOC-00216,Houston (Flood/Wind),30.15248,-95.46669,Concrete,65544.77,3277.24,78653.72
LOC-00217,Miami (Hurricane),24.97083,-81.07467,Wood,50000.0,2500.0,50000.0
LOC-00218,Los Angeles (Quake),34.52841,-118.96769,Concrete,54895.59,5489.56,54895.59
LOC-00219,Los Angeles (Quake),33.40381,-117.62745,Wood,152238.68,7611.93,121790.94
LOC-00220,Miami (Hurricane),26.18436,-79.81423,Wood,308419.27,15420.96,370103.13
LOC-00221,Los Angeles (Quake),35.64252,-117.73728,Wood,168898.11,8444.91,135118.49
LOC-00222,Los Angeles (Quake),32.7545,-119.27243,Wood,93125.23,9312.52,93125.23
LOC-00223,Miami (Hurricane),25.95328,-80.81741,Wood,81830.19,8183.02,81830.19
LOC-00224,Los Angeles (Quake),34.42398,-115.28204,Concrete,50000.0,1000.0,50000.0
LOC-00225,Houston (Flood/Wind),28.22345,-95.10205,Wood,245663.49,12283.17,245663.49
LOC-00226,Houston (Flood/Wind),32.34011,-96.17347,Wood,1382102.99,138210.3,1105682.39
LOC-00227,Miami (Hurricane),26.07367,-79.22855,Wood,317783.0,6355.66,254226.4
LOC-00228,Houston (Flood/Wind),30.01197,-97.05705,Wood,76640.06,7664.01,76640.06
LOC-00229,Miami (Hurricane),25.15447,-80.16503,Wood,339010.35,16950.52,339010.35
LOC-00230,Houston (Flood/Wind),28.2045,-97.36354,Wood,390060.28,19503.01,390060.28
LOC-00231,Houston (Flood/Wind),28.26081,-96.69944,Masonry,50000.0,2500.0,50000.0
LOC-00232,Los Angeles (Quake),33.29749,-119.43253,Wood,503537.56,25176.88,402830.05
LOC-00233,Houston (Flood/Wind),29.02487,-94.13371,Wood,157328.44,7866.42,188794.13
LOC-00234,Miami (Hurricane),24.63598,-80.13165,Wood,915339.27,45766.96,732271.41
LOC-00235,Miami (Hurricane),26.16469,-79.72588,Wood,122272.88,2445.46,122272.88
LOC-00236,Houston (Flood/Wind),28.42917,-95.30977,Wood,53592.02,2679.6,53592.02
LOC-00237,Los Angeles (Quake),35.05579,-118.20618,Wood,291218.57,29121.86,291218.57
LOC-00238,Los Angeles (Quake),33.93353,-119.08738,Concrete,414143.34,20707.17,331314.67
LOC-00239,Houston (Flood/Wind),28.57249,-95.72282,Wood,276006.9,13800.35,220805.52
LOC-00240,Los Angeles (Quake),34.04126,-118.27373,Wood,607900.38,30395.02,729480.46
LOC-00241,Houston (Flood/Wind),28.96086,-95.01825,Wood,55201.34,1104.03,55201.34
LOC-00242,Miami (Hurricane),25.79059,-79.61119,Concrete,169573.73,16957.37,169573.73
LOC-00243,Houston (Flood/Wind),29.54696,-93.87907,Concrete,152718.4,3054.37,152718.4
LOC-00244,Los Angeles (Quake),33.55908,-119.16742,Wood,153206.95,3064.14,153206.95
LOC-00245,Houston (Flood/Wind),29.02739,-96.11309,Concrete,438290.07,21914.5,438290.07
LOC-00246,Houston (Flood/Wind),28.7325,-95.80233,Wood,1011634.71,101163.47,1011634.71
LOC-00247,Los Angeles (Quake),34.70196,-117.33271,Wood,260435.24,26043.52,312522.29
LOC-00248,Los Angeles (Quake),33.84302,-117.77934,Wood,1053530.36,105353.04,1264236.43
LOC-00249,Miami (Hurricane),26.50989,-80.58682,Wood,237435.93,4748.72,237435.93
LOC-00250,Houston (Flood/Wind),29.32524,-94.17323,Concrete,228998.43,11449.92,228998.43
LOC-00251,Los Angeles (Quake),35.45406,-119.27919,Wood,68056.86,3402.84,68056.86
LOC-00252,Miami (Hurricane),24.47085,-79.95864,Masonry,129225.99,6461.3,129225.99
LOC-00253,Miami (Hurricane),26.02184,-80.32518,Wood,483206.77,48320.68,483206.77
LOC-00254,Houston (Flood/Wind),30.26907,-96.87922,Steel,203673.35,20367.33,244408.02
LOC-00255,Houston (Flood/Wind),29.15606,-95.44562,Concrete,593063.28,59306.33,593063.28
LOC-00256,Miami (Hurricane),26.7439,-81.2695,Wood,101558.06,10155.81,101558.06
LOC-00257,Houston (Flood/Wind),29.14951,-94.17527,Wood,941470.68,47073.53,941470.68
LOC-00258,Miami (Hurricane),25.91243,-79.39496,Wood,125895.18,6294.76,125895.18
LOC-00259,Houston (Flood/Wind),30.04158,-96.29542,Wood,423321.74,21166.09,423321.74
LOC-00260,Los Angeles (Quake),36.6502,-119.01592,Masonry,678635.96,33931.8,814363.16
LOC-00261,Miami (Hurricane),25.79449,-79.52822,Wood,337713.93,6754.28,270171.14
LOC-00262,Houston (Flood/Wind),28.8521,-97.53545,Concrete,710882.35,35544.12,710882.35
LOC-00263,Miami (Hurricane),25.725,-78.55741,Concrete,565908.34,11318.17,565908.34
LOC-00264,Miami (Hurricane),25.47355,-80.39075,Wood,1338882.11,66944.11,1338882.11
LOC-00265,Houston (Flood/Wind),30.8852,-96.16919,Wood,1513433.02,75671.65,1816119.63
LOC-00266,Miami (Hurricane),26.00185,-79.54165,Concrete,478260.34,47826.03,478260.34
LOC-00267,Miami (Hurricane),26.9442,-80.58836,Wood,113682.1,11368.21,136418.52
LOC-00268,Los Angeles (Quake),34.34496,-117.84932,Wood,660154.16,66015.42,660154.16
LOC-00269,Los Angeles (Quake),33.80137,-119.26432,Wood,348245.45,17412.27,348245.45
LOC-00270,Houston (Flood/Wind),28.35989,-96.35688,Wood,1186771.48,59338.57,1186771.48
LOC-00271,Los Angeles (Quake),34.42719,-117.8605,Concrete,613536.1,61353.61,613536.1
LOC-00272,Houston (Flood/Wind),30.5582,-94.64742,Masonry,184825.4,18482.54,221790.47
LOC-00273,Los Angeles (Quake),34.32182,-117.12459,Wood,1441352.28,28827.05,1441352.28
LOC-00274,Los Angeles (Quake),33.15111,-118.71648,Wood,177757.2,3555.14,177757.2
LOC-00275,Miami (Hurricane),25.3103,-80.04416,Wood,1725997.32,86299.87,1725997.32
LOC-00276,Los Angeles (Quake),36.31614,-118.99345,Wood,614061.33,12281.23,614061.33
LOC-00277,Los Angeles (Quake),35.33332,-117.2257,Masonry,466621.02,46662.1,559945.23
LOC-00278,Los Angeles (Quake),33.45969,-119.10389,Concrete,50000.0,1000.0,50000.0
LOC-00279,Houston (Flood/Wind),30.5335,-94.48758,Wood,423237.88,42323.79,423237.88
LOC-00280,Houston (Flood/Wind),28.6787,-94.22239,Wood,197951.26,3959.03,197951.26
LOC-00281,Miami (Hurricane),25.37062,-81.08749,Wood,158296.18,3165.92,158296.18
LOC-00282,Miami (Hurricane),26.37885,-80.52094,Wood,455316.86,9106.34,455316.86
LOC-00283,Miami (Hurricane),26.31678,-80.27407,Wood,164924.49,16492.45,164924.49
LOC-00284,Houston (Flood/Wind),29.90224,-93.70854,Wood,169889.54,8494.48,169889.54
LOC-00285,Miami (Hurricane),26.37456,-79.21025,Masonry,101075.67,10107.57,101075.67
LOC-00286,Los Angeles (Quake),32.98125,-119.25204,Wood,106635.29,5331.76,85308.23
LOC-00287,Miami (Hurricane),25.18744,-80.57929,Steel,305304.46,30530.45,244243.57
LOC-00288,Miami (Hurricane),25.37051,-82.13119,Wood,649556.69,64955.67,649556.69
LOC-00289,Houston (Flood/Wind),29.82739,-94.85386,Masonry,240494.07,12024.7,192395.26
LOC-00290,Miami (Hurricane),25.27849,-81.08012,Wood,473096.9,47309.69,473096.9
LOC-00291,Miami (Hurricane),25.27582,-78.88834,Concrete,429337.35,8586.75,515204.82
LOC-00292,Los Angeles (Quake),36.34985,-117.02922,Wood,50000.0,1000.0,40000.0
LOC-00293,Los Angeles (Quake),33.95302,-119.23852,Wood,415218.35,20760.92,415218.35
LOC-00294,Miami (Hurricane),26.48485,-80.8659,Wood,731645.44,36582.27,731645.44
LOC-00295,Houston (Flood/Wind),29.11316,-95.42868,Wood,140650.84,7032.54,140650.84
LOC-00296,Los Angeles (Quake),33.09317,-117.81455,Concrete,116155.02,5807.75,116155.02
LOC-00297,Miami (Hurricane),26.01568,-80.21733,Wood,648949.24,12978.98,648949.24
LOC-00298,Houston (Flood/Wind),29.68256,-95.07105,Wood,126526.74,6326.34,126526.74
LOC-00299,Houston (Flood/Wind),28.403,-95.63258,Concrete,207411.45,4148.23,207411.45
LOC-00300,Miami (Hurricane),25.17814,-79.24128,Wood,458971.6,22948.58,458971.6
LOC-00301,Los Angeles (Quake),36.47601,-120.44017,Concrete,56068.43,5606.84,56068.43
LOC-00302,Houston (Flood/Wind),31.05815,-95.91631,Steel,160216.76,16021.68,192260.11
LOC-00303,Los Angeles (Quake),33.16924,-117.99929,Steel,274915.61,5498.31,329898.73
LOC-00304,Houston (Flood/Wind),31.17262,-95.00228,Wood,144897.15,7244.86,144897.15
LOC-00305,Houston (Flood/Wind),28.89848,-95.00625,Wood,162412.88,8120.64,194895.45
LOC-00306,Houston (Flood/Wind),30.31909,-95.03132,Wood,199705.41,9985.27,199705.41
LOC-00307,Miami (Hurricane),26.81539,-80.28625,Wood,244955.26,24495.53,244955.26
LOC-00308,Los Angeles (Quake),31.36414,-117.58872,Wood,115857.83,5792.89,92686.26
LOC-00309,Miami (Hurricane),26.44737,-80.32692,Wood,419726.8,41972.68,335781.44
LOC-00310,Miami (Hurricane),24.79056,-79.84834,Wood,393344.63,7866.89,393344.63
LOC-00311,Miami (Hurricane),24.81847,-79.24166,Wood,179500.5,17950.05,179500.5
LOC-00312,Los Angeles (Quake),34.68132,-120.56704,Concrete,304323.62,30432.36,243458.9
LOC-00313,Miami (Hurricane),26.92806,-80.60433,Masonry,531478.76,10629.58,531478.76
LOC-00314,Houston (Flood/Wind),29.16627,-95.0971,Wood,514207.31,51420.73,514207.31
LOC-00315,Los Angeles (Quake),35.3807,-118.38816,Wood,345565.27,17278.26,345565.27
LOC-00316,Miami (Hurricane),25.71094,-80.36929,Steel,409087.55,40908.75,409087.55
LOC-00317,Houston (Flood/Wind),30.49921,-94.75443,Concrete,652562.86,65256.29,652562.86
LOC-00318,Los Angeles (Quake),33.42009,-118.70015,Concrete,202395.92,4047.92,161916.74
LOC-00319,Miami (Hurricane),24.25354,-80.42881,Wood,93556.2,4677.81,74844.96
LOC-00320,Houston (Flood/Wind),28.6926,-94.41949,Steel,1484536.82,148453.68,1781444.18
LOC-00321,Los Angeles (Quake),34.13626,-116.84945,Concrete,379849.49,7596.99,455819.39
LOC-00322,Miami (Hurricane),26.69251,-80.60245,Steel,275880.12,13794.01,220704.09
LOC-00323,Miami (Hurricane),25.34737,-79.99896,Masonry,87516.04,8751.6,87516.04
LOC-00324,Miami (Hurricane),25.67375,-79.04606,Wood,204531.14,20453.11,204531.14
LOC-00325,Los Angeles (Quake),32.977,-119.36076,Wood,664544.88,33227.24,531635.9
LOC-00326,Miami (Hurricane),25.5893,-80.68122,Concrete,258580.72,12929.04,206864.58
LOC-00327,Miami (Hurricane),25.58554,-81.84608,Concrete,59592.18,1191.84,71510.62
LOC-00328,Miami (Hurricane),26.36974,-80.43917,Wood,126480.52,2529.61,126480.52
LOC-00329,Houston (Flood/Wind),29.17962,-94.51609,Wood,757849.12,75784.91,606279.29
LOC-00330,Houston (Flood/Wind),29.84677,-93.46861,Masonry,252543.6,5050.87,303052.32
LOC-00331,Miami (Hurricane),26.94615,-80.75928,Steel,82294.3,1645.89,65835.44
LOC-00332,Miami (Hurricane),26.4301,-79.64151,Concrete,408262.46,20413.12,489914.95
LOC-00333,Houston (Flood/Wind),29.90527,-95.98457,Wood,205144.39,20514.44,205144.39
LOC-00334,Los Angeles (Quake),32.98277,-118.01163,Wood,118347.83,2366.96,94678.27
LOC-00335,Los Angeles (Quake),35.41358,-119.21859,Wood,1014780.7,101478.07,1014780.7
LOC-00336,Miami (Hurricane),26.82327,-80.02642,Steel,573170.55,28658.53,573170.55
LOC-00337,Miami (Hurricane),24.84672,-80.10495,Concrete,50000.0,1000.0,60000.0
LOC-00338,Houston (Flood/Wind),29.11483,-97.32919,Wood,558298.68,11165.97,558298.68
LOC-00339,Miami (Hurricane),25.24472,-78.77155,Wood,104417.16,5220.86,104417.16
LOC-00340,Los Angeles (Quake),32.7387,-119.35848,Wood,50000.0,1000.0,50000.0
LOC-00341,Los Angeles (Quake),33.72529,-118.33359,Wood,1084988.02,21699.76,1084988.02
LOC-00342,Miami (Hurricane),28.23142,-80.43823,Concrete,585171.67,11703.43,585171.67
LOC-00343,Los Angeles (Quake),32.357,-116.78772,Concrete,50000.0,2500.0,60000.0
LOC-00344,Los Angeles (Quake),33.08516,-117.91745,Wood,854362.49,85436.25,854362.49
LOC-00345,Miami (Hurricane),25.72492,-81.10913,Concrete,463371.44,23168.57,463371.44
LOC-00346,Los Angeles (Quake),34.05991,-118.34974,Concrete,185347.73,9267.39,185347.73
LOC-00347,Miami (Hurricane),24.31867,-80.47579,Masonry,538721.71,26936.09,538721.71
LOC-00348,Miami (Hurricane),25.49464,-80.27764,Wood,419876.93,20993.85,419876.93
LOC-00349,Miami (Hurricane),25.90834,-81.13603,Wood,507905.71,50790.57,507905.71
LOC-00350,Los Angeles (Quake),34.65321,-117.59231,Concrete,627040.56,12540.81,627040.56
LOC-00351,Miami (Hurricane),25.81059,-79.79664,Wood,91789.85,9178.98,110147.82
LOC-00352,Houston (Flood/Wind),29.99965,-95.8917,Wood,472037.71,47203.77,472037.71
LOC-00353,Los Angeles (Quake),35.37335,-115.89368,Wood,171456.61,3429.13,137165.29
LOC-00354,Miami (Hurricane),24.74103,-81.41142,Masonry,341439.23,6828.78,341439.23
LOC-00355,Houston (Flood/Wind),29.16579,-97.4677,Concrete,372055.72,7441.11,297644.58
LOC-00356,Miami (Hurricane),27.06491,-80.29149,Masonry,83067.47,4153.37,83067.47
LOC-00357,Los Angeles (Quake),37.26041,-117.0955,Wood,563590.37,56359.04,563590.37
LOC-00358,Miami (Hurricane),25.91164,-79.23663,Wood,191587.94,19158.79,229905.52
LOC-00359,Houston (Flood/Wind),29.56306,-95.52107,Steel,860962.32,86096.23,860962.32
LOC-00360,Houston (Flood/Wind),29.55595,-94.6471,Wood,113283.37,5664.17,135940.04
LOC-00361,Los Angeles (Quake),35.19455,-116.92231,Concrete,101553.73,5077.69,81242.98
LOC-00362,Houston (Flood/Wind),28.38078,-94.41667,Wood,448240.6,44824.06,448240.6
LOC-00363,Miami (Hurricane),26.72911,-81.34345,Concrete,427934.52,8558.69,427934.52
LOC-00364,Houston (Flood/Wind),30.24636,-96.13685,Wood,331643.9,16582.19,331643.9
LOC-00365,Los Angeles (Quake),36.58353,-117.30218,Wood,131148.19,6557.41,131148.19
LOC-00366,Los Angeles (Quake),34.45559,-120.17277,Concrete,125150.87,12515.09,125150.87
LOC-00367,Houston (Flood/Wind),29.60548,-94.66906,Masonry,205969.87,4119.4,164775.89
LOC-00368,Miami (Hurricane),24.15861,-80.51697,Wood,67314.64,6731.46,53851.71
LOC-00369,Houston (Flood/Wind),26.74089,-95.18595,Wood,140236.58,7011.83,140236.58
LOC-00370,Los Angeles (Quake),34.27911,-117.67207,Wood,444840.09,44484.01,444840.09
LOC-00371,Miami (Hurricane),25.94274,-79.84984,Wood,467997.19,9359.94,467997.19
LOC-00372,Miami (Hurricane),26.41149,-80.69275,Wood,272495.94,13624.8,217996.75
LOC-00373,Houston (Flood/Wind),28.79333,-92.93203,Wood,322836.35,16141.82,322836.35
LOC-00374,Los Angeles (Quake),32.78864,-118.43521,Masonry,690362.2,69036.22,828434.64
LOC-00375,Miami (Hurricane),25.70926,-78.60645,Wood,1113198.69,55659.93,1335838.43
LOC-00376,Miami (Hurricane),26.50267,-80.32661,Wood,327580.12,32758.01,262064.1
LOC-00377,Houston (Flood/Wind),32.00153,-95.78008,Masonry,267397.61,26739.76,267397.61
LOC-00378,Miami (Hurricane),24.9857,-80.98879,Wood,252320.84,25232.08,252320.84
LOC-00379,Miami (Hurricane),26.7498,-80.44787,Steel,499921.89,49992.19,399937.51
LOC-00380,Miami (Hurricane),24.85063,-79.65349,Concrete,227654.31,22765.43,227654.31
LOC-00381,Los Angeles (Quake),32.62491,-116.27249,Wood,325231.65,32523.17,325231.65
LOC-00382,Miami (Hurricane),25.64312,-81.58688,Wood,302252.61,15112.63,362703.13
LOC-00383,Miami (Hurricane),25.90289,-80.12594,Concrete,113653.78,5682.69,113653.78
LOC-00384,Miami (Hurricane),26.71797,-79.76135,Wood,257382.66,12869.13,205906.13
LOC-00385,Houston (Flood/Wind),30.47578,-94.65161,Wood,211568.66,10578.43,253882.4
LOC-00386,Miami (Hurricane),25.91549,-80.11031,Wood,1263024.94,63151.25,1263024.94
LOC-00387,Houston (Flood/Wind),30.35142,-93.37855,Steel,451289.74,9025.79,361031.79
LOC-00388,Miami (Hurricane),27.31658,-81.47252,Concrete,117184.28,2343.69,140621.13
LOC-00389,Los Angeles (Quake),33.30828,-115.35485,Concrete,627240.58,12544.81,752688.7
LOC-00390,Los Angeles (Quake),36.17955,-117.23569,Wood,1946569.53,38931.39,1946569.53
LOC-00391,Los Angeles (Quake),33.60196,-118.62496,Wood,397626.83,39762.68,477152.19
LOC-00392,Miami (Hurricane),26.8921,-79.46904,Concrete,285103.87,28510.39,285103.87
LOC-00393,Miami (Hurricane),26.27251,-80.38121,Wood,720236.22,14404.72,720236.22
LOC-00394,Los Angeles (Quake),33.96106,-119.24587,Concrete,2168483.69,108424.18,2168483.69
LOC-00395,Los Angeles (Quake),34.05676,-120.19528,Wood,221895.31,11094.77,221895.31
LOC-00396,Los Angeles (Quake),33.62327,-120.89793,Concrete,1243491.49,62174.57,1492189.79
LOC-00397,Miami (Hurricane),25.4183,-79.72096,Masonry,281520.75,28152.08,337824.9
LOC-00398,Miami (Hurricane),26.02718,-80.84975,Wood,1001449.33,100144.93,1201739.19
LOC-00399,Los Angeles (Quake),33.94152,-117.76151,Steel,129433.28,6471.66,103546.63
LOC-00400,Houston (Flood/Wind),30.80831,-96.32624,Wood,430372.45,21518.62,516446.94
LOC-00401,Los Angeles (Quake),35.41745,-117.82419,Wood,656434.16,65643.42,656434.16
LOC-00402,Miami (Hurricane),24.06837,-80.74834,Wood,90745.0,9074.5,108894.0
LOC-00403,Houston (Flood/Wind),29.74065,-95.85638,Wood,187523.57,18752.36,187523.57
LOC-00404,Los Angeles (Quake),33.27515,-119.02295,Wood,1005810.29,20116.21,1005810.29
LOC-00405,Houston (Flood/Wind),29.86092,-94.78207,Wood,135316.29,2706.33,135316.29
LOC-00406,Los Angeles (Quake),35.00095,-119.69711,Concrete,557247.14,11144.94,557247.14
LOC-00407,Houston (Flood/Wind),28.23413,-95.33722,Concrete,178610.67,3572.21,178610.67
LOC-00408,Miami (Hurricane),26.31075,-79.79836,Wood,1471886.04,73594.3,1471886.04
LOC-00409,Houston (Flood/Wind),29.54245,-96.48045,Masonry,195641.91,9782.1,195641.91
LOC-00410,Houston (Flood/Wind),30.86353,-95.73069,Concrete,50000.0,1000.0,40000.0
LOC-00411,Houston (Flood/Wind),29.3303,-95.28344,Wood,65791.46,6579.15,78949.75
LOC-00412,Miami (Hurricane),25.01669,-79.1793,Wood,185573.08,3711.46,185573.08
LOC-00413,Los Angeles (Quake),33.26865,-116.78764,Wood,50000.0,1000.0,50000.0
LOC-00414,Houston (Flood/Wind),31.00821,-95.537,Wood,522388.09,10447.76,417910.48
LOC-00415,Miami (Hurricane),26.31389,-82.23849,Concrete,90468.23,9046.82,90468.23
LOC-00416,Los Angeles (Quake),32.74921,-117.42845,Wood,85067.98,1701.36,102081.57
LOC-00417,Houston (Flood/Wind),30.61412,-95.13347,Wood,114240.4,2284.81,114240.4
LOC-00418,Houston (Flood/Wind),28.83687,-95.96731,Wood,1112777.68,22255.55,1112777.68
LOC-00419,Houston (Flood/Wind),31.56256,-94.9867,Concrete,407745.39,40774.54,407745.39
LOC-00420,Los Angeles (Quake),35.73412,-117.46316,Wood,59690.0,1193.8,59690.0
LOC-00421,Miami (Hurricane),26.92707,-79.94235,Wood,80357.27,8035.73,80357.27
LOC-00422,Los Angeles (Quake),33.83499,-117.96762,Wood,441416.03,22070.8,353132.82
LOC-00423,Miami (Hurricane),25.46712,-80.55958,Wood,560942.19,11218.84,448753.75
LOC-00424,Miami (Hurricane),26.67461,-81.06516,Wood,182207.29,9110.36,145765.84
LOC-00425,Houston (Flood/Wind),29.36125,-95.06995,Wood,786535.74,78653.57,786535.74
LOC-00426,Houston (Flood/Wind),30.12352,-93.48751,Wood,271015.43,27101.54,325218.51
LOC-00427,Miami (Hurricane),25.61709,-81.75048,Concrete,323567.82,32356.78,323567.82
LOC-00428,Houston (Flood/Wind),29.99033,-94.40231,Wood,153133.41,15313.34,153133.41
LOC-00429,Los Angeles (Quake),34.1359,-119.01142,Wood,95858.51,1917.17,76686.81
LOC-00430,Miami (Hurricane),24.67956,-80.69521,Concrete,1243857.14,124385.71,995085.72
LOC-00431,Los Angeles (Quake),33.75718,-118.98078,Wood,316394.07,15819.7,316394.07
LOC-00432,Los Angeles (Quake),34.00358,-117.73433,Masonry,226818.75,11340.94,272182.5
LOC-00433,Los Angeles (Quake),33.77572,-119.35278,Wood,141102.62,14110.26,112882.09
LOC-00434,Houston (Flood/Wind),31.46192,-96.19832,Wood,138304.84,6915.24,138304.84
LOC-00435,Los Angeles (Quake),33.07132,-117.72089,Wood,238797.23,23879.72,238797.23
LOC-00436,Houston (Flood/Wind),29.03731,-96.66938,Concrete,615218.28,61521.83,615218.28
LOC-00437,Los Angeles (Quake),36.39061,-118.91392,Wood,51647.75,2582.39,61977.3
LOC-00438,Miami (Hurricane),25.89725,-80.29891,Wood,98029.19,9802.92,98029.19
LOC-00439,Miami (Hurricane),26.07426,-81.25298,Wood,113032.91,2260.66,135639.49
LOC-00440,Houston (Flood/Wind),31.45579,-95.69692,Masonry,52915.14,1058.3,63498.17
LOC-00441,Los Angeles (Quake),34.72973,-119.4673,Masonry,113052.65,11305.27,135663.18
LOC-00442,Houston (Flood/Wind),29.61947,-95.01946,Wood,361441.72,36144.17,289153.38
LOC-00443,Houston (Flood/Wind),29.77621,-95.45656,Wood,73698.47,1473.97,58958.78
LOC-00444,Miami (Hurricane),26.31347,-79.90445,Concrete,473516.36,47351.64,378813.09
LOC-00445,Miami (Hurricane),25.56465,-79.63358,Wood,425206.36,21260.32,425206.36
LOC-00446,Los Angeles (Quake),32.43274,-117.64408,Masonry,430198.61,8603.97,430198.61
LOC-00447,Los Angeles (Quake),32.03991,-118.13265,Masonry,713236.28,14264.73,570589.02
LOC-00448,Miami (Hurricane),25.15942,-79.33342,Wood,2852973.94,57059.48,3423568.72
LOC-00449,Miami (Hurricane),26.56116,-80.38146,Wood,267756.58,13387.83,267756.58
LOC-00450,Houston (Flood/Wind),31.03246,-95.91936,Wood,633862.85,12677.26,760635.42
LOC-00451,Los Angeles (Quake),33.22374,-118.23879,Wood,163877.94,8193.9,131102.35
LOC-00452,Miami (Hurricane),26.91661,-79.00162,Masonry,292225.58,14611.28,292225.58
LOC-00453,Miami (Hurricane),25.59456,-79.17746,Wood,1740382.25,34807.64,2088458.7
LOC-00454,Miami (Hurricane),24.17317,-79.35262,Wood,168248.42,16824.84,201898.11
LOC-00455,Los Angeles (Quake),34.15527,-120.90686,Masonry,778307.32,77830.73,622645.86
LOC-00456,Los Angeles (Quake),31.48388,-117.90251,Wood,333644.68,33364.47,266915.75
LOC-00457,Houston (Flood/Wind),28.65738,-95.01078,Wood,467667.4,46766.74,561200.88
LOC-00458,Miami (Hurricane),25.02675,-79.69615,Wood,404630.94,20231.55,323704.75
LOC-00459,Los Angeles (Quake),33.71498,-117.73374,Wood,215989.04,4319.78,215989.04
LOC-00460,Houston (Flood/Wind),29.45192,-96.74742,Concrete,152546.69,15254.67,183056.03
LOC-00461,Miami (Hurricane),24.49291,-81.69574,Wood,794864.31,15897.29,953837.17
LOC-00462,Los Angeles (Quake),35.31846,-117.60747,Wood,50000.0,1000.0,60000.0
LOC-00463,Miami (Hurricane),26.36783,-80.19781,Wood,271080.72,5421.61,325296.86
LOC-00464,Los Angeles (Quake),34.52957,-118.4022,Wood,320217.2,6404.34,256173.76
LOC-00465,Miami (Hurricane),26.58386,-79.93562,Wood,685148.68,68514.87,685148.68
LOC-00466,Miami (Hurricane),25.58302,-79.45947,Wood,784952.06,15699.04,627961.65
LOC-00467,Los Angeles (Quake),33.98846,-116.77542,Wood,211311.19,21131.12,211311.19
LOC-00468,Los Angeles (Quake),35.76839,-118.7417,Concrete,50000.0,2500.0,40000.0
LOC-00469,Los Angeles (Quake),34.00081,-118.17407,Concrete,203678.45,4073.57,203678.45
LOC-00470,Houston (Flood/Wind),30.7011,-95.17826,Concrete,153316.17,7665.81,183979.4
LOC-00471,Miami (Hurricane),25.16106,-80.26669,Wood,1259329.72,125932.97,1259329.72
LOC-00472,Houston (Flood/Wind),30.57154,-94.0804,Concrete,706449.13,70644.91,706449.13
LOC-00473,Los Angeles (Quake),33.58476,-116.98132,Wood,297728.96,5954.58,297728.96
LOC-00474,Los Angeles (Quake),33.35734,-117.39829,Wood,590695.94,29534.8,590695.94
LOC-00475,Miami (Hurricane),25.12092,-78.98666,Wood,85037.29,4251.86,68029.83
LOC-00476,Houston (Flood/Wind),28.15059,-96.63145,Wood,1962655.78,98132.79,2355186.94
LOC-00477,Miami (Hurricane),24.93568,-79.87346,Wood,99924.41,9992.44,79939.53
LOC-00478,Miami (Hurricane),26.50829,-80.48821,Masonry,65803.81,6580.38,52643.05
LOC-00479,Los Angeles (Quake),32.96289,-116.42056,Wood,812879.11,40643.96,650303.29
LOC-00480,Houston (Flood/Wind),30.35718,-94.04994,Concrete,555245.56,27762.28,666294.67
LOC-00481,Miami (Hurricane),24.95105,-79.63085,Wood,626669.28,62666.93,626669.28
LOC-00482,Houston (Flood/Wind),28.52788,-94.63049,Concrete,607033.44,12140.67,728440.13
LOC-00483,Houston (Flood/Wind),29.19879,-96.93349,Steel,418963.4,20948.17,418963.4
LOC-00484,Los Angeles (Quake),35.38564,-119.87309,Wood,194353.75,19435.37,233224.5
LOC-00485,Houston (Flood/Wind),29.29125,-94.72517,Wood,571939.61,28596.98,571939.61
LOC-00486,Miami (Hurricane),26.25168,-78.23223,Wood,82759.72,1655.19,66207.78
LOC-00487,Houston (Flood/Wind),29.72109,-95.5043,Wood,50000.0,1000.0,50000.0
LOC-00488,Los Angeles (Quake),34.82084,-116.64182,Concrete,503706.92,50370.69,503706.92
LOC-00489,Los Angeles (Quake),36.46692,-117.01525,Steel,1374977.86,27499.56,1649973.43
LOC-00490,Houston (Flood/Wind),31.51518,-94.48556,Concrete,864408.69,17288.17,864408.69
LOC-00491,Houston (Flood/Wind),29.44599,-94.41151,Wood,1223158.24,24463.16,1223158.24
LOC-00492,Miami (Hurricane),26.84261,-79.69139,Wood,650327.58,65032.76,650327.58
LOC-00493,Miami (Hurricane),26.71331,-79.2549,Wood,1909949.18,190994.92,1527959.34
LOC-00494,Miami (Hurricane),25.76466,-80.11567,Wood,126937.98,12693.8,126937.98
LOC-00495,Miami (Hurricane),26.212,-80.89565,Wood,695647.53,34782.38,695647.53
LOC-00496,Los Angeles (Quake),34.62063,-117.61601,Wood,1015475.14,50773.76,1015475.14
LOC-00497,Los Angeles (Quake),34.34409,-117.38247,Masonry,332557.28,6651.15,332557.28
LOC-00498,Los Angeles (Quake),35.21503,-116.13713,Wood,1293703.67,64685.18,1293703.67
LOC-00499,Miami (Hurricane),25.11575,-80.311,Wood,86628.55,1732.57,86628.55
LOC-00500,Houston (Flood/Wind),30.38311,-96.38283,Wood,1193043.15,119304.31,954434.52
LOC-00501,Houston (Flood/Wind),29.15719,-96.00633,Wood,1363317.82,136331.78,1635981.38
LOC-00502,Los Angeles (Quake),35.74123,-118.66857,Wood,113112.19,2262.24,90489.75
LOC-00503,Los Angeles (Quake),33.25266,-118.45693,Concrete,224858.33,11242.92,224858.33
LOC-00504,Houston (Flood/Wind),28.21178,-97.07201,Wood,168920.64,8446.03,202704.77
LOC-00505,Los Angeles (Quake),32.35423,-119.80357,Wood,327517.68,16375.88,327517.68
LOC-00506,Houston (Flood/Wind),30.04713,-94.79667,Wood,50000.0,1000.0,50000.0
LOC-00507,Los Angeles (Quake),34.19193,-118.36495,Wood,257620.83,25762.08,257620.83
LOC-00508,Miami (Hurricane),25.91309,-81.14049,Wood,50000.0,2500.0,50000.0
LOC-00509,Miami (Hurricane),25.4304,-79.54709,Wood,203031.54,20303.15,243637.85
LOC-00510,Los Angeles (Quake),35.06639,-115.7167,Wood,181113.43,9055.67,181113.43
LOC-00511,Houston (Flood/Wind),29.96567,-95.6321,Concrete,131414.14,6570.71,157696.97
LOC-00512,Miami (Hurricane),27.11384,-78.66849,Wood,1364036.55,136403.66,1364036.55
LOC-00513,Houston (Flood/Wind),29.8557,-95.19927,Wood,338606.83,33860.68,406328.19
LOC-00514,Los Angeles (Quake),33.7885,-118.90162,Masonry,617437.98,61743.8,493950.39
LOC-00515,Los Angeles (Quake),35.51375,-118.85954,Wood,301393.83,30139.38,361672.59
LOC-00516,Houston (Flood/Wind),28.9155,-92.89041,Wood,2590030.46,51800.61,3108036.55
LOC-00517,Houston (Flood/Wind),29.17958,-95.23935,Wood,124564.51,2491.29,149477.41
LOC-00518,Miami (Hurricane),25.06059,-80.9916,Masonry,122574.93,12257.49,122574.93
LOC-00519,Los Angeles (Quake),34.56775,-116.60552,Concrete,563629.73,56362.97,563629.73
LOC-00520,Los Angeles (Quake),35.25078,-115.91667,Masonry,66104.83,3305.24,79325.8
LOC-00521,Los Angeles (Quake),33.59017,-117.78411,Concrete,147359.95,14735.99,147359.95
LOC-00522,Houston (Flood/Wind),28.6504,-95.34852,Wood,651304.37,65130.44,651304.37
LOC-00523,Los Angeles (Quake),31.55126,-116.17406,Wood,56775.94,5677.59,56775.94
LOC-00524,Miami (Hurricane),25.5205,-80.08685,Concrete,292561.01,29256.1,292561.01
LOC-00525,Miami (Hurricane),24.75874,-79.82167,Concrete,1816476.89,36329.54,1816476.89
LOC-00526,Miami (Hurricane),26.45302,-80.03018,Masonry,332681.27,16634.06,332681.27
LOC-00527,Los Angeles (Quake),35.89283,-118.07829,Concrete,220864.07,22086.41,220864.07
LOC-00528,Houston (Flood/Wind),29.69621,-95.24985,Wood,179662.58,8983.13,179662.58
LOC-00529,Los Angeles (Quake),35.10042,-120.03442,Wood,50000.0,1000.0,50000.0
LOC-00530,Los Angeles (Quake),34.16363,-115.9125,Wood,165370.38,16537.04,165370.38
LOC-00531,Los Angeles (Quake),33.25513,-117.18578,Concrete,627943.43,31397.17,627943.43
LOC-00532,Miami (Hurricane),25.39813,-79.67942,Concrete,221792.36,4435.85,221792.36
LOC-00533,Houston (Flood/Wind),29.84561,-98.36094,Concrete,2138547.77,106927.39,2138547.77
LOC-00534,Los Angeles (Quake),33.60547,-118.91035,Concrete,112231.83,11223.18,89785.46
LOC-00535,Houston (Flood/Wind),30.86725,-95.48386,Concrete,555197.96,27759.9,555197.96
LOC-00536,Houston (Flood/Wind),30.20367,-96.41313,Concrete,92691.62,4634.58,74153.3
LOC-00537,Los Angeles (Quake),33.41743,-119.51157,Wood,337497.75,16874.89,404997.3
LOC-00538,Houston (Flood/Wind),31.47307,-94.59403,Wood,1058180.44,52909.02,1269816.53
LOC-00539,Los Angeles (Quake),33.71942,-117.38551,Wood,462073.56,46207.36,462073.56
LOC-00540,Los Angeles (Quake),34.29197,-117.44604,Concrete,293892.4,29389.24,352670.87
LOC-00541,Miami (Hurricane),25.17647,-80.39049,Wood,370447.46,18522.37,296357.97
LOC-00542,Houston (Flood/Wind),29.53733,-94.94646,Concrete,2149543.18,107477.16,2579451.82
LOC-00543,Houston (Flood/Wind),30.153,-93.7793,Concrete,1054028.25,105402.82,1054028.25
LOC-00544,Miami (Hurricane),25.47667,-80.65144,Concrete,176334.24,3526.68,176334.24
LOC-00545,Miami (Hurricane),24.54527,-80.37893,Wood,436278.59,21813.93,436278.59
LOC-00546,Miami (Hurricane),24.52386,-80.39446,Steel,310718.08,15535.9,248574.46
LOC-00547,Miami (Hurricane),24.81426,-80.03394,Wood,538781.44,53878.14,646537.73
LOC-00548,Houston (Flood/Wind),29.52123,-95.78123,Wood,850773.09,17015.46,850773.09
LOC-00549,Los Angeles (Quake),33.41223,-117.97286,Wood,509098.7,25454.93,509098.7
LOC-00550,Los Angeles (Quake),34.23097,-117.69949,Masonry,100479.19,2009.58,80383.36
LOC-00551,Los Angeles (Quake),33.52424,-117.58406,Concrete,1264578.82,126457.88,1264578.82
LOC-00552,Houston (Flood/Wind),29.8301,-95.58625,Wood,142873.31,7143.67,142873.31
LOC-00553,Miami (Hurricane),26.49169,-80.30483,Masonry,1323841.76,66192.09,1323841.76
LOC-00554,Los Angeles (Quake),33.62411,-119.32781,Wood,132155.2,13215.52,132155.2
LOC-00555,Los Angeles (Quake),33.52629,-118.88949,Wood,156203.69,15620.37,156203.69
LOC-00556,Houston (Flood/Wind),30.04162,-95.14454,Wood,536446.84,53644.68,536446.84
LOC-00557,Los Angeles (Quake),36.44003,-117.82257,Wood,582541.38,11650.83,699049.65
LOC-00558,Los Angeles (Quake),34.71585,-116.80306,Wood,308772.45,6175.45,308772.45
LOC-00559,Los Angeles (Quake),34.41894,-120.17889,Wood,232359.64,23235.96,232359.64
LOC-00560,Los Angeles (Quake),34.29579,-118.35705,Wood,408239.78,8164.8,408239.78
LOC-00561,Los Angeles (Quake),33.67976,-119.40642,Wood,1184959.6,23699.19,1184959.6
LOC-00562,Houston (Flood/Wind),29.5187,-97.70755,Wood,68409.59,1368.19,68409.59
LOC-00563,Houston (Flood/Wind),29.56388,-94.42063,Wood,323451.48,32345.15,258761.18
LOC-00564,Los Angeles (Quake),32.78609,-119.25227,Concrete,214326.19,10716.31,214326.19
LOC-00565,Los Angeles (Quake),34.00519,-118.31877,Wood,238169.41,4763.39,238169.41
LOC-00566,Miami (Hurricane),25.98058,-80.66692,Concrete,241295.72,4825.91,241295.72
LOC-00567,Los Angeles (Quake),34.57286,-117.43744,Masonry,134406.69,13440.67,134406.69
LOC-00568,Miami (Hurricane),26.59781,-80.28802,Concrete,272700.47,27270.05,272700.47
LOC-00569,Houston (Flood/Wind),30.23387,-95.63744,Wood,142883.01,2857.66,142883.01
LOC-00570,Miami (Hurricane),25.81764,-80.75179,Wood,92277.5,1845.55,92277.5
LOC-00571,Los Angeles (Quake),35.06258,-118.68675,Concrete,528268.27,10565.37,528268.27
LOC-00572,Miami (Hurricane),25.14167,-81.73753,Wood,136559.93,6828.0,136559.93
LOC-00573,Houston (Flood/Wind),29.10934,-96.00375,Wood,296536.38,5930.73,296536.38
LOC-00574,Los Angeles (Quake),35.0911,-116.20599,Concrete,112975.76,5648.79,135570.91
LOC-00575,Houston (Flood/Wind),28.81465,-94.76155,Wood,452885.68,45288.57,452885.68
LOC-00576,Miami (Hurricane),25.50123,-80.56711,Concrete,64334.51,6433.45,51467.61
LOC-00577,Miami (Hurricane),24.99847,-80.10359,Concrete,428406.04,21420.3,428406.04
LOC-00578,Miami (Hurricane),27.42672,-79.99508,Concrete,50000.0,2500.0,50000.0
LOC-00579,Miami (Hurricane),27.57427,-80.09871,Masonry,185938.7,9296.94,185938.7
LOC-00580,Los Angeles (Quake),35.84953,-117.38845,Steel,50000.0,2500.0,60000.0
LOC-00581,Houston (Flood/Wind),30.68845,-94.82697,Wood,103536.93,5176.85,103536.93
LOC-00582,Los Angeles (Quake),33.23981,-117.16322,Wood,421352.61,21067.63,421352.61
LOC-00583,Miami (Hurricane),24.95668,-80.46698,Concrete,531613.72,10632.27,637936.47
LOC-00584,Miami (Hurricane),25.71734,-81.19354,Wood,577122.31,11542.45,461697.84
LOC-00585,Los Angeles (Quake),33.7088,-120.78154,Masonry,176679.11,3533.58,176679.11
LOC-00586,Miami (Hurricane),24.14105,-81.04848,Wood,1814678.88,90733.94,1814678.88
LOC-00587,Los Angeles (Quake),34.31513,-118.15113,Concrete,322774.91,6455.5,387329.89
LOC-00588,Los Angeles (Quake),35.1777,-116.78413,Concrete,317152.88,15857.64,317152.88
LOC-00589,Los Angeles (Quake),34.58177,-119.12349,Wood,1796874.37,35937.49,1437499.5
LOC-00590,Miami (Hurricane),25.95756,-79.8977,Wood,311168.37,6223.37,311168.37
LOC-00591,Houston (Flood/Wind),29.53724,-94.82619,Concrete,152607.23,3052.14,183128.68
LOC-00592,Houston (Flood/Wind),29.68931,-97.3398,Concrete,545096.8,10901.94,436077.44
LOC-00593,Los Angeles (Quake),34.32994,-117.46791,Concrete,1245625.93,124562.59,1245625.93
LOC-00594,Miami (Hurricane),25.23614,-81.11354,Concrete,320626.04,6412.52,320626.04
LOC-00595,Houston (Flood/Wind),29.88351,-94.44547,Wood,1275337.25,25506.75,1275337.25
LOC-00596,Houston (Flood/Wind),28.67333,-95.69992,Wood,217147.69,21714.77,217147.69
LOC-00597,Houston (Flood/Wind),29.72889,-95.09506,Wood,962188.24,48109.41,1154625.89
LOC-00598,Houston (Flood/Wind),30.09842,-95.4909,Steel,50000.0,1000.0,50000.0
LOC-00599,Miami (Hurricane),25.02816,-79.9305,Wood,806792.18,16135.84,806792.18
LOC-00600,Houston (Flood/Wind),30.82177,-93.60861,Wood,268253.13,5365.06,321903.76
LOC-00601,Miami (Hurricane),25.39406,-81.58229,Wood,186938.92,9346.95,186938.92
LOC-00602,Houston (Flood/Wind),30.17685,-92.81511,Wood,141182.03,14118.2,141182.03
LOC-00603,Houston (Flood/Wind),28.21144,-95.11182,Wood,1925823.59,96291.18,1925823.59
LOC-00604,Los Angeles (Quake),34.02884,-119.40264,Masonry,411196.7,41119.67,411196.7
LOC-00605,Los Angeles (Quake),35.26504,-117.34485,Wood,281222.25,5624.45,224977.8
LOC-00606,Miami (Hurricane),26.31929,-79.57884,Wood,737052.07,36852.6,737052.07
LOC-00607,Houston (Flood/Wind),29.96355,-94.87302,Wood,608119.86,12162.4,608119.86
LOC-00608,Houston (Flood/Wind),27.65355,-95.45784,Concrete,376341.59,37634.16,301073.27
LOC-00609,Los Angeles (Quake),34.602,-119.41937,Masonry,50000.0,1000.0,60000.0
LOC-00610,Houston (Flood/Wind),29.0744,-95.06171,Concrete,260306.36,26030.64,312367.63
LOC-00611,Los Angeles (Quake),33.42114,-118.0304,Wood,318866.18,15943.31,255092.94
LOC-00612,Miami (Hurricane),26.17039,-80.64752,Wood,124717.63,6235.88,124717.63
LOC-00613,Miami (Hurricane),25.53785,-80.96343,Concrete,115798.68,5789.93,115798.68
LOC-00614,Miami (Hurricane),26.30285,-80.28886,Concrete,178518.94,3570.38,178518.94
LOC-00615,Los Angeles (Quake),36.43872,-117.84276,Wood,204875.85,4097.52,204875.85
LOC-00616,Houston (Flood/Wind),29.47104,-95.69409,Wood,682791.74,68279.17,682791.74
LOC-00617,Houston (Flood/Wind),28.32746,-95.35787,Wood,66706.24,6670.62,80047.49
LOC-00618,Miami (Hurricane),24.95287,-80.9783,Wood,53167.08,2658.35,53167.08
LOC-00619,Miami (Hurricane),26.08066,-80.58319,Wood,622089.19,62208.92,746507.03
LOC-00620,Miami (Hurricane),25.47715,-81.7369,Wood,640656.68,64065.67,768788.02
LOC-00621,Los Angeles (Quake),33.78762,-118.56124,Wood,386253.9,38625.39,386253.9
LOC-00622,Houston (Flood/Wind),29.98686,-95.04396,Wood,898379.46,17967.59,898379.46
LOC-00623,Houston (Flood/Wind),31.00155,-94.79611,Wood,452367.71,22618.39,452367.71
LOC-00624,Houston (Flood/Wind),29.66248,-94.26687,Concrete,1858574.47,37171.49,2230289.36
LOC-00625,Los Angeles (Quake),35.00165,-118.85361,Wood,1124526.29,112452.63,1124526.29
LOC-00626,Houston (Flood/Wind),28.31767,-96.22883,Wood,605341.5,60534.15,726409.8
LOC-00627,Miami (Hurricane),23.86055,-80.46275,Wood,273434.96,5468.7,273434.96
LOC-00628,Miami (Hurricane),24.82438,-79.34736,Masonry,4200537.41,84010.75,4200537.41
LOC-00629,Los Angeles (Quake),34.26254,-119.84777,Wood,164720.72,3294.41,164720.72
LOC-00630,Miami (Hurricane),26.41847,-81.50188,Wood,302428.53,30242.85,362914.24
LOC-00631,Houston (Flood/Wind),29.49786,-95.87117,Wood,845378.06,16907.56,845378.06
LOC-00632,Miami (Hurricane),25.17888,-79.76859,Concrete,284063.89,5681.28,340876.66
LOC-00633,Miami (Hurricane),26.2583,-79.35965,Wood,606524.88,60652.49,727829.85
LOC-00634,Los Angeles (Quake),33.99449,-116.48395,Wood,955907.53,95590.75,1147089.04
LOC-00635,Los Angeles (Quake),34.10647,-118.18226,Concrete,58261.94,5826.19,58261.94
LOC-00636,Los Angeles (Quake),32.00964,-118.96929,Wood,612758.62,12255.17,612758.62
LOC-00637,Houston (Flood/Wind),29.20978,-93.29212,Wood,837967.65,41898.38,837967.65
LOC-00638,Houston (Flood/Wind),31.73066,-96.37086,Concrete,202059.06,20205.91,242470.87
LOC-00639,Los Angeles (Quake),33.35406,-119.65236,Wood,50000.0,2500.0,60000.0
LOC-00640,Houston (Flood/Wind),29.239,-96.61532,Wood,129321.79,12932.18,129321.79
LOC-00641,Miami (Hurricane),25.33232,-79.61891,Wood,281185.94,28118.59,224948.75
LOC-00642,Miami (Hurricane),25.67598,-79.0906,Wood,367005.51,7340.11,440406.61
LOC-00643,Miami (Hurricane),25.44319,-80.68134,Wood,379537.99,7590.76,379537.99
LOC-00644,Los Angeles (Quake),37.06607,-117.24023,Concrete,225674.03,11283.7,270808.84
LOC-00645,Houston (Flood/Wind),30.40094,-95.24672,Concrete,110060.06,5503.0,88048.05
LOC-00646,Miami (Hurricane),25.71223,-80.48201,Wood,154575.7,3091.51,185490.83
LOC-00647,Miami (Hurricane),25.94496,-79.33235,Steel,939486.68,93948.67,751589.34
LOC-00648,Los Angeles (Quake),34.5222,-118.07049,Concrete,613319.65,30665.98,613319.65
LOC-00649,Houston (Flood/Wind),28.63944,-97.38855,Wood,134748.8,2694.98,134748.8
LOC-00650,Houston (Flood/Wind),29.90315,-94.45381,Wood,567709.96,28385.5,567709.96
LOC-00651,Miami (Hurricane),26.83124,-79.24575,Wood,2686201.72,134310.09,2686201.72
LOC-00652,Miami (Hurricane),24.57814,-80.9705,Steel,734638.14,73463.81,587710.52
LOC-00653,Los Angeles (Quake),33.06348,-119.10663,Concrete,268387.38,5367.75,268387.38
LOC-00654,Miami (Hurricane),26.68219,-80.81568,Wood,791737.21,79173.72,950084.65
LOC-00655,Houston (Flood/Wind),28.22006,-96.76359,Steel,225998.23,22599.82,180798.58
LOC-00656,Miami (Hurricane),25.62412,-79.23599,Wood,656479.79,32823.99,656479.79
LOC-00657,Los Angeles (Quake),33.60243,-118.78445,Wood,77329.04,7732.9,61863.23
LOC-00658,Houston (Flood/Wind),31.42471,-94.94825,Wood,350395.71,7007.91,350395.71
LOC-00659,Los Angeles (Quake),33.82401,-118.17561,Wood,205432.68,20543.27,205432.68
LOC-00660,Houston (Flood/Wind),30.22354,-95.74714,Steel,549785.55,54978.56,549785.55
LOC-00661,Los Angeles (Quake),34.57629,-118.5317,Concrete,174649.23,17464.92,139719.39
LOC-00662,Los Angeles (Quake),35.11186,-118.05111,Concrete,2452285.58,122614.28,2452285.58
LOC-00663,Houston (Flood/Wind),28.92852,-95.47903,Wood,181218.26,9060.91,181218.26
LOC-00664,Houston (Flood/Wind),30.45252,-94.96788,Wood,130357.59,6517.88,130357.59
LOC-00665,Houston (Flood/Wind),29.69571,-95.29693,Concrete,218878.68,10943.93,218878.68
LOC-00666,Houston (Flood/Wind),31.56692,-95.03091,Wood,192117.71,9605.89,192117.71
LOC-00667,Miami (Hurricane),27.74985,-79.97998,Wood,391919.03,39191.9,391919.03
LOC-00668,Los Angeles (Quake),34.5056,-116.78187,Wood,772485.34,15449.71,772485.34
LOC-00669,Houston (Flood/Wind),28.20789,-94.47204,Wood,218853.77,10942.69,218853.77
LOC-00670,Houston (Flood/Wind),29.17809,-96.28612,Masonry,116201.3,2324.03,116201.3
LOC-00671,Miami (Hurricane),26.10095,-80.16024,Wood,68304.51,3415.23,68304.51
LOC-00672,Los Angeles (Quake),32.54825,-118.85668,Concrete,257573.57,5151.47,257573.57
LOC-00673,Los Angeles (Quake),30.90911,-119.92018,Steel,50000.0,1000.0,60000.0
LOC-00674,Los Angeles (Quake),36.61416,-117.63143,Wood,165249.1,3304.98,165249.1
LOC-00675,Miami (Hurricane),25.92356,-79.75813,Wood,633248.63,12664.97,633248.63
LOC-00676,Houston (Flood/Wind),29.29234,-96.77891,Concrete,178325.19,8916.26,178325.19
LOC-00677,Houston (Flood/Wind),30.58978,-94.46922,Steel,106533.37,2130.67,106533.37
LOC-00678,Miami (Hurricane),26.37568,-81.1786,Wood,60497.82,3024.89,48398.25
LOC-00679,Houston (Flood/Wind),31.01324,-95.81802,Wood,1802046.48,90102.32,1441637.18
LOC-00680,Houston (Flood/Wind),29.15501,-94.66562,Concrete,823332.07,41166.6,823332.07
LOC-00681,Houston (Flood/Wind),29.17517,-94.36414,Wood,666404.11,33320.21,533123.29
LOC-00682,Los Angeles (Quake),33.19998,-117.89761,Wood,152864.62,15286.46,152864.62
LOC-00683,Los Angeles (Quake),34.84984,-118.90721,Wood,92615.37,9261.54,92615.37
LOC-00684,Los Angeles (Quake),33.10438,-120.36898,Wood,430000.81,21500.04,516000.98
LOC-00685,Los Angeles (Quake),34.36891,-116.21378,Wood,954192.8,47709.64,763354.24
LOC-00686,Los Angeles (Quake),32.88127,-119.3484,Wood,163981.62,8199.08,163981.62
LOC-00687,Houston (Flood/Wind),29.94146,-94.06652,Concrete,219055.97,4381.12,219055.97
LOC-00688,Miami (Hurricane),25.93798,-80.18442,Concrete,944946.29,94494.63,944946.29
LOC-00689,Miami (Hurricane),24.96701,-81.0045,Wood,681971.81,68197.18,681971.81
LOC-00690,Los Angeles (Quake),31.37227,-118.85859,Wood,109317.56,5465.88,87454.05
LOC-00691,Miami (Hurricane),25.89242,-81.1483,Concrete,75773.32,7577.33,75773.32
LOC-00692,Miami (Hurricane),24.32721,-80.49805,Concrete,237108.01,23710.8,189686.41
LOC-00693,Miami (Hurricane),26.08448,-80.63129,Concrete,256557.21,12827.86,307868.66
LOC-00694,Los Angeles (Quake),34.2712,-117.49496,Wood,985095.78,19701.92,788076.62
LOC-00695,Miami (Hurricane),26.70721,-79.80707,Concrete,76926.43,3846.32,76926.43
LOC-00696,Houston (Flood/Wind),28.65242,-94.83244,Wood,676312.27,13526.25,541049.82
LOC-00697,Los Angeles (Quake),34.13904,-117.98625,Wood,308111.54,30811.15,308111.54
LOC-00698,Miami (Hurricane),26.31508,-80.29543,Wood,67153.94,6715.39,67153.94
LOC-00699,Los Angeles (Quake),33.65867,-117.2824,Wood,186184.62,3723.69,186184.62
LOC-00700,Miami (Hurricane),25.64066,-80.77099,Concrete,220711.05,4414.22,176568.84
LOC-00701,Miami (Hurricane),25.5068,-79.32601,Concrete,156737.14,3134.74,188084.57
LOC-00702,Los Angeles (Quake),35.33443,-117.86027,Steel,1402290.13,70114.51,1682748.16
LOC-00703,Miami (Hurricane),25.38551,-80.53505,Masonry,89557.1,1791.14,107468.52
LOC-00704,Houston (Flood/Wind),28.28348,-95.36909,Wood,225156.54,22515.65,225156.54
LOC-00705,Miami (Hurricane),25.75485,-81.78303,Concrete,1892299.39,94614.97,1892299.39
LOC-00706,Miami (Hurricane),25.65871,-80.65251,Wood,50000.0,2500.0,50000.0
LOC-00707,Miami (Hurricane),25.27956,-81.59179,Wood,637658.69,31882.93,637658.69
LOC-00708,Miami (Hurricane),26.28778,-81.5228,Wood,766144.0,15322.88,612915.2
LOC-00709,Miami (Hurricane),26.83649,-81.64167,Wood,181907.79,18190.78,145526.23
LOC-00710,Los Angeles (Quake),36.87412,-119.94202,Wood,333879.04,16693.95,267103.23
LOC-00711,Miami (Hurricane),25.08641,-80.39671,Wood,1325261.74,66263.09,1060209.39
LOC-00712,Los Angeles (Quake),32.2869,-116.0171,Wood,335787.82,16789.39,335787.82
LOC-00713,Los Angeles (Quake),30.75098,-117.73529,Concrete,260292.08,5205.84,208233.66
LOC-00714,Los Angeles (Quake),33.92929,-117.74306,Steel,142418.65,7120.93,142418.65
LOC-00715,Houston (Flood/Wind),30.6479,-94.60895,Masonry,50000.0,1000.0,60000.0
LOC-00716,Los Angeles (Quake),35.08929,-120.12245,Concrete,748568.49,74856.85,748568.49
LOC-00717,Houston (Flood/Wind),31.1352,-96.46659,Wood,459930.75,9198.62,551916.91
LOC-00718,Miami (Hurricane),26.35056,-81.12583,Concrete,451600.43,9032.01,541920.51
LOC-00719,Miami (Hurricane),26.65517,-80.04267,Wood,483425.59,24171.28,483425.59
LOC-00720,Los Angeles (Quake),33.95149,-120.27105,Concrete,325565.95,16278.3,260452.76
LOC-00721,Miami (Hurricane),26.22578,-79.75703,Wood,753945.21,15078.9,753945.21
LOC-00722,Los Angeles (Quake),35.26642,-117.8169,Wood,324999.0,16249.95,389998.8
LOC-00723,Houston (Flood/Wind),29.3114,-95.38188,Concrete,54934.58,1098.69,54934.58
LOC-00724,Los Angeles (Quake),33.25663,-118.95304,Wood,575653.34,28782.67,575653.34
LOC-00725,Miami (Hurricane),25.15347,-78.64583,Wood,50000.0,5000.0,50000.0
LOC-00726,Houston (Flood/Wind),30.5115,-97.43488,Wood,276083.21,13804.16,331299.85
LOC-00727,Los Angeles (Quake),34.76843,-118.52247,Concrete,1388005.19,138800.52,1388005.19
LOC-00728,Miami (Hurricane),26.05022,-78.27919,Concrete,391246.12,7824.92,391246.12
LOC-00729,Los Angeles (Quake),33.46627,-117.48371,Concrete,1296773.06,64838.65,1296773.06
LOC-00730,Miami (Hurricane),25.78473,-79.24976,Wood,216949.82,4339.0,260339.79
LOC-00731,Los Angeles (Quake),35.253,-117.85526,Wood,74373.5,1487.47,74373.5
LOC-00732,Miami (Hurricane),26.81553,-80.01787,Masonry,193566.52,9678.33,193566.52
LOC-00733,Miami (Hurricane),27.04053,-79.5501,Wood,129488.53,12948.85,129488.53
LOC-00734,Houston (Flood/Wind),31.90888,-96.11718,Concrete,157729.39,7886.47,189275.27
LOC-00735,Miami (Hurricane),26.4606,-80.21612,Wood,53322.48,1066.45,53322.48
LOC-00736,Los Angeles (Quake),34.41178,-119.38969,Wood,278384.42,13919.22,278384.42
LOC-00737,Los Angeles (Quake),35.69625,-120.20315,Concrete,425181.59,42518.16,425181.59
LOC-00738,Miami (Hurricane),25.91757,-79.42221,Wood,211713.25,10585.66,211713.25
LOC-00739,Miami (Hurricane),25.02898,-81.10259,Wood,2083531.67,208353.17,2083531.67
LOC-00740,Miami (Hurricane),25.533,-81.18009,Wood,156496.04,3129.92,187795.25
LOC-00741,Houston (Flood/Wind),29.39728,-97.37726,Concrete,200779.5,4015.59,200779.5
LOC-00742,Houston (Flood/Wind),29.39877,-94.05863,Steel,214417.65,4288.35,214417.65
LOC-00743,Miami (Hurricane),25.5968,-79.58354,Wood,89445.03,4472.25,89445.03
LOC-00744,Miami (Hurricane),26.8981,-79.204,Wood,95611.15,9561.12,95611.15
LOC-00745,Houston (Flood/Wind),30.40976,-94.5586,Concrete,59860.86,2993.04,59860.86
LOC-00746,Houston (Flood/Wind),28.98156,-94.01873,Masonry,650952.0,32547.6,650952.0
LOC-00747,Miami (Hurricane),26.60559,-80.34131,Concrete,844103.29,16882.07,675282.63
LOC-00748,Houston (Flood/Wind),28.98303,-93.74016,Concrete,184854.52,3697.09,184854.52
LOC-00749,Los Angeles (Quake),35.80205,-119.63985,Concrete,1617389.4,80869.47,1293911.52
LOC-00750,Los Angeles (Quake),35.00858,-119.3006,Wood,1621277.57,32425.55,1621277.57
LOC-00751,Houston (Flood/Wind),29.8797,-95.43676,Concrete,278870.74,27887.07,278870.74
LOC-00752,Houston (Flood/Wind),31.20099,-94.4785,Wood,269474.72,5389.49,323369.66
LOC-00753,Houston (Flood/Wind),30.4538,-95.45897,Wood,1354589.87,27091.8,1354589.87
LOC-00754,Miami (Hurricane),25.63801,-79.69168,Concrete,392077.83,19603.89,470493.4
LOC-00755,Houston (Flood/Wind),29.21604,-94.43846,Wood,931479.92,93147.99,1117775.9
LOC-00756,Los Angeles (Quake),34.0643,-118.1796,Wood,72150.6,7215.06,86580.72
LOC-00757,Houston (Flood/Wind),30.90203,-95.81195,Concrete,50000.0,5000.0,60000.0
LOC-00758,Los Angeles (Quake),33.45013,-116.06761,Masonry,190445.46,19044.55,228534.55
LOC-00759,Miami (Hurricane),24.98398,-79.40594,Concrete,166248.91,16624.89,166248.91
LOC-00760,Miami (Hurricane),26.04928,-80.24891,Wood,553821.1,27691.06,443056.88
LOC-00761,Miami (Hurricane),26.07834,-79.98096,Wood,50000.0,2500.0,40000.0
LOC-00762,Miami (Hurricane),27.87186,-80.24464,Masonry,1197617.73,59880.89,1197617.73
LOC-00763,Los Angeles (Quake),34.34459,-119.55195,Wood,136514.49,2730.29,163817.39
LOC-00764,Houston (Flood/Wind),28.18882,-95.76814,Wood,877971.82,17559.44,1053566.19
LOC-00765,Los Angeles (Quake),36.24039,-118.52918,Wood,120480.41,2409.61,96384.33
LOC-00766,Miami (Hurricane),24.75016,-80.15541,Concrete,468989.86,46898.99,468989.86
LOC-00767,Houston (Flood/Wind),30.85546,-94.54052,Concrete,419767.2,8395.34,419767.2
LOC-00768,Los Angeles (Quake),33.68272,-118.8648,Wood,199135.45,9956.77,159308.36
LOC-00769,Houston (Flood/Wind),28.18952,-94.01423,Wood,180535.67,18053.57,180535.67
LOC-00770,Miami (Hurricane),24.85698,-80.25966,Wood,1214825.11,60741.26,1214825.11
LOC-00771,Houston (Flood/Wind),31.02417,-96.36622,Concrete,118505.69,11850.57,118505.69
LOC-00772,Los Angeles (Quake),34.98314,-118.17848,Wood,70022.58,7002.26,70022.58
LOC-00773,Los Angeles (Quake),35.08053,-117.81763,Concrete,584733.04,29236.65,584733.04
LOC-00774,Los Angeles (Quake),33.94269,-118.71473,Wood,145927.5,2918.55,145927.5
LOC-00775,Houston (Flood/Wind),30.5632,-92.47328,Wood,165342.29,8267.11,165342.29
LOC-00776,Los Angeles (Quake),35.15995,-119.58919,Wood,679702.16,33985.11,679702.16
LOC-00777,Houston (Flood/Wind),28.18695,-96.59088,Wood,50000.0,2500.0,50000.0
LOC-00778,Los Angeles (Quake),33.93066,-118.14155,Wood,1322392.89,132239.29,1322392.89
LOC-00779,Los Angeles (Quake),33.51549,-116.6242,Concrete,188310.45,18831.05,188310.45
LOC-00780,Los Angeles (Quake),35.30081,-117.84746,Wood,266900.85,13345.04,266900.85
LOC-00781,Houston (Flood/Wind),28.27634,-95.57827,Concrete,152281.95,15228.19,182738.34
LOC-00782,Los Angeles (Quake),32.70798,-118.70237,Concrete,135876.83,6793.84,135876.83
LOC-00783,Miami (Hurricane),24.84804,-80.16866,Steel,214404.11,4288.08,257284.94
LOC-00784,Los Angeles (Quake),35.27752,-119.84408,Wood,119162.24,2383.24,119162.24
LOC-00785,Los Angeles (Quake),33.56103,-117.03659,Wood,180521.38,3610.43,180521.38
LOC-00786,Miami (Hurricane),25.62653,-80.75139,Concrete,545010.49,54501.05,545010.49
LOC-00787,Los Angeles (Quake),35.17668,-118.95061,Wood,1468035.96,146803.6,1761643.15
LOC-00788,Miami (Hurricane),25.44026,-80.06309,Wood,106660.62,5333.03,85328.5
LOC-00789,Miami (Hurricane),26.09939,-78.94629,Wood,50000.0,5000.0,60000.0
LOC-00790,Los Angeles (Quake),33.67138,-117.85459,Concrete,2618842.73,261884.27,3142611.27
LOC-00791,Houston (Flood/Wind),30.16612,-95.56202,Concrete,171136.78,3422.74,171136.78
LOC-00792,Houston (Flood/Wind),29.91373,-95.77748,Concrete,50000.0,5000.0,50000.0
LOC-00793,Los Angeles (Quake),34.83152,-117.54557,Wood,364909.1,7298.18,437890.92
LOC-00794,Miami (Hurricane),25.10201,-80.6691,Wood,2186777.02,218677.7,2186777.02
LOC-00795,Los Angeles (Quake),31.77649,-118.2528,Wood,202601.18,10130.06,202601.18
LOC-00796,Los Angeles (Quake),33.81452,-118.14917,Wood,769826.86,76982.69,923792.23
LOC-00797,Houston (Flood/Wind),28.71057,-95.55187,Wood,67569.2,1351.38,67569.2
LOC-00798,Los Angeles (Quake),35.3375,-118.97267,Wood,179088.97,8954.45,214906.77
LOC-00799,Houston (Flood/Wind),30.22314,-98.41573,Wood,211446.85,10572.34,211446.85
LOC-00800,Miami (Hurricane),24.76887,-79.32776,Wood,688856.68,68885.67,688856.68
LOC-00801,Houston (Flood/Wind),30.03297,-95.9847,Steel,5194487.14,519448.71,4155589.71
LOC-00802,Miami (Hurricane),26.62223,-79.77196,Concrete,1197101.36,59855.07,1197101.36
LOC-00803,Los Angeles (Quake),33.60467,-116.02568,Concrete,93112.09,1862.24,93112.09
LOC-00804,Los Angeles (Quake),31.05453,-117.92922,Concrete,50000.0,2500.0,40000.0
LOC-00805,Houston (Flood/Wind),27.56933,-95.7049,Wood,941663.82,47083.19,1129996.58
LOC-00806,Los Angeles (Quake),35.18724,-119.09571,Concrete,361566.15,36156.61,361566.15
LOC-00807,Houston (Flood/Wind),29.63427,-94.40249,Wood,336611.34,16830.57,336611.34
LOC-00808,Los Angeles (Quake),33.37833,-119.53495,Masonry,332973.93,6659.48,399568.71
LOC-00809,Houston (Flood/Wind),29.5479,-94.19085,Wood,111495.19,5574.76,111495.19
LOC-00810,Miami (Hurricane),25.84161,-79.67908,Concrete,398075.32,7961.51,318460.26
LOC-00811,Miami (Hurricane),26.77582,-79.96082,Wood,801845.83,16036.92,801845.83
LOC-00812,Miami (Hurricane),24.39478,-79.59414,Wood,1086629.22,108662.92,1303955.06
LOC-00813,Miami (Hurricane),26.01794,-79.66,Wood,89643.74,1792.87,107572.49
LOC-00814,Houston (Flood/Wind),30.85498,-95.26236,Concrete,395288.63,19764.43,474346.35
LOC-00815,Houston (Flood/Wind),28.12363,-94.4278,Wood,330004.57,16500.23,330004.57
LOC-00816,Los Angeles (Quake),33.38791,-117.47844,Wood,420794.65,8415.89,336635.72
LOC-00817,Miami (Hurricane),25.38102,-80.24724,Masonry,504324.15,50432.41,504324.15
LOC-00818,Los Angeles (Quake),33.292,-118.84083,Wood,306656.05,30665.6,306656.05
LOC-00819,Houston (Flood/Wind),30.42533,-96.13477,Wood,318661.55,15933.08,318661.55
LOC-00820,Miami (Hurricane),26.49654,-80.83594,Wood,787680.75,78768.07,945216.9
LOC-00821,Los Angeles (Quake),33.86179,-116.74086,Wood,216121.4,21612.14,216121.4
LOC-00822,Miami (Hurricane),25.97787,-81.25195,Wood,462331.69,9246.63,462331.69
LOC-00823,Miami (Hurricane),25.01936,-80.66434,Wood,224601.3,4492.03,269521.56
LOC-00824,Houston (Flood/Wind),28.84759,-95.02146,Concrete,109334.79,2186.7,109334.79
LOC-00825,Miami (Hurricane),24.74378,-80.69623,Concrete,409576.45,40957.64,327661.16
LOC-00826,Houston (Flood/Wind),26.98618,-94.27932,Masonry,890800.24,89080.02,890800.24
LOC-00827,Houston (Flood/Wind),28.8578,-96.10451,Steel,216676.9,4333.54,216676.9
LOC-00828,Houston (Flood/Wind),31.07317,-96.25529,Wood,315491.87,31549.19,252393.49
LOC-00829,Miami (Hurricane),26.05787,-79.72435,Wood,236224.29,4724.49,283469.15
LOC-00830,Miami (Hurricane),25.57151,-80.55023,Wood,98253.18,4912.66,117903.82
LOC-00831,Houston (Flood/Wind),31.21025,-96.79592,Concrete,156741.66,7837.08,156741.66
LOC-00832,Houston (Flood/Wind),30.4158,-95.53736,Concrete,324294.04,16214.7,324294.04
LOC-00833,Los Angeles (Quake),35.00243,-118.92847,Masonry,135085.49,6754.27,108068.4
LOC-00834,Miami (Hurricane),25.08698,-80.11356,Wood,230802.22,4616.04,276962.67
LOC-00835,Miami (Hurricane),25.82059,-80.30193,Wood,516348.32,25817.42,413078.65
LOC-00836,Miami (Hurricane),25.22865,-80.39508,Masonry,138287.94,6914.4,138287.94
LOC-00837,Miami (Hurricane),26.18983,-79.9715,Concrete,402051.5,40205.15,402051.5
LOC-00838,Houston (Flood/Wind),28.84811,-95.37575,Wood,587718.15,29385.91,587718.15
LOC-00839,Los Angeles (Quake),33.12873,-117.58694,Wood,145279.16,7263.96,145279.16
LOC-00840,Miami (Hurricane),25.91869,-80.11343,Steel,191369.61,9568.48,191369.61
LOC-00841,Los Angeles (Quake),32.87939,-117.24014,Masonry,392843.94,19642.2,392843.94
LOC-00842,Los Angeles (Quake),32.8053,-118.71154,Wood,50000.0,1000.0,50000.0
LOC-00843,Los Angeles (Quake),32.54805,-118.21676,Masonry,1134775.06,113477.51,1134775.06
LOC-00844,Los Angeles (Quake),33.43735,-117.02185,Concrete,50000.0,1000.0,50000.0
LOC-00845,Miami (Hurricane),24.83763,-80.52772,Wood,127986.8,2559.74,127986.8
LOC-00846,Miami (Hurricane),25.67944,-79.7117,Wood,180734.61,18073.46,144587.69
LOC-00847,Houston (Flood/Wind),29.47268,-95.23953,Masonry,287661.32,5753.23,230129.06
LOC-00848,Los Angeles (Quake),36.33416,-117.39603,Masonry,179846.53,8992.33,179846.53
LOC-00849,Houston (Flood/Wind),30.55466,-93.90298,Concrete,132639.64,6631.98,132639.64
LOC-00850,Houston (Flood/Wind),28.96374,-95.18728,Steel,478789.4,47878.94,478789.4
LOC-00851,Miami (Hurricane),25.03335,-78.50611,Wood,152424.34,7621.22,121939.47
LOC-00852,Miami (Hurricane),25.38465,-80.42763,Concrete,105167.18,10516.72,84133.74
LOC-00853,Houston (Flood/Wind),30.24066,-96.42491,Concrete,680967.32,68096.73,680967.32
LOC-00854,Houston (Flood/Wind),30.49231,-96.24569,Wood,221586.88,4431.74,265904.26
LOC-00855,Houston (Flood/Wind),29.91231,-95.3596,Wood,399453.25,39945.32,399453.25
LOC-00856,Houston (Flood/Wind),30.77703,-96.64121,Concrete,77088.34,3854.42,77088.34
LOC-00857,Los Angeles (Quake),34.426,-119.30649,Steel,102518.76,2050.38,123022.51
LOC-00858,Houston (Flood/Wind),30.08574,-95.49285,Wood,483228.76,9664.58,386583.01
LOC-00859,Houston (Flood/Wind),28.6811,-94.08183,Concrete,154824.85,7741.24,185789.82
LOC-00860,Miami (Hurricane),26.24958,-81.77346,Masonry,793439.91,79343.99,952127.89
LOC-00861,Houston (Flood/Wind),30.48323,-95.258,Wood,50000.0,5000.0,60000.0
LOC-00862,Los Angeles (Quake),36.58702,-119.21915,Wood,385881.42,19294.07,308705.13
LOC-00863,Miami (Hurricane),25.88264,-79.13475,Steel,438832.56,8776.65,438832.56
LOC-00864,Houston (Flood/Wind),28.45077,-96.16068,Wood,277619.87,5552.4,222095.9
LOC-00865,Houston (Flood/Wind),30.04992,-96.27065,Masonry,523096.96,10461.94,523096.96
LOC-00866,Los Angeles (Quake),33.052,-119.30329,Concrete,94801.09,1896.02,94801.09
LOC-00867,Miami (Hurricane),26.11127,-80.10367,Masonry,148614.75,2972.29,118891.8
LOC-00868,Los Angeles (Quake),34.39807,-117.93029,Concrete,746537.38,74653.74,746537.38
LOC-00869,Los Angeles (Quake),35.43742,-118.42699,Wood,50000.0,2500.0,60000.0
LOC-00870,Los Angeles (Quake),33.5639,-118.27278,Wood,893097.69,89309.77,714478.15
LOC-00871,Houston (Flood/Wind),31.89861,-94.05169,Masonry,399619.36,19980.97,399619.36
LOC-00872,Miami (Hurricane),25.93411,-78.12475,Masonry,935458.35,18709.17,935458.35
LOC-00873,Houston (Flood/Wind),29.17338,-94.87371,Wood,521541.19,52154.12,521541.19
LOC-00874,Los Angeles (Quake),32.83429,-119.14478,Masonry,50000.0,1000.0,40000.0
LOC-00875,Los Angeles (Quake),35.95127,-118.55276,Concrete,1118283.37,22365.67,894626.7
LOC-00876,Miami (Hurricane),25.42615,-79.66424,Concrete,120096.59,6004.83,96077.27
LOC-00877,Los Angeles (Quake),32.89079,-117.57084,Wood,72631.22,1452.62,72631.22
LOC-00878,Miami (Hurricane),25.52264,-81.45835,Concrete,300882.76,6017.66,300882.76
LOC-00879,Miami (Hurricane),25.67707,-80.22426,Concrete,264749.28,26474.93,264749.28
LOC-00880,Los Angeles (Quake),35.08976,-118.69772,Concrete,310307.2,31030.72,310307.2
LOC-00881,Houston (Flood/Wind),29.8723,-95.26652,Wood,150867.63,15086.76,150867.63
LOC-00882,Miami (Hurricane),26.03407,-79.96385,Concrete,214417.15,10720.86,214417.15
LOC-00883,Houston (Flood/Wind),31.15744,-94.40042,Concrete,299936.63,14996.83,299936.63
LOC-00884,Miami (Hurricane),26.70923,-79.9347,Concrete,166285.54,8314.28,166285.54
LOC-00885,Houston (Flood/Wind),28.78766,-94.8556,Wood,2023541.06,40470.82,2428249.27
LOC-00886,Los Angeles (Quake),34.12432,-119.05633,Wood,406586.0,20329.3,487903.2
LOC-00887,Miami (Hurricane),25.701,-81.53953,Wood,157276.35,15727.63,157276.35
LOC-00888,Los Angeles (Quake),34.23329,-115.13053,Concrete,836966.24,16739.32,836966.24
LOC-00889,Los Angeles (Quake),34.12706,-116.08957,Wood,208978.22,10448.91,167182.58
LOC-00890,Los Angeles (Quake),32.99355,-119.10266,Wood,210209.53,4204.19,210209.53
LOC-00891,Houston (Flood/Wind),29.81394,-94.39819,Wood,50000.0,2500.0,60000.0
LOC-00892,Miami (Hurricane),25.62124,-81.5426,Wood,87548.88,1750.98,87548.88
LOC-00893,Los Angeles (Quake),37.28351,-117.25111,Concrete,146411.37,14641.14,146411.37
LOC-00894,Houston (Flood/Wind),30.98863,-96.26593,Masonry,363464.6,18173.23,363464.6
LOC-00895,Miami (Hurricane),26.42339,-80.06542,Wood,176049.81,17604.98,176049.81
LOC-00896,Houston (Flood/Wind),28.62936,-97.20841,Wood,69259.88,6925.99,69259.88
LOC-00897,Los Angeles (Quake),34.05489,-116.12413,Wood,176038.46,3520.77,176038.46
LOC-00898,Los Angeles (Quake),33.51669,-118.33369,Concrete,113826.7,11382.67,113826.7
LOC-00899,Houston (Flood/Wind),29.32905,-95.47361,Masonry,249596.87,12479.84,249596.87
LOC-00900,Miami (Hurricane),26.58261,-79.88046,Concrete,268527.51,5370.55,268527.51
LOC-00901,Los Angeles (Quake),35.48955,-116.75004,Wood,478102.38,9562.05,478102.38
LOC-00902,Houston (Flood/Wind),31.06339,-95.12959,Wood,939527.93,93952.79,939527.93
LOC-00903,Miami (Hurricane),24.86571,-80.3307,Concrete,114400.16,2288.0,114400.16
LOC-00904,Los Angeles (Quake),34.13966,-118.39171,Steel,365509.46,7310.19,365509.46
LOC-00905,Los Angeles (Quake),34.31842,-118.73777,Wood,199894.35,19989.43,199894.35
LOC-00906,Miami (Hurricane),26.9239,-80.00358,Wood,80305.77,4015.29,80305.77
LOC-00907,Houston (Flood/Wind),30.15,-97.59022,Wood,106248.18,2124.96,127497.82
LOC-00908,Miami (Hurricane),24.9936,-78.70546,Concrete,708428.81,70842.88,566743.05
LOC-00909,Miami (Hurricane),24.08221,-79.64522,Concrete,111585.37,2231.71,89268.3
LOC-00910,Miami (Hurricane),23.83806,-80.23807,Wood,342409.62,6848.19,342409.62
LOC-00911,Los Angeles (Quake),33.20391,-117.6179,Concrete,50000.0,5000.0,60000.0
LOC-00912,Houston (Flood/Wind),29.43031,-94.21004,Wood,448506.82,44850.68,538208.19
LOC-00913,Houston (Flood/Wind),28.69005,-94.45595,Masonry,406466.11,20323.31,406466.11
LOC-00914,Miami (Hurricane),25.3388,-79.65844,Wood,252050.36,5041.01,252050.36
LOC-00915,Miami (Hurricane),27.50006,-79.63309,Wood,451899.27,45189.93,361519.42
LOC-00916,Los Angeles (Quake),35.47618,-119.72706,Masonry,940661.25,47033.06,940661.25
LOC-00917,Miami (Hurricane),25.94769,-79.4706,Wood,2385918.91,238591.89,2863102.69
LOC-00918,Houston (Flood/Wind),29.07368,-94.8707,Concrete,50000.0,1000.0,50000.0
LOC-00919,Houston (Flood/Wind),28.7953,-95.01072,Wood,852160.01,85216.0,852160.01
LOC-00920,Los Angeles (Quake),34.29627,-116.16539,Wood,50000.0,2500.0,50000.0
LOC-00921,Miami (Hurricane),25.99994,-78.50972,Concrete,50420.01,2521.0,50420.01
LOC-00922,Houston (Flood/Wind),29.04197,-96.64018,Wood,173003.31,3460.07,173003.31
LOC-00923,Houston (Flood/Wind),30.06684,-95.36659,Wood,82543.15,4127.16,66034.52
LOC-00924,Los Angeles (Quake),33.7886,-116.33775,Masonry,514666.83,10293.34,514666.83
LOC-00925,Miami (Hurricane),26.02925,-79.00934,Wood,50000.0,5000.0,50000.0
LOC-00926,Houston (Flood/Wind),29.98189,-95.77028,Masonry,191089.34,9554.47,152871.47
LOC-00927,Houston (Flood/Wind),30.52374,-96.92583,Concrete,3376626.19,168831.31,2701300.95
LOC-00928,Miami (Hurricane),25.74498,-80.59158,Wood,242154.54,12107.73,193723.63
LOC-00929,Houston (Flood/Wind),30.56677,-95.97031,Concrete,124633.91,12463.39,99707.12
LOC-00930,Houston (Flood/Wind),29.82847,-94.34103,Wood,443159.51,44315.95,354527.61
LOC-00931,Los Angeles (Quake),35.55423,-117.35615,Wood,1370566.83,137056.68,1370566.83
LOC-00932,Los Angeles (Quake),34.36641,-119.63787,Masonry,50000.0,2500.0,50000.0
LOC-00933,Houston (Flood/Wind),31.43376,-95.95925,Wood,128694.45,2573.89,102955.56
LOC-00934,Miami (Hurricane),24.43635,-80.45193,Concrete,105122.64,10512.26,105122.64
LOC-00935,Miami (Hurricane),25.84326,-79.84116,Masonry,74842.73,1496.85,89811.27
LOC-00936,Houston (Flood/Wind),30.70891,-94.75423,Concrete,215379.38,4307.59,215379.38
LOC-00937,Los Angeles (Quake),34.10094,-116.5246,Concrete,433439.52,43343.95,346751.62
LOC-00938,Houston (Flood/Wind),30.48934,-94.62565,Wood,1073612.98,21472.26,1288335.58
LOC-00939,Miami (Hurricane),25.42178,-79.34538,Wood,665279.35,33263.97,798335.23
LOC-00940,Los Angeles (Quake),34.20038,-118.39284,Wood,217209.1,4344.18,217209.1
LOC-00941,Houston (Flood/Wind),30.59655,-93.91609,Masonry,50000.0,2500.0,40000.0
LOC-00942,Miami (Hurricane),26.31911,-79.34191,Concrete,902568.05,45128.4,902568.05
LOC-00943,Houston (Flood/Wind),30.03341,-97.44444,Wood,111143.24,11114.32,133371.89
LOC-00944,Miami (Hurricane),26.88503,-80.00433,Wood,696922.21,34846.11,836306.65
LOC-00945,Los Angeles (Quake),34.71182,-116.08198,Wood,1269077.1,25381.54,1269077.1
LOC-00946,Miami (Hurricane),24.16564,-80.01687,Masonry,171730.13,3434.6,171730.13
LOC-00947,Houston (Flood/Wind),29.39146,-95.15599,Wood,120341.74,2406.83,144410.09
LOC-00948,Los Angeles (Quake),31.10623,-119.13061,Concrete,74164.78,7416.48,74164.78
LOC-00949,Houston (Flood/Wind),27.33615,-95.74825,Masonry,237725.49,4754.51,190180.39
LOC-00950,Houston (Flood/Wind),30.66789,-94.20996,Wood,161786.65,8089.33,161786.65
LOC-00951,Houston (Flood/Wind),29.12711,-94.78372,Concrete,147927.74,2958.55,147927.74
LOC-00952,Los Angeles (Quake),34.22233,-117.08756,Wood,1527775.23,152777.52,1833330.28
LOC-00953,Los Angeles (Quake),37.57499,-119.53169,Wood,418210.13,41821.01,418210.13
LOC-00954,Los Angeles (Quake),33.48427,-118.73481,Wood,1340919.7,134091.97,1072735.76
LOC-00955,Miami (Hurricane),27.53161,-79.87849,Wood,321230.55,6424.61,321230.55
LOC-00956,Los Angeles (Quake),35.0576,-117.34265,Wood,516293.68,51629.37,516293.68
LOC-00957,Houston (Flood/Wind),30.65882,-96.3184,Concrete,227430.36,22743.04,227430.36
LOC-00958,Los Angeles (Quake),35.17953,-119.40264,Concrete,156596.28,7829.81,156596.28
LOC-00959,Los Angeles (Quake),34.57449,-116.23724,Wood,172292.11,3445.84,206750.53
LOC-00960,Houston (Flood/Wind),30.98085,-95.531,Wood,519888.41,25994.42,415910.72
LOC-00961,Los Angeles (Quake),34.36863,-116.77703,Wood,782093.28,39104.66,625674.62
LOC-00962,Miami (Hurricane),25.81462,-77.91909,Wood,1374638.05,68731.9,1374638.05
LOC-00963,Miami (Hurricane),25.141,-80.12863,Wood,528188.51,26409.43,528188.51
LOC-00964,Los Angeles (Quake),32.75674,-119.70398,Wood,1049030.03,52451.5,839224.02
LOC-00965,Los Angeles (Quake),33.47445,-119.92764,Steel,140242.31,14024.23,140242.31
LOC-00966,Miami (Hurricane),26.42716,-80.35873,Wood,196286.69,9814.33,196286.69
LOC-00967,Houston (Flood/Wind),28.93892,-95.53962,Wood,125621.58,2512.43,125621.58
LOC-00968,Miami (Hurricane),24.97871,-79.94496,Concrete,437245.73,21862.29,524694.87
LOC-00969,Miami (Hurricane),24.55367,-80.36823,Masonry,100262.25,2005.24,80209.8
LOC-00970,Miami (Hurricane),25.40068,-80.05166,Steel,102203.75,2044.08,102203.75
LOC-00971,Miami (Hurricane),25.62428,-79.39737,Wood,281585.43,28158.54,281585.43
LOC-00972,Miami (Hurricane),24.94972,-80.52837,Masonry,175730.66,3514.61,175730.66
LOC-00973,Miami (Hurricane),25.14431,-80.59017,Concrete,667858.62,13357.17,667858.62
LOC-00974,Los Angeles (Quake),33.24955,-115.36008,Wood,415205.84,8304.12,415205.84
LOC-00975,Los Angeles (Quake),34.20356,-118.90259,Wood,597079.94,59707.99,597079.94
LOC-00976,Miami (Hurricane),24.40216,-79.69568,Wood,50000.0,1000.0,50000.0
LOC-00977,Los Angeles (Quake),34.28507,-116.93279,Wood,119244.92,2384.9,95395.94
LOC-00978,Miami (Hurricane),25.4727,-81.63743,Masonry,203853.06,4077.06,203853.06
LOC-00979,Miami (Hurricane),25.20977,-80.15838,Concrete,221850.53,22185.05,177480.43
LOC-00980,Houston (Flood/Wind),28.26295,-96.64793,Concrete,347566.1,34756.61,278052.88
LOC-00981,Houston (Flood/Wind),29.64891,-93.92799,Concrete,413177.11,41317.71,413177.11
LOC-00982,Los Angeles (Quake),34.93981,-119.23571,Concrete,579605.84,28980.29,579605.84
LOC-00983,Miami (Hurricane),26.311,-80.31272,Concrete,622997.21,31149.86,747596.66
LOC-00984,Los Angeles (Quake),34.08004,-119.28058,Wood,210941.8,21094.18,210941.8
LOC-00985,Miami (Hurricane),27.03606,-79.66071,Wood,50000.0,5000.0,50000.0
LOC-00986,Houston (Flood/Wind),29.93757,-93.19275,Concrete,87146.42,4357.32,69717.14
LOC-00987,Houston (Flood/Wind),30.8525,-96.84626,Wood,340996.51,17049.83,272797.21
LOC-00988,Houston (Flood/Wind),30.49345,-95.93807,Concrete,525355.07,52535.51,630426.08
LOC-00989,Miami (Hurricane),26.00615,-81.19484,Masonry,114514.88,2290.3,114514.88
LOC-00990,Houston (Flood/Wind),29.76667,-96.70396,Concrete,202050.41,10102.52,202050.41
LOC-00991,Miami (Hurricane),25.19416,-79.67612,Wood,531633.46,53163.35,531633.46
LOC-00992,Miami (Hurricane),25.71911,-80.24109,Wood,917172.0,18343.44,917172.0
LOC-00993,Miami (Hurricane),25.61962,-79.66709,Wood,62524.8,6252.48,62524.8
LOC-00994,Houston (Flood/Wind),29.33881,-94.6023,Wood,574060.88,11481.22,574060.88
LOC-00995,Miami (Hurricane),23.67822,-80.61217,Masonry,146980.55,14698.06,146980.55
LOC-00996,Houston (Flood/Wind),29.12717,-96.29933,Wood,288457.3,28845.73,346148.77
LOC-00997,Houston (Flood/Wind),29.65884,-95.85207,Wood,712147.78,35607.39,712147.78
LOC-00998,Miami (Hurricane),26.88129,-81.18003,Concrete,279841.44,5596.83,335809.73
LOC-00999,Miami (Hurricane),26.63385,-80.79028,Wood,698879.63,13977.59,838655.56
LOC-01000,Houston (Flood/Wind),29.17751,-93.85436,Concrete,393066.53,7861.33,393066.53
LOC-01001,Houston (Flood/Wind),27.14125,-96.66032,Concrete,165658.95,16565.89,198790.74
LOC-01002,Miami (Hurricane),26.64089,-80.12558,Wood,278391.27,5567.83,278391.27
LOC-01003,Houston (Flood/Wind),29.54298,-94.33884,Wood,105020.67,5251.03,84016.54
LOC-01004,Los Angeles (Quake),33.80339,-119.24839,Wood,159148.8,7957.44,127319.04
LOC-01005,Houston (Flood/Wind),29.9258,-96.75182,Masonry,360612.99,36061.3,432735.58
LOC-01006,Houston (Flood/Wind),30.04942,-94.37781,Wood,186001.87,3720.04,186001.87
LOC-01007,Los Angeles (Quake),32.7901,-120.96017,Wood,155260.23,3105.2,155260.23
LOC-01008,Houston (Flood/Wind),30.42621,-94.86522,Wood,502091.86,10041.84,502091.86
LOC-01009,Houston (Flood/Wind),29.09226,-96.15107,Wood,113965.55,11396.55,113965.55
LOC-01010,Miami (Hurricane),25.27239,-79.5916,Wood,114725.4,11472.54,91780.32
LOC-01011,Miami (Hurricane),25.63336,-78.19108,Concrete,260784.07,26078.41,208627.25
LOC-01012,Los Angeles (Quake),34.19461,-117.33389,Wood,70263.58,7026.36,70263.58
LOC-01013,Los Angeles (Quake),33.61391,-120.2491,Wood,827567.69,16551.35,827567.69
LOC-01014,Miami (Hurricane),26.28085,-79.0308,Concrete,128102.44,2562.05,102481.96
LOC-01015,Miami (Hurricane),26.76696,-80.35179,Wood,50000.0,2500.0,50000.0
LOC-01016,Miami (Hurricane),25.56326,-78.45283,Wood,50000.0,1000.0,50000.0
LOC-01017,Houston (Flood/Wind),30.84811,-94.67818,Concrete,174787.32,8739.37,174787.32
LOC-01018,Houston (Flood/Wind),29.85333,-95.32857,Concrete,600141.72,60014.17,600141.72
LOC-01019,Los Angeles (Quake),34.06056,-119.20707,Concrete,1794556.41,35891.13,1794556.41
LOC-01020,Miami (Hurricane),26.58015,-80.98803,Wood,50000.0,5000.0,60000.0
LOC-01021,Houston (Flood/Wind),28.24013,-94.42172,Concrete,126264.97,6313.25,151517.96
LOC-01022,Los Angeles (Quake),34.51138,-117.702,Wood,722390.79,36119.54,722390.79
LOC-01023,Miami (Hurricane),25.28846,-80.97217,Wood,382066.11,7641.32,382066.11
LOC-01024,Los Angeles (Quake),36.53306,-118.53638,Wood,224617.5,4492.35,224617.5
LOC-01025,Miami (Hurricane),25.90874,-80.52331,Wood,758126.9,37906.35,758126.9
LOC-01026,Los Angeles (Quake),34.16399,-119.79682,Wood,246685.31,12334.27,246685.31
LOC-01027,Los Angeles (Quake),35.95246,-118.04827,Concrete,525128.03,10502.56,525128.03
LOC-01028,Los Angeles (Quake),35.46676,-118.06202,Wood,361657.1,18082.86,433988.52
LOC-01029,Miami (Hurricane),26.82841,-79.7263,Concrete,589132.39,58913.24,589132.39
LOC-01030,Miami (Hurricane),25.31406,-78.91256,Wood,471275.63,9425.51,471275.63
LOC-01031,Miami (Hurricane),27.01226,-79.07384,Concrete,118610.19,2372.2,142332.22
LOC-01032,Houston (Flood/Wind),30.69398,-95.6444,Wood,642539.22,64253.92,642539.22
LOC-01033,Miami (Hurricane),25.76759,-81.37464,Concrete,1072482.21,21449.64,1072482.21
LOC-01034,Los Angeles (Quake),33.51535,-121.32888,Concrete,50000.0,1000.0,40000.0
LOC-01035,Los Angeles (Quake),35.4681,-115.75967,Wood,71756.34,7175.63,71756.34
LOC-01036,Houston (Flood/Wind),29.78051,-96.22646,Wood,128413.1,6420.65,128413.1
LOC-01037,Houston (Flood/Wind),28.80922,-95.71162,Wood,150753.03,15075.3,150753.03
LOC-01038,Houston (Flood/Wind),29.02244,-94.73524,Masonry,239432.27,23943.23,287318.73
LOC-01039,Los Angeles (Quake),34.45018,-119.50029,Wood,356967.27,35696.73,285573.82
LOC-01040,Houston (Flood/Wind),29.90039,-95.91327,Wood,184136.64,9206.83,184136.64
LOC-01041,Miami (Hurricane),25.67773,-79.70157,Concrete,148623.55,2972.47,148623.55
LOC-01042,Houston (Flood/Wind),29.68542,-96.34848,Wood,186820.58,9341.03,186820.58
LOC-01043,Miami (Hurricane),26.78587,-80.40326,Masonry,292733.08,29273.31,351279.7
LOC-01044,Los Angeles (Quake),32.80883,-118.28057,Wood,135169.96,2703.4,135169.96
LOC-01045,Miami (Hurricane),26.74519,-80.36824,Masonry,70967.09,1419.34,70967.09
LOC-01046,Houston (Flood/Wind),31.38628,-96.02978,Wood,791878.13,39593.91,950253.75
LOC-01047,Los Angeles (Quake),33.51465,-119.70147,Wood,68317.82,3415.89,68317.82
LOC-01048,Los Angeles (Quake),32.72443,-118.69862,Concrete,549105.43,10982.11,439284.35
LOC-01049,Houston (Flood/Wind),29.34984,-95.22456,Concrete,289147.69,5782.95,231318.15
LOC-01050,Miami (Hurricane),26.5897,-81.77072,Masonry,530001.44,26500.07,424001.15
LOC-01051,Miami (Hurricane),24.76589,-80.21299,Masonry,256464.54,5129.29,256464.54
LOC-01052,Los Angeles (Quake),32.57248,-117.62659,Wood,881458.18,17629.16,705166.54
LOC-01053,Miami (Hurricane),25.34677,-79.50924,Wood,50000.0,5000.0,50000.0
LOC-01054,Los Angeles (Quake),34.36124,-119.36664,Wood,349065.44,6981.31,349065.44
LOC-01055,Miami (Hurricane),24.56864,-78.87166,Concrete,484085.79,9681.72,484085.79
LOC-01056,Houston (Flood/Wind),30.5219,-95.06179,Concrete,72922.7,1458.45,72922.7
LOC-01057,Miami (Hurricane),26.79335,-80.16338,Wood,95777.66,9577.77,76622.13
LOC-01058,Los Angeles (Quake),33.80226,-116.02243,Masonry,206550.25,4131.01,165240.2
LOC-01059,Houston (Flood/Wind),32.8587,-95.62798,Concrete,391928.08,7838.56,391928.08
LOC-01060,Houston (Flood/Wind),30.45578,-95.43752,Wood,883580.64,17671.61,706864.51
LOC-01061,Miami (Hurricane),24.98363,-80.16285,Wood,50000.0,2500.0,50000.0
LOC-01062,Miami (Hurricane),25.90526,-82.14005,Wood,531874.7,10637.49,531874.7
LOC-01063,Miami (Hurricane),26.9877,-80.18368,Wood,1719108.16,171910.82,1375286.53
LOC-01064,Los Angeles (Quake),35.54698,-116.01019,Concrete,104164.26,5208.21,104164.26
LOC-01065,Miami (Hurricane),26.01261,-79.65897,Concrete,322645.37,32264.54,387174.44
LOC-01066,Houston (Flood/Wind),29.34037,-94.7076,Masonry,88820.65,8882.07,71056.52
LOC-01067,Miami (Hurricane),25.65226,-80.87016,Wood,50000.0,2500.0,50000.0
LOC-01068,Houston (Flood/Wind),29.91994,-96.26018,Wood,502630.81,25131.54,502630.81
LOC-01069,Miami (Hurricane),25.90425,-81.11457,Wood,376271.75,7525.44,376271.75
LOC-01070,Miami (Hurricane),26.27848,-79.16456,Wood,203551.07,20355.11,244261.28
LOC-01071,Houston (Flood/Wind),29.01055,-96.29679,Concrete,142124.53,7106.23,142124.53
LOC-01072,Houston (Flood/Wind),29.96872,-94.90035,Concrete,497198.91,9943.98,497198.91
LOC-01073,Houston (Flood/Wind),27.35673,-93.97734,Wood,716069.76,71606.98,716069.76
LOC-01074,Houston (Flood/Wind),30.03531,-96.76069,Wood,165654.31,3313.09,132523.45
LOC-01075,Miami (Hurricane),26.61778,-80.05837,Wood,449704.68,8994.09,539645.62
LOC-01076,Miami (Hurricane),26.45582,-82.19008,Wood,366955.66,18347.78,366955.66
LOC-01077,Miami (Hurricane),25.64013,-79.34368,Wood,223298.95,22329.89,267958.74
LOC-01078,Miami (Hurricane),24.88331,-80.8197,Masonry,1579614.93,157961.49,1895537.92
LOC-01079,Houston (Flood/Wind),29.52548,-96.26332,Wood,797003.78,15940.08,637603.02
LOC-01080,Miami (Hurricane),25.92927,-80.05463,Masonry,50000.0,1000.0,60000.0
LOC-01081,Los Angeles (Quake),34.82515,-118.14531,Wood,726256.84,14525.14,726256.84
LOC-01082,Miami (Hurricane),24.46967,-79.73981,Wood,266324.73,13316.24,266324.73
LOC-01083,Los Angeles (Quake),34.9477,-119.05748,Concrete,297425.01,29742.5,297425.01
LOC-01084,Los Angeles (Quake),31.27535,-117.42302,Wood,650763.99,13015.28,780916.79
LOC-01085,Los Angeles (Quake),33.63238,-118.48684,Concrete,268635.29,5372.71,268635.29
LOC-01086,Los Angeles (Quake),32.19888,-118.87794,Steel,622921.36,62292.14,622921.36
LOC-01087,Los Angeles (Quake),32.16171,-118.54024,Masonry,112250.99,5612.55,112250.99
LOC-01088,Miami (Hurricane),25.94494,-80.84184,Concrete,2202926.87,44058.54,2202926.87
LOC-01089,Los Angeles (Quake),35.561,-117.8982,Concrete,63139.3,6313.93,75767.16
LOC-01090,Houston (Flood/Wind),31.01911,-94.68394,Concrete,50000.0,2500.0,50000.0
LOC-01091,Houston (Flood/Wind),29.73949,-94.60966,Wood,125150.01,6257.5,100120.01
LOC-01092,Miami (Hurricane),26.87075,-80.11638,Wood,95190.47,4759.52,114228.56
LOC-01093,Houston (Flood/Wind),28.67457,-93.25562,Masonry,166850.28,8342.51,133480.22
LOC-01094,Los Angeles (Quake),35.46041,-117.11723,Concrete,78972.99,1579.46,63178.39
LOC-01095,Houston (Flood/Wind),30.91305,-96.5872,Concrete,59971.88,5997.19,59971.88
LOC-01096,Miami (Hurricane),26.67636,-81.34008,Wood,150338.72,3006.77,180406.47
LOC-01097,Houston (Flood/Wind),30.85989,-95.55851,Wood,433220.95,8664.42,433220.95
LOC-01098,Miami (Hurricane),25.07265,-79.46775,Wood,234595.71,4691.91,187676.57
LOC-01099,Los Angeles (Quake),35.18629,-118.0796,Masonry,234671.15,4693.42,281605.38
LOC-01100,Los Angeles (Quake),33.54609,-118.06222,Concrete,1910901.89,38218.04,1910901.89
LOC-01101,Los Angeles (Quake),34.25405,-117.10607,Wood,159436.83,3188.74,191324.2
LOC-01102,Houston (Flood/Wind),30.27729,-93.16779,Concrete,187945.62,18794.56,225534.75
LOC-01103,Miami (Hurricane),23.96902,-80.18729,Wood,1063611.7,21272.23,1276334.04
LOC-01104,Miami (Hurricane),26.57773,-80.61123,Masonry,102763.55,5138.18,102763.55
LOC-01105,Los Angeles (Quake),34.09907,-117.34829,Wood,350098.62,35009.86,350098.62
LOC-01106,Houston (Flood/Wind),29.61605,-93.72877,Wood,392487.29,19624.36,392487.29
LOC-01107,Houston (Flood/Wind),28.63514,-96.46333,Wood,477562.99,47756.3,382050.39
LOC-01108,Miami (Hurricane),24.55486,-79.2302,Steel,234982.14,4699.64,234982.14
LOC-01109,Miami (Hurricane),24.69245,-79.12247,Concrete,283521.31,14176.07,283521.31
LOC-01110,Houston (Flood/Wind),29.284,-96.66663,Wood,139077.73,13907.77,166893.28
LOC-01111,Houston (Flood/Wind),30.02465,-95.41013,Wood,399691.41,19984.57,399691.41
LOC-01112,Miami (Hurricane),25.95802,-80.13408,Wood,561427.11,56142.71,449141.69
LOC-01113,Los Angeles (Quake),35.05657,-118.66847,Wood,1575017.8,78750.89,1575017.8
LOC-01114,Miami (Hurricane),25.86427,-79.97124,Masonry,192840.02,9642.0,154272.01
LOC-01115,Los Angeles (Quake),34.69325,-119.11579,Wood,103374.22,2067.48,103374.22
LOC-01116,Miami (Hurricane),26.1243,-80.15207,Wood,727014.26,36350.71,581611.41
LOC-01117,Miami (Hurricane),26.72358,-78.53134,Concrete,310166.22,31016.62,310166.22
LOC-01118,Miami (Hurricane),25.1324,-79.25435,Wood,1200318.66,120031.87,1200318.66
LOC-01119,Miami (Hurricane),24.69048,-79.20839,Wood,173671.31,3473.43,173671.31
LOC-01120,Houston (Flood/Wind),30.5334,-95.34134,Wood,274231.93,13711.6,274231.93
LOC-01121,Miami (Hurricane),24.65805,-79.47502,Wood,784041.46,15680.83,940849.76
LOC-01122,Miami (Hurricane),25.51733,-79.12971,Concrete,2444091.33,122204.57,2444091.33
LOC-01123,Houston (Flood/Wind),28.98737,-96.24053,Concrete,130954.84,2619.1,130954.84
LOC-01124,Los Angeles (Quake),33.6387,-116.77893,Concrete,274548.41,27454.84,219638.73
LOC-01125,Houston (Flood/Wind),29.60186,-96.28782,Concrete,50214.49,1004.29,60257.39
LOC-01126,Houston (Flood/Wind),29.86881,-97.30921,Wood,653442.7,65344.27,653442.7
LOC-01127,Los Angeles (Quake),35.41534,-118.4285,Masonry,546446.92,10928.94,546446.92
LOC-01128,Los Angeles (Quake),31.74542,-115.7496,Concrete,385544.33,19277.22,308435.47
LOC-01129,Los Angeles (Quake),34.28609,-116.9801,Wood,252433.34,25243.33,302920.01
LOC-01130,Houston (Flood/Wind),29.0116,-96.64765,Wood,565394.12,56539.41,565394.12
LOC-01131,Miami (Hurricane),24.32491,-81.45844,Concrete,199023.84,9951.19,199023.84
LOC-01132,Miami (Hurricane),25.4751,-81.69574,Wood,1132195.22,56609.76,1132195.22
LOC-01133,Los Angeles (Quake),35.69786,-117.65025,Wood,751048.74,75104.87,901258.49
LOC-01134,Los Angeles (Quake),32.14461,-120.00642,Wood,190541.32,9527.07,190541.32
LOC-01135,Houston (Flood/Wind),29.7886,-96.28005,Wood,1547683.72,154768.37,1547683.72
LOC-01136,Los Angeles (Quake),33.99922,-119.31601,Concrete,51980.29,1039.61,51980.29
LOC-01137,Houston (Flood/Wind),29.96787,-95.79396,Wood,60832.18,6083.22,60832.18
LOC-01138,Miami (Hurricane),24.34512,-80.77161,Wood,111819.32,2236.39,111819.32
LOC-01139,Miami (Hurricane),25.99466,-80.48266,Wood,762109.44,38105.47,762109.44
LOC-01140,Houston (Flood/Wind),29.73905,-93.53947,Wood,134545.4,2690.91,161454.48
LOC-01141,Los Angeles (Quake),36.17263,-119.52079,Wood,146545.79,7327.29,146545.79
LOC-01142,Miami (Hurricane),26.15993,-80.24191,Concrete,158274.73,3165.49,189929.68
LOC-01143,Miami (Hurricane),25.45264,-81.95604,Wood,573173.83,11463.48,458539.06
LOC-01144,Miami (Hurricane),25.97506,-81.17356,Concrete,985244.63,49262.23,985244.63
LOC-01145,Los Angeles (Quake),36.49421,-117.81385,Wood,186773.6,18677.36,186773.6
LOC-01146,Miami (Hurricane),26.35516,-79.48095,Masonry,1338481.99,26769.64,1338481.99
LOC-01147,Los Angeles (Quake),32.80464,-117.7384,Masonry,80081.59,1601.63,64065.27
LOC-01148,Miami (Hurricane),25.80709,-79.8208,Wood,912216.78,91221.68,912216.78
LOC-01149,Los Angeles (Quake),35.1541,-118.81885,Wood,111188.43,5559.42,133426.12
LOC-01150,Houston (Flood/Wind),30.14814,-96.09269,Wood,189227.36,18922.74,189227.36
LOC-01151,Houston (Flood/Wind),30.71922,-94.24211,Concrete,304389.17,6087.78,304389.17
LOC-01152,Houston (Flood/Wind),30.53839,-93.29602,Concrete,122234.42,6111.72,122234.42
LOC-01153,Los Angeles (Quake),33.07096,-115.59868,Steel,921175.71,46058.79,1105410.85
LOC-01154,Miami (Hurricane),25.75555,-80.58505,Wood,65334.42,1306.69,78401.3
LOC-01155,Houston (Flood/Wind),29.22282,-94.24676,Wood,172255.92,17225.59,206707.1
LOC-01156,Los Angeles (Quake),33.70591,-119.1212,Wood,645454.68,64545.47,645454.68
LOC-01157,Houston (Flood/Wind),28.83451,-95.48347,Wood,710245.49,14204.91,710245.49
LOC-01158,Los Angeles (Quake),34.80088,-117.64886,Wood,89329.87,8932.99,89329.87
LOC-01159,Los Angeles (Quake),34.80994,-118.42234,Concrete,160845.17,16084.52,160845.17
LOC-01160,Houston (Flood/Wind),30.32432,-93.7962,Wood,150877.31,15087.73,120701.85
LOC-01161,Los Angeles (Quake),36.06931,-117.76082,Wood,923592.38,46179.62,923592.38
LOC-01162,Miami (Hurricane),25.26838,-79.29668,Masonry,959750.3,95975.03,959750.3
LOC-01163,Los Angeles (Quake),33.84619,-116.92552,Wood,276307.31,5526.15,276307.31
LOC-01164,Los Angeles (Quake),34.56981,-118.55138,Wood,70468.77,7046.88,70468.77
LOC-01165,Los Angeles (Quake),33.3409,-116.60051,Masonry,70219.21,3510.96,84263.05
LOC-01166,Los Angeles (Quake),33.66887,-120.57393,Masonry,267318.43,5346.37,267318.43
LOC-01167,Houston (Flood/Wind),28.89512,-94.25929,Wood,1005430.97,100543.1,1206517.16
LOC-01168,Miami (Hurricane),26.10312,-79.92771,Wood,118894.2,5944.71,142673.04
LOC-01169,Houston (Flood/Wind),30.49803,-96.07568,Wood,247148.91,12357.45,296578.69
LOC-01170,Houston (Flood/Wind),30.06685,-94.93031,Wood,243212.34,12160.62,243212.34
LOC-01171,Miami (Hurricane),26.53453,-79.10594,Wood,438644.91,43864.49,350915.93
LOC-01172,Houston (Flood/Wind),29.53132,-94.06721,Concrete,307940.52,30794.05,307940.52
LOC-01173,Houston (Flood/Wind),28.946,-93.86896,Wood,216186.26,4323.73,172949.01
LOC-01174,Houston (Flood/Wind),28.74388,-95.49259,Masonry,295314.66,5906.29,295314.66
LOC-01175,Los Angeles (Quake),33.30195,-119.11362,Wood,188407.71,3768.15,150726.17
LOC-01176,Houston (Flood/Wind),29.46854,-96.13585,Concrete,169182.44,3383.65,203018.93
LOC-01177,Los Angeles (Quake),34.54487,-119.16448,Concrete,136593.27,2731.87,163911.93
LOC-01178,Houston (Flood/Wind),28.54229,-93.96062,Wood,164813.83,3296.28,131851.06
LOC-01179,Los Angeles (Quake),34.30057,-117.94411,Masonry,121942.33,6097.12,121942.33
LOC-01180,Los Angeles (Quake),35.70029,-118.84217,Wood,137321.39,6866.07,137321.39
LOC-01181,Miami (Hurricane),25.05287,-80.45786,Wood,64002.41,1280.05,51201.93
LOC-01182,Miami (Hurricane),25.85876,-80.87395,Wood,324905.05,32490.5,389886.06
LOC-01183,Los Angeles (Quake),32.8209,-117.78599,Wood,50000.0,1000.0,50000.0
LOC-01184,Miami (Hurricane),25.02438,-80.415,Wood,297126.15,29712.62,297126.15
LOC-01185,Los Angeles (Quake),35.33065,-118.55335,Wood,281904.84,5638.1,281904.84
LOC-01186,Los Angeles (Quake),34.3026,-117.17043,Wood,50681.23,1013.62,40544.98
LOC-01187,Houston (Flood/Wind),28.64478,-95.38578,Steel,97546.52,9754.65,78037.22
LOC-01188,Miami (Hurricane),26.12075,-81.13757,Concrete,400738.6,40073.86,400738.6
LOC-01189,Houston (Flood/Wind),30.29945,-94.8062,Concrete,356643.49,35664.35,427972.19
LOC-01190,Los Angeles (Quake),34.85139,-116.52217,Concrete,195268.84,3905.38,234322.61
LOC-01191,Los Angeles (Quake),35.90073,-116.73728,Concrete,435294.82,8705.9,522353.79
LOC-01192,Miami (Hurricane),26.20277,-80.61494,Wood,164081.96,16408.2,164081.96
LOC-01193,Houston (Flood/Wind),29.80931,-95.35808,Wood,224143.85,4482.88,224143.85
LOC-01194,Los Angeles (Quake),34.83499,-118.26317,Concrete,853272.11,42663.61,682617.69
LOC-01195,Los Angeles (Quake),32.93437,-117.42513,Wood,447017.33,44701.73,536420.8
LOC-01196,Los Angeles (Quake),36.18608,-118.02293,Wood,95235.03,9523.5,76188.02
LOC-01197,Los Angeles (Quake),35.64396,-115.97617,Concrete,451522.47,9030.45,451522.47
LOC-01198,Miami (Hurricane),25.70434,-80.6786,Wood,97942.13,1958.84,117530.56
LOC-01199,Los Angeles (Quake),33.5605,-117.02254,Concrete,1153049.84,57652.49,922439.87
LOC-01200,Miami (Hurricane),26.48339,-80.89581,Concrete,351224.51,35122.45,280979.61
LOC-01201,Houston (Flood/Wind),27.83323,-93.01271,Wood,268839.6,26883.96,268839.6
LOC-01202,Los Angeles (Quake),31.89355,-117.21448,Concrete,50000.0,1000.0,50000.0
LOC-01203,Los Angeles (Quake),33.08053,-118.01834,Wood,672011.99,67201.2,672011.99
LOC-01204,Los Angeles (Quake),34.87668,-119.85561,Wood,114623.83,2292.48,137548.59
LOC-01205,Los Angeles (Quake),34.21561,-117.39749,Wood,63657.98,6365.8,76389.57
LOC-01206,Miami (Hurricane),25.58149,-81.89188,Masonry,368594.7,36859.47,368594.7
LOC-01207,Los Angeles (Quake),35.86986,-117.75089,Concrete,55929.97,2796.5,55929.97
LOC-01208,Los Angeles (Quake),34.60086,-119.09105,Masonry,188803.7,3776.07,226564.44
LOC-01209,Houston (Flood/Wind),29.73953,-97.11354,Wood,152255.95,15225.59,152255.95
LOC-01210,Houston (Flood/Wind),28.70958,-95.26438,Concrete,223570.24,4471.4,223570.24
LOC-01211,Miami (Hurricane),24.52671,-79.73805,Masonry,91759.09,4587.95,73407.27
LOC-01212,Houston (Flood/Wind),28.96914,-94.99354,Masonry,330262.64,33026.26,264210.11
LOC-01213,Los Angeles (Quake),34.61193,-118.38831,Wood,617329.23,61732.92,740795.08
LOC-01214,Los Angeles (Quake),33.2959,-118.60672,Wood,142727.28,14272.73,114181.83
LOC-01215,Los Angeles (Quake),34.36519,-117.66681,Wood,1208295.56,120829.56,1449954.67
LOC-01216,Los Angeles (Quake),34.19676,-119.44134,Wood,261553.29,5231.07,261553.29
LOC-01217,Miami (Hurricane),25.78608,-80.9096,Concrete,432273.42,8645.47,518728.11
LOC-01218,Miami (Hurricane),25.36983,-80.51587,Wood,540739.89,10814.8,432591.91
LOC-01219,Houston (Flood/Wind),31.8902,-94.30946,Masonry,937193.77,46859.69,1124632.53
LOC-01220,Miami (Hurricane),26.62731,-79.57214,Wood,320973.55,6419.47,320973.55
LOC-01221,Los Angeles (Quake),35.4133,-118.42627,Concrete,204763.07,4095.26,204763.07
LOC-01222,Houston (Flood/Wind),28.65572,-94.17871,Wood,231687.9,11584.39,278025.48
LOC-01223,Miami (Hurricane),26.73487,-82.10589,Concrete,1158057.52,115805.75,1389669.02
LOC-01224,Miami (Hurricane),25.52934,-79.04435,Wood,356737.18,35673.72,356737.18
LOC-01225,Miami (Hurricane),26.44445,-79.20327,Wood,50000.0,5000.0,50000.0
LOC-01226,Miami (Hurricane),26.54708,-79.98835,Wood,133019.31,6650.97,133019.31
LOC-01227,Houston (Flood/Wind),28.40439,-96.28776,Wood,110841.74,2216.83,133010.09
LOC-01228,Miami (Hurricane),27.20202,-80.22375,Wood,756303.29,37815.16,756303.29
LOC-01229,Miami (Hurricane),24.95338,-80.69488,Masonry,75346.39,7534.64,75346.39
LOC-01230,Los Angeles (Quake),33.78975,-119.38924,Wood,450547.57,22527.38,450547.57
LOC-01231,Houston (Flood/Wind),29.09379,-95.68666,Concrete,187372.05,9368.6,149897.64
LOC-01232,Miami (Hurricane),26.00342,-78.54042,Wood,314297.38,31429.74,314297.38
LOC-01233,Houston (Flood/Wind),28.51809,-97.0706,Concrete,1399246.54,69962.33,1399246.54
LOC-01234,Miami (Hurricane),25.74649,-78.84957,Concrete,117805.44,2356.11,117805.44
LOC-01235,Miami (Hurricane),26.42098,-80.32312,Masonry,209045.21,10452.26,209045.21
LOC-01236,Los Angeles (Quake),33.61006,-118.23094,Wood,70544.37,3527.22,84653.24
LOC-01237,Miami (Hurricane),25.42393,-79.62661,Wood,89418.58,1788.37,107302.29
LOC-01238,Los Angeles (Quake),34.87711,-117.95518,Masonry,1022862.28,102286.23,1022862.28
LOC-01239,Houston (Flood/Wind),28.46991,-96.87825,Wood,2205931.6,44118.63,2205931.6
LOC-01240,Miami (Hurricane),27.23074,-80.07187,Wood,552921.65,11058.43,552921.65
LOC-01241,Houston (Flood/Wind),29.75984,-94.79779,Concrete,102377.47,10237.75,102377.47
LOC-01242,Los Angeles (Quake),30.79524,-118.45308,Wood,730533.54,73053.35,876640.25
LOC-01243,Houston (Flood/Wind),31.75244,-93.5359,Wood,154243.99,7712.2,154243.99
LOC-01244,Los Angeles (Quake),33.18732,-118.25243,Concrete,86988.12,8698.81,86988.12
LOC-01245,Houston (Flood/Wind),30.05374,-93.5438,Concrete,394735.06,19736.75,394735.06
LOC-01246,Houston (Flood/Wind),28.58376,-95.94791,Concrete,207314.34,10365.72,165851.47
LOC-01247,Los Angeles (Quake),32.55428,-117.23988,Concrete,3082408.17,308240.82,3082408.17
LOC-01248,Houston (Flood/Wind),30.19753,-97.45655,Wood,152829.82,7641.49,122263.85
LOC-01249,Miami (Hurricane),25.78741,-81.57242,Wood,125072.75,2501.45,125072.75
LOC-01250,Los Angeles (Quake),34.05902,-119.2347,Steel,1700437.15,170043.71,1360349.72
LOC-01251,Miami (Hurricane),26.11514,-80.40483,Wood,852499.41,17049.99,852499.41
LOC-01252,Houston (Flood/Wind),30.81251,-96.71973,Wood,170212.19,17021.22,204254.62
LOC-01253,Houston (Flood/Wind),28.89904,-94.52441,Wood,323511.59,16175.58,258809.27
LOC-01254,Houston (Flood/Wind),29.71613,-95.18951,Wood,118792.3,11879.23,118792.3
LOC-01255,Miami (Hurricane),26.57037,-77.36856,Concrete,337964.9,6759.3,270371.92
LOC-01256,Los Angeles (Quake),33.04544,-118.77414,Concrete,773074.03,38653.7,618459.23
LOC-01257,Los Angeles (Quake),33.57306,-118.2518,Wood,691630.8,34581.54,691630.8
LOC-01258,Los Angeles (Quake),34.1182,-117.92206,Masonry,50000.0,5000.0,50000.0
LOC-01259,Los Angeles (Quake),34.10181,-118.89514,Wood,124606.23,6230.31,124606.23
LOC-01260,Houston (Flood/Wind),29.44319,-94.30101,Wood,74161.49,7416.15,88993.79
LOC-01261,Los Angeles (Quake),33.56089,-117.96691,Wood,413475.16,20673.76,413475.16
LOC-01262,Houston (Flood/Wind),29.04322,-96.59828,Wood,253001.81,12650.09,253001.81
LOC-01263,Houston (Flood/Wind),29.47341,-94.21931,Wood,174619.57,17461.96,174619.57
LOC-01264,Miami (Hurricane),24.72081,-80.59517,Wood,208814.37,20881.44,208814.37
LOC-01265,Houston (Flood/Wind),29.39262,-94.66727,Wood,96864.01,1937.28,116236.81
LOC-01266,Houston (Flood/Wind),28.15525,-93.77189,Wood,140452.23,14045.22,168542.68
LOC-01267,Houston (Flood/Wind),28.64796,-96.39464,Wood,144547.36,2890.95,144547.36
LOC-01268,Los Angeles (Quake),35.47632,-118.47854,Wood,212658.64,10632.93,170126.92
LOC-01269,Miami (Hurricane),25.79516,-80.7657,Wood,303375.9,6067.52,303375.9
LOC-01270,Houston (Flood/Wind),29.7457,-93.45779,Wood,859460.51,42973.03,859460.51
LOC-01271,Los Angeles (Quake),33.19071,-116.19265,Wood,72009.89,7200.99,86411.86
LOC-01272,Houston (Flood/Wind),31.06984,-96.54016,Wood,328874.72,32887.47,394649.67
LOC-01273,Los Angeles (Quake),32.36936,-115.73439,Concrete,725989.19,36299.46,725989.19
LOC-01274,Miami (Hurricane),25.29912,-80.69648,Wood,199213.66,9960.68,199213.66
LOC-01275,Houston (Flood/Wind),29.29516,-94.5657,Wood,138427.54,2768.55,166113.05
LOC-01276,Houston (Flood/Wind),29.7646,-96.28439,Wood,168045.44,8402.27,168045.44
LOC-01277,Houston (Flood/Wind),30.14534,-94.60585,Concrete,213277.29,21327.73,213277.29
LOC-01278,Los Angeles (Quake),32.70163,-115.55099,Wood,50000.0,1000.0,60000.0
LOC-01279,Houston (Flood/Wind),30.20737,-94.37884,Wood,814334.3,40716.71,814334.3
LOC-01280,Houston (Flood/Wind),30.05579,-96.73391,Concrete,157648.36,15764.84,157648.36
LOC-01281,Los Angeles (Quake),32.81942,-116.52126,Wood,713291.07,14265.82,713291.07
LOC-01282,Los Angeles (Quake),33.35004,-120.29742,Wood,416065.69,41606.57,416065.69
LOC-01283,Houston (Flood/Wind),30.20075,-95.04877,Concrete,64109.07,3205.45,64109.07
LOC-01284,Houston (Flood/Wind),30.07094,-98.15521,Concrete,804676.91,16093.54,643741.53
LOC-01285,Miami (Hurricane),25.87804,-79.07396,Concrete,1147290.51,22945.81,917832.41
LOC-01286,Los Angeles (Quake),31.42983,-118.4021,Wood,122000.56,6100.03,146400.67
LOC-01287,Houston (Flood/Wind),28.37544,-96.11286,Wood,209838.56,20983.86,209838.56
LOC-01288,Houston (Flood/Wind),31.27654,-94.81108,Wood,229468.86,4589.38,229468.86
LOC-01289,Miami (Hurricane),26.86936,-79.31509,Wood,122388.47,2447.77,146866.16
LOC-01290,Miami (Hurricane),25.95621,-78.77633,Wood,327586.47,16379.32,262069.18
LOC-01291,Miami (Hurricane),24.85181,-80.45447,Concrete,2060231.65,41204.63,2472277.98
LOC-01292,Los Angeles (Quake),33.41224,-119.75332,Steel,646377.08,64637.71,646377.08
LOC-01293,Houston (Flood/Wind),27.39292,-95.01603,Wood,50000.0,2500.0,50000.0
LOC-01294,Los Angeles (Quake),32.95156,-118.69893,Wood,281495.54,14074.78,225196.43
LOC-01295,Los Angeles (Quake),33.04361,-117.41901,Concrete,199161.12,19916.11,199161.12
LOC-01296,Miami (Hurricane),24.43977,-79.72774,Wood,293990.04,14699.5,293990.04
LOC-01297,Los Angeles (Quake),32.92696,-119.88463,Masonry,97326.45,9732.64,116791.74
LOC-01298,Houston (Flood/Wind),30.80816,-95.26857,Wood,50000.0,2500.0,60000.0
LOC-01299,Houston (Flood/Wind),30.72892,-95.73634,Wood,100833.99,10083.4,100833.99
LOC-01300,Houston (Flood/Wind),29.79657,-94.34616,Wood,631302.2,63130.22,505041.76
LOC-01301,Houston (Flood/Wind),28.90591,-95.77287,Wood,81753.55,4087.68,98104.26
LOC-01302,Los Angeles (Quake),36.43878,-117.07329,Concrete,349615.98,6992.32,349615.98
LOC-01303,Houston (Flood/Wind),31.31552,-95.25717,Wood,158765.81,3175.32,190518.97
LOC-01304,Miami (Hurricane),24.88404,-80.42379,Wood,50000.0,2500.0,60000.0
LOC-01305,Houston (Flood/Wind),30.78045,-93.34823,Wood,552981.61,55298.16,552981.61
LOC-01306,Miami (Hurricane),27.40628,-78.5216,Steel,175198.2,3503.96,210237.84
LOC-01307,Houston (Flood/Wind),31.53589,-96.849,Wood,309134.62,15456.73,309134.62
LOC-01308,Miami (Hurricane),27.10052,-80.28872,Wood,1130901.63,113090.16,1130901.63
LOC-01309,Los Angeles (Quake),36.1398,-118.14136,Wood,88033.06,1760.66,88033.06
LOC-01310,Los Angeles (Quake),31.96515,-118.9655,Wood,462260.11,9245.2,462260.11
LOC-01311,Miami (Hurricane),26.61919,-81.23325,Concrete,88802.16,4440.11,71041.73
LOC-01312,Los Angeles (Quake),33.12435,-116.72934,Wood,512301.58,51230.16,614761.89
LOC-01313,Los Angeles (Quake),33.74374,-117.91064,Wood,99021.58,1980.43,99021.58
LOC-01314,Los Angeles (Quake),32.93276,-118.46942,Concrete,188587.07,9429.35,188587.07
LOC-01315,Miami (Hurricane),25.75297,-80.25286,Wood,375599.2,18779.96,300479.36
LOC-01316,Los Angeles (Quake),33.16776,-118.38235,Wood,954776.83,47738.84,954776.83
LOC-01317,Miami (Hurricane),26.33703,-78.73598,Masonry,2202627.19,110131.36,2202627.19
LOC-01318,Miami (Hurricane),24.79385,-80.19008,Wood,119064.93,11906.49,119064.93
LOC-01319,Los Angeles (Quake),33.87563,-119.03165,Concrete,413935.59,41393.56,496722.7
LOC-01320,Los Angeles (Quake),31.64551,-121.04921,Wood,546664.26,27333.21,546664.26
LOC-01321,Houston (Flood/Wind),33.31602,-95.12271,Wood,156545.94,15654.59,156545.94
LOC-01322,Houston (Flood/Wind),29.41419,-93.6832,Wood,192881.32,9644.07,192881.32
LOC-01323,Houston (Flood/Wind),28.92691,-95.72986,Wood,85801.38,4290.07,85801.38
LOC-01324,Houston (Flood/Wind),29.80305,-98.32405,Concrete,141248.05,2824.96,141248.05
LOC-01325,Houston (Flood/Wind),28.93579,-96.4286,Wood,85191.63,8519.16,85191.63
LOC-01326,Miami (Hurricane),25.14655,-80.90205,Wood,113586.6,11358.66,113586.6
LOC-01327,Los Angeles (Quake),35.43186,-117.6519,Concrete,93883.83,4694.19,93883.83
LOC-01328,Los Angeles (Quake),32.88544,-116.89191,Concrete,581657.66,29082.88,697989.19
LOC-01329,Miami (Hurricane),25.79127,-80.09439,Wood,993290.49,49664.52,794632.39
LOC-01330,Los Angeles (Quake),34.1168,-117.73216,Wood,737842.15,36892.11,737842.15
LOC-01331,Los Angeles (Quake),37.58386,-117.37431,Wood,498369.22,9967.38,598043.06
LOC-01332,Miami (Hurricane),25.83353,-80.16719,Concrete,187158.44,3743.17,187158.44
LOC-01333,Miami (Hurricane),26.73026,-80.20562,Wood,147319.65,7365.98,147319.65
LOC-01334,Los Angeles (Quake),34.54654,-118.78526,Wood,96963.37,4848.17,96963.37
LOC-01335,Miami (Hurricane),26.45186,-81.84221,Concrete,162288.56,16228.86,194746.27
LOC-01336,Houston (Flood/Wind),30.93927,-94.71978,Wood,66239.01,1324.78,66239.01
LOC-01337,Houston (Flood/Wind),29.00073,-94.70615,Wood,486940.62,9738.81,486940.62
LOC-01338,Houston (Flood/Wind),30.70345,-96.1555,Concrete,1200762.49,24015.25,1200762.49
LOC-01339,Los Angeles (Quake),36.43003,-118.77707,Wood,426877.02,21343.85,426877.02
LOC-01340,Houston (Flood/Wind),30.36954,-94.79735,Wood,399131.68,39913.17,399131.68
LOC-01341,Los Angeles (Quake),34.81107,-118.88335,Wood,302857.71,30285.77,302857.71
LOC-01342,Los Angeles (Quake),36.30884,-117.71672,Wood,617342.61,61734.26,493874.09
LOC-01343,Los Angeles (Quake),33.86362,-118.15598,Concrete,462235.47,9244.71,462235.47
LOC-01344,Houston (Flood/Wind),30.29305,-94.55358,Wood,93100.21,4655.01,111720.25
LOC-01345,Houston (Flood/Wind),27.88539,-94.18981,Wood,203635.02,20363.5,244362.02
LOC-01346,Miami (Hurricane),24.39726,-78.88117,Concrete,487407.67,24370.38,389926.14
LOC-01347,Los Angeles (Quake),34.0283,-118.54116,Wood,448487.03,8969.74,448487.03
LOC-01348,Miami (Hurricane),24.34842,-81.331,Wood,163778.87,3275.58,163778.87
LOC-01349,Miami (Hurricane),25.56218,-80.10184,Concrete,504692.04,10093.84,504692.04
LOC-01350,Los Angeles (Quake),33.68008,-118.00235,Wood,50000.0,1000.0,50000.0
LOC-01351,Houston (Flood/Wind),30.73694,-93.31335,Concrete,378436.79,37843.68,302749.43
LOC-01352,Miami (Hurricane),25.61489,-81.00951,Wood,93273.43,1865.47,93273.43
LOC-01353,Los Angeles (Quake),33.87817,-119.64304,Wood,188357.35,9417.87,188357.35
LOC-01354,Miami (Hurricane),25.90258,-80.96531,Wood,874636.05,43731.8,874636.05
LOC-01355,Miami (Hurricane),25.21034,-81.31356,Steel,77926.53,3896.33,77926.53
LOC-01356,Miami (Hurricane),26.78125,-81.77749,Wood,50000.0,1000.0,40000.0
LOC-01357,Los Angeles (Quake),31.3575,-118.00922,Wood,542998.34,54299.83,542998.34
LOC-01358,Los Angeles (Quake),34.47048,-116.16698,Wood,819510.24,16390.2,655608.19
LOC-01359,Los Angeles (Quake),35.04453,-120.05811,Wood,344768.42,6895.37,344768.42
LOC-01360,Miami (Hurricane),26.40856,-80.17379,Concrete,50000.0,1000.0,60000.0
LOC-01361,Los Angeles (Quake),34.36785,-116.78518,Wood,2621918.18,262191.82,2621918.18
LOC-01362,Los Angeles (Quake),33.21761,-117.3396,Wood,296507.06,14825.35,296507.06
LOC-01363,Miami (Hurricane),25.12143,-80.59099,Wood,120347.4,12034.74,96277.92
LOC-01364,Miami (Hurricane),25.81057,-80.75449,Wood,124286.45,6214.32,99429.16
LOC-01365,Los Angeles (Quake),32.1049,-119.38921,Wood,320130.56,6402.61,320130.56
LOC-01366,Miami (Hurricane),26.12268,-79.37905,Wood,179264.97,17926.5,179264.97
LOC-01367,Miami (Hurricane),26.55216,-78.87571,Concrete,689835.64,34491.78,689835.64
LOC-01368,Houston (Flood/Wind),29.06939,-96.78691,Wood,50000.0,5000.0,40000.0
LOC-01369,Houston (Flood/Wind),28.4925,-96.4511,Masonry,556702.8,27835.14,556702.8
LOC-01370,Miami (Hurricane),24.73139,-79.91498,Wood,347846.02,6956.92,347846.02
LOC-01371,Miami (Hurricane),26.77369,-79.41447,Concrete,875647.88,17512.96,875647.88
LOC-01372,Houston (Flood/Wind),29.55095,-96.23778,Concrete,216729.81,21672.98,216729.81
LOC-01373,Los Angeles (Quake),35.55254,-119.3642,Wood,385772.96,7715.46,385772.96
LOC-01374,Miami (Hurricane),24.38484,-80.39918,Concrete,85887.61,8588.76,85887.61
LOC-01375,Los Angeles (Quake),34.90021,-116.82595,Wood,561793.54,28089.68,674152.25
LOC-01376,Houston (Flood/Wind),28.86363,-95.41228,Wood,50000.0,5000.0,60000.0
LOC-01377,Miami (Hurricane),26.94484,-80.10963,Concrete,50000.0,5000.0,50000.0
LOC-01378,Houston (Flood/Wind),29.60596,-95.98698,Steel,170238.11,3404.76,204285.73
LOC-01379,Houston (Flood/Wind),30.18172,-94.56203,Masonry,115093.74,2301.87,115093.74
LOC-01380,Miami (Hurricane),26.24806,-80.73094,Wood,1125608.67,56280.43,900486.94
LOC-01381,Houston (Flood/Wind),30.23546,-94.50359,Wood,211993.23,4239.86,211993.23
LOC-01382,Los Angeles (Quake),34.57316,-118.29651,Concrete,190896.74,3817.93,190896.74
LOC-01383,Los Angeles (Quake),33.6673,-119.38905,Wood,315778.6,31577.86,378934.32
LOC-01384,Miami (Hurricane),26.95772,-79.31685,Masonry,5917529.06,295876.45,7101034.87
LOC-01385,Los Angeles (Quake),34.99768,-118.54141,Masonry,231771.51,4635.43,231771.51
LOC-01386,Houston (Flood/Wind),30.03523,-94.17454,Concrete,50054.42,2502.72,60065.31
LOC-01387,Houston (Flood/Wind),27.90736,-94.00695,Wood,1944633.56,194463.36,1944633.56
LOC-01388,Los Angeles (Quake),34.24525,-116.52101,Masonry,50000.0,2500.0,50000.0
LOC-01389,Houston (Flood/Wind),27.73439,-95.64309,Wood,50000.0,5000.0,50000.0
LOC-01390,Miami (Hurricane),24.94575,-81.8341,Wood,82385.45,1647.71,82385.45
LOC-01391,Houston (Flood/Wind),29.81429,-94.43132,Concrete,72263.02,7226.3,86715.63
LOC-01392,Houston (Flood/Wind),29.31679,-95.36517,Masonry,648246.65,12964.93,648246.65
LOC-01393,Miami (Hurricane),25.46404,-80.57071,Wood,88359.94,4418.0,106031.93
LOC-01394,Los Angeles (Quake),33.7569,-119.08525,Concrete,111768.51,11176.85,111768.51
LOC-01395,Los Angeles (Quake),34.11958,-119.57175,Wood,131789.76,2635.8,131789.76
LOC-01396,Los Angeles (Quake),33.4463,-118.39304,Wood,90883.66,9088.37,90883.66
LOC-01397,Los Angeles (Quake),33.75186,-116.81967,Wood,2855431.38,285543.14,2855431.38
LOC-01398,Houston (Flood/Wind),29.95546,-96.50121,Wood,651727.86,32586.39,782073.43
LOC-01399,Miami (Hurricane),25.60535,-79.75473,Concrete,1297403.88,64870.19,1297403.88
LOC-01400,Houston (Flood/Wind),29.7126,-95.03708,Masonry,70746.05,7074.61,56596.84
LOC-01401,Houston (Flood/Wind),30.33759,-96.59882,Wood,131391.26,2627.83,157669.51
LOC-01402,Houston (Flood/Wind),30.93882,-95.00794,Wood,1913901.55,95695.08,1913901.55
LOC-01403,Miami (Hurricane),25.03952,-80.35651,Masonry,247512.92,4950.26,247512.92
LOC-01404,Los Angeles (Quake),33.40156,-118.51895,Concrete,311722.01,6234.44,249377.61
LOC-01405,Miami (Hurricane),25.85587,-81.52921,Concrete,297485.82,14874.29,297485.82
LOC-01406,Miami (Hurricane),24.3773,-80.34606,Concrete,435834.0,8716.68,348667.2
LOC-01407,Los Angeles (Quake),34.01175,-117.67624,Wood,50000.0,5000.0,50000.0
LOC-01408,Miami (Hurricane),25.25018,-80.17429,Concrete,368410.1,18420.51,368410.1
LOC-01409,Houston (Flood/Wind),30.43869,-95.74072,Wood,268747.12,13437.36,268747.12
LOC-01410,Houston (Flood/Wind),29.33464,-94.05557,Wood,547581.32,54758.13,547581.32
LOC-01411,Miami (Hurricane),25.66448,-79.02485,Wood,537037.63,53703.76,537037.63
LOC-01412,Miami (Hurricane),26.69492,-79.58475,Concrete,324110.47,6482.21,259288.38
LOC-01413,Houston (Flood/Wind),28.90988,-95.68512,Masonry,174409.41,8720.47,209291.29
LOC-01414,Houston (Flood/Wind),31.11653,-95.59757,Wood,104818.34,10481.83,104818.34
LOC-01415,Miami (Hurricane),27.53631,-80.14592,Masonry,298397.84,29839.78,358077.41
LOC-01416,Los Angeles (Quake),33.28683,-120.7586,Concrete,216809.83,4336.2,260171.79
LOC-01417,Miami (Hurricane),26.36386,-80.16178,Wood,70228.63,1404.57,84274.36
LOC-01418,Houston (Flood/Wind),29.44057,-95.22549,Wood,50000.0,2500.0,50000.0
LOC-01419,Miami (Hurricane),23.61047,-80.28922,Wood,447163.65,22358.18,536596.38
LOC-01420,Houston (Flood/Wind),31.36558,-94.64868,Wood,369369.99,36937.0,443243.99
LOC-01421,Los Angeles (Quake),34.99039,-117.45159,Masonry,64113.73,1282.27,76936.47
LOC-01422,Miami (Hurricane),26.06168,-80.23887,Concrete,215145.17,4302.9,215145.17
LOC-01423,Miami (Hurricane),25.98589,-80.26749,Masonry,835266.84,83526.68,668213.47
LOC-01424,Los Angeles (Quake),36.28028,-118.46227,Concrete,1365558.78,68277.94,1365558.78
LOC-01425,Miami (Hurricane),26.358,-80.38614,Wood,182202.52,3644.05,218643.02
LOC-01426,Miami (Hurricane),25.78961,-80.90503,Wood,287708.84,28770.88,230167.07
LOC-01427,Miami (Hurricane),25.19014,-79.35442,Wood,236109.05,11805.45,188887.24
LOC-01428,Miami (Hurricane),26.16864,-81.01772,Concrete,492510.77,9850.22,492510.77
LOC-01429,Houston (Flood/Wind),28.69536,-95.5815,Masonry,3363752.48,168187.62,3363752.48
LOC-01430,Houston (Flood/Wind),28.67381,-96.78607,Concrete,141099.93,14109.99,141099.93
LOC-01431,Los Angeles (Quake),34.96833,-116.83467,Concrete,1235285.49,61764.27,1235285.49
LOC-01432,Los Angeles (Quake),36.33527,-117.48751,Concrete,1204392.46,60219.62,1445270.95
LOC-01433,Los Angeles (Quake),32.46811,-118.5302,Wood,65135.76,6513.58,65135.76
LOC-01434,Los Angeles (Quake),35.61342,-120.51696,Wood,503650.37,25182.52,402920.3
LOC-01435,Houston (Flood/Wind),29.42841,-97.37934,Wood,70254.18,7025.42,70254.18
LOC-01436,Los Angeles (Quake),33.46939,-117.77712,Wood,82961.06,8296.11,66368.85
LOC-01437,Los Angeles (Quake),35.55833,-117.41965,Wood,375139.92,18757.0,375139.92
LOC-01438,Los Angeles (Quake),34.72995,-118.64915,Concrete,268936.78,13446.84,322724.14
LOC-01439,Miami (Hurricane),25.83648,-79.85706,Wood,308384.35,30838.43,308384.35
LOC-01440,Houston (Flood/Wind),30.42303,-95.06905,Wood,578150.84,11563.02,693781.0
LOC-01441,Miami (Hurricane),25.81685,-79.96621,Masonry,773428.75,15468.58,928114.5
LOC-01442,Miami (Hurricane),25.16948,-80.49926,Wood,162453.72,16245.37,162453.72
LOC-01443,Los Angeles (Quake),33.84262,-116.6115,Masonry,535125.15,26756.26,535125.15
LOC-01444,Miami (Hurricane),23.76513,-79.81155,Masonry,169040.91,3380.82,135232.73
LOC-01445,Los Angeles (Quake),34.15853,-118.83448,Concrete,404968.97,20248.45,404968.97
LOC-01446,Miami (Hurricane),25.00858,-79.83931,Wood,350692.08,7013.84,420830.5
LOC-01447,Los Angeles (Quake),32.35357,-117.07025,Masonry,113488.12,11348.81,113488.12
LOC-01448,Houston (Flood/Wind),29.10672,-95.30989,Wood,371081.62,37108.16,296865.29
LOC-01449,Los Angeles (Quake),32.44893,-116.95902,Wood,406986.24,8139.72,406986.24
LOC-01450,Houston (Flood/Wind),29.74892,-96.31393,Concrete,600537.56,60053.76,600537.56
LOC-01451,Miami (Hurricane),24.68287,-80.53559,Wood,457890.94,45789.09,457890.94
LOC-01452,Los Angeles (Quake),31.60253,-118.87112,Concrete,128939.58,12893.96,128939.58
LOC-01453,Miami (Hurricane),25.95224,-80.86442,Concrete,424717.77,42471.78,509661.33
LOC-01454,Los Angeles (Quake),33.69871,-116.79262,Wood,261898.81,26189.88,261898.81
LOC-01455,Miami (Hurricane),24.93956,-80.32247,Wood,816949.32,40847.47,816949.32
LOC-01456,Miami (Hurricane),26.10236,-79.55187,Wood,253260.15,5065.2,253260.15
LOC-01457,Los Angeles (Quake),34.22164,-118.06951,Wood,244769.76,4895.4,244769.76
LOC-01458,Los Angeles (Quake),32.47157,-117.86991,Wood,217916.64,4358.33,217916.64
LOC-01459,Houston (Flood/Wind),30.51564,-95.56673,Concrete,50000.0,2500.0,40000.0
LOC-01460,Los Angeles (Quake),32.91137,-121.34181,Steel,116713.69,11671.37,116713.69
LOC-01461,Houston (Flood/Wind),31.68603,-96.47305,Wood,193568.4,3871.37,193568.4
LOC-01462,Houston (Flood/Wind),31.74578,-95.57214,Wood,223407.95,4468.16,223407.95
LOC-01463,Los Angeles (Quake),33.7397,-117.79898,Masonry,696049.64,69604.96,696049.64
LOC-01464,Los Angeles (Quake),34.99909,-119.79545,Wood,291814.18,14590.71,350177.01
LOC-01465,Miami (Hurricane),26.45401,-79.12433,Wood,607652.43,12153.05,607652.43
LOC-01466,Los Angeles (Quake),29.94176,-118.11737,Wood,311951.34,6239.03,311951.34
LOC-01467,Miami (Hurricane),24.92752,-79.36979,Wood,437794.32,21889.72,525353.19
LOC-01468,Miami (Hurricane),25.48849,-78.56883,Wood,195150.58,3903.01,195150.58
LOC-01469,Miami (Hurricane),26.45215,-80.51623,Wood,384252.47,38425.25,461102.97
LOC-01470,Los Angeles (Quake),35.65328,-118.58335,Wood,255910.9,12795.55,307093.08
LOC-01471,Houston (Flood/Wind),27.77571,-95.63694,Wood,519395.51,25969.78,519395.51
LOC-01472,Houston (Flood/Wind),29.61304,-95.12096,Wood,151713.14,3034.26,182055.77
LOC-01473,Miami (Hurricane),25.63746,-80.58851,Wood,1009364.55,50468.23,1211237.46
LOC-01474,Miami (Hurricane),26.18541,-80.22246,Wood,608508.38,30425.42,730210.06
LOC-01475,Miami (Hurricane),26.06062,-79.13525,Masonry,1365067.4,27301.35,1638080.89
LOC-01476,Miami (Hurricane),25.53088,-80.3298,Concrete,105119.05,5255.95,105119.05
LOC-01477,Houston (Flood/Wind),29.578,-93.34493,Masonry,192242.66,9612.13,192242.66
LOC-01478,Houston (Flood/Wind),30.64566,-94.49079,Masonry,104141.85,10414.19,124970.22
LOC-01479,Los Angeles (Quake),32.03131,-119.06834,Masonry,172408.99,17240.9,172408.99
LOC-01480,Miami (Hurricane),24.77901,-80.9186,Wood,490954.85,9819.1,392763.88
LOC-01481,Los Angeles (Quake),33.29614,-119.12469,Wood,254948.07,5098.96,254948.07
LOC-01482,Los Angeles (Quake),32.15457,-120.13409,Wood,911103.39,91110.34,911103.39
LOC-01483,Houston (Flood/Wind),29.04445,-94.42772,Wood,951562.3,19031.25,951562.3
LOC-01484,Los Angeles (Quake),33.84693,-118.19726,Wood,590101.06,11802.02,590101.06
LOC-01485,Houston (Flood/Wind),29.58424,-93.79458,Wood,1214412.09,60720.6,1214412.09
LOC-01486,Houston (Flood/Wind),30.97235,-95.84056,Wood,823392.39,16467.85,823392.39
LOC-01487,Houston (Flood/Wind),29.76775,-94.44898,Wood,267847.01,13392.35,267847.01
LOC-01488,Miami (Hurricane),25.87369,-79.59501,Concrete,140242.39,14024.24,140242.39
LOC-01489,Los Angeles (Quake),33.67573,-118.55528,Masonry,298850.72,14942.54,358620.86
LOC-01490,Los Angeles (Quake),35.25006,-118.19976,Wood,1448578.31,28971.57,1448578.31
LOC-01491,Miami (Hurricane),25.44294,-80.54911,Masonry,167188.72,8359.44,167188.72
LOC-01492,Los Angeles (Quake),33.19863,-117.95842,Wood,217392.09,4347.84,260870.51
LOC-01493,Miami (Hurricane),26.00182,-80.30766,Wood,161678.51,16167.85,161678.51
LOC-01494,Houston (Flood/Wind),30.00027,-97.1187,Wood,355689.4,17784.47,426827.28
LOC-01495,Miami (Hurricane),24.98547,-81.2364,Wood,185131.36,18513.14,222157.63
LOC-01496,Miami (Hurricane),26.59509,-79.19606,Wood,629602.7,31480.14,629602.7
LOC-01497,Houston (Flood/Wind),28.25452,-94.18093,Concrete,109200.56,2184.01,87360.45
LOC-01498,Houston (Flood/Wind),28.89716,-97.00548,Wood,205020.34,4100.41,246024.4
LOC-01499,Miami (Hurricane),24.78192,-82.0839,Concrete,272462.95,27246.3,217970.36
LOC-01500,Houston (Flood/Wind),29.39565,-95.45917,Wood,143508.49,7175.42,114806.79
LOC-01501,Houston (Flood/Wind),29.57105,-96.81425,Masonry,264319.18,5286.38,264319.18
LOC-01502,Miami (Hurricane),24.1146,-79.36321,Concrete,567046.04,28352.3,453636.83
LOC-01503,Houston (Flood/Wind),29.90415,-94.02427,Concrete,1298304.53,129830.45,1298304.53
LOC-01504,Los Angeles (Quake),34.95039,-120.22324,Concrete,560216.59,11204.33,560216.59
LOC-01505,Houston (Flood/Wind),29.81487,-96.11271,Concrete,581566.63,29078.33,697879.96
LOC-01506,Houston (Flood/Wind),30.70094,-95.97779,Wood,186481.71,18648.17,223778.05
LOC-01507,Miami (Hurricane),25.22264,-79.30253,Wood,809069.32,16181.39,809069.32
LOC-01508,Houston (Flood/Wind),29.93697,-94.5871,Wood,390369.14,19518.46,390369.14
LOC-01509,Houston (Flood/Wind),29.03883,-95.23094,Steel,305117.15,6102.34,244093.72
LOC-01510,Miami (Hurricane),25.28866,-80.08702,Wood,113953.23,5697.66,113953.23
LOC-01511,Houston (Flood/Wind),28.64833,-96.54128,Wood,241858.89,24185.89,290230.66
LOC-01512,Houston (Flood/Wind),32.12487,-97.38002,Wood,71399.7,7139.97,71399.7
LOC-01513,Houston (Flood/Wind),29.57126,-96.03276,Wood,282172.23,14108.61,282172.23
LOC-01514,Houston (Flood/Wind),29.4156,-95.23343,Wood,269898.2,26989.82,323877.84
LOC-01515,Los Angeles (Quake),36.16621,-116.77537,Wood,101694.52,2033.89,101694.52
LOC-01516,Los Angeles (Quake),32.42876,-118.7755,Concrete,563237.4,56323.74,450589.92
LOC-01517,Los Angeles (Quake),35.73352,-115.20369,Wood,184163.17,9208.16,184163.17
LOC-01518,Houston (Flood/Wind),30.07647,-93.63607,Wood,858884.34,17177.69,858884.34
LOC-01519,Los Angeles (Quake),36.68434,-117.09686,Concrete,66845.23,3342.26,53476.19
LOC-01520,Los Angeles (Quake),33.91019,-119.74119,Masonry,82932.0,8293.2,99518.39
LOC-01521,Houston (Flood/Wind),30.13417,-94.81108,Steel,1364680.28,136468.03,1091744.23
LOC-01522,Miami (Hurricane),25.95053,-79.15515,Wood,402393.29,20119.66,321914.63
LOC-01523,Houston (Flood/Wind),28.39593,-96.29807,Wood,724239.54,36211.98,724239.54
LOC-01524,Los Angeles (Quake),34.5934,-116.0081,Wood,942803.92,18856.08,942803.92
LOC-01525,Miami (Hurricane),27.02102,-80.46853,Wood,440096.86,8801.94,352077.49
LOC-01526,Miami (Hurricane),24.47051,-79.83717,Wood,321935.35,32193.54,257548.28
LOC-01527,Houston (Flood/Wind),32.29578,-95.45285,Concrete,50000.0,1000.0,50000.0
LOC-01528,Los Angeles (Quake),34.43127,-118.99621,Steel,257579.18,12878.96,309095.02
LOC-01529,Houston (Flood/Wind),30.57744,-96.38701,Concrete,251507.41,5030.15,201205.93
LOC-01530,Houston (Flood/Wind),29.85334,-95.08253,Concrete,689495.54,68949.55,551596.43
LOC-01531,Miami (Hurricane),25.41447,-78.86346,Wood,124697.66,6234.88,124697.66
LOC-01532,Los Angeles (Quake),33.95765,-117.47027,Steel,151680.4,15168.04,151680.4
LOC-01533,Los Angeles (Quake),32.67869,-118.80632,Wood,323862.19,32386.22,323862.19
LOC-01534,Houston (Flood/Wind),28.90922,-96.15637,Wood,374135.13,37413.51,299308.11
LOC-01535,Los Angeles (Quake),33.19212,-119.75126,Masonry,50000.0,2500.0,50000.0
LOC-01536,Miami (Hurricane),26.63451,-79.63843,Concrete,169876.31,16987.63,135901.05
LOC-01537,Houston (Flood/Wind),29.80004,-95.009,Concrete,93414.94,4670.75,74731.95
LOC-01538,Miami (Hurricane),26.00893,-79.67211,Wood,135625.73,13562.57,108500.58
LOC-01539,Miami (Hurricane),27.01968,-81.39031,Concrete,211877.43,21187.74,211877.43
LOC-01540,Houston (Flood/Wind),29.90192,-95.30748,Wood,72543.43,3627.17,72543.43
LOC-01541,Los Angeles (Quake),32.90834,-117.04944,Wood,145130.74,7256.54,174156.89
LOC-01542,Miami (Hurricane),25.76022,-80.87014,Wood,111594.18,2231.88,89275.35
LOC-01543,Los Angeles (Quake),37.05874,-118.78567,Wood,148432.53,14843.25,178119.04
LOC-01544,Miami (Hurricane),27.17852,-80.44233,Wood,50000.0,1000.0,50000.0
LOC-01545,Miami (Hurricane),26.58919,-79.4226,Concrete,106151.97,10615.2,84921.57
LOC-01546,Miami (Hurricane),26.79245,-79.01699,Wood,112141.31,5607.07,89713.05
LOC-01547,Los Angeles (Quake),31.95849,-119.51009,Wood,204896.5,10244.83,204896.5
LOC-01548,Los Angeles (Quake),33.17534,-116.19079,Concrete,752791.6,75279.16,752791.6
LOC-01549,Los Angeles (Quake),35.86491,-117.98562,Wood,73121.22,1462.42,73121.22
LOC-01550,Houston (Flood/Wind),28.99468,-94.88531,Wood,126739.37,6336.97,126739.37
LOC-01551,Los Angeles (Quake),32.97234,-118.49636,Wood,296642.36,5932.85,296642.36
LOC-01552,Miami (Hurricane),27.48976,-80.12678,Concrete,872260.54,17445.21,872260.54
LOC-01553,Miami (Hurricane),25.79869,-81.54396,Masonry,688960.09,13779.2,688960.09
LOC-01554,Los Angeles (Quake),34.2697,-116.69295,Wood,175467.02,3509.34,175467.02
LOC-01555,Houston (Flood/Wind),30.93485,-94.18225,Masonry,252959.37,12647.97,303551.24
LOC-01556,Houston (Flood/Wind),31.61174,-96.03701,Wood,655258.03,13105.16,655258.03
LOC-01557,Houston (Flood/Wind),27.65791,-94.02487,Wood,377103.84,18855.19,377103.84
LOC-01558,Houston (Flood/Wind),29.00478,-95.20796,Wood,1375576.12,68778.81,1375576.12
LOC-01559,Houston (Flood/Wind),28.14123,-94.74006,Masonry,167206.08,16720.61,167206.08
LOC-01560,Miami (Hurricane),24.28725,-80.75148,Wood,217645.83,21764.58,217645.83
LOC-01561,Houston (Flood/Wind),29.6644,-95.56786,Wood,958148.0,19162.96,766518.4
LOC-01562,Miami (Hurricane),24.49847,-81.07732,Masonry,264028.52,26402.85,211222.81
LOC-01563,Los Angeles (Quake),34.78812,-116.87837,Wood,127955.29,2559.11,153546.35
LOC-01564,Miami (Hurricane),23.76622,-81.09833,Steel,477490.55,23874.53,477490.55
LOC-01565,Los Angeles (Quake),33.42342,-115.66535,Masonry,50000.0,2500.0,50000.0
LOC-01566,Houston (Flood/Wind),29.18873,-93.66358,Steel,50000.0,1000.0,50000.0
LOC-01567,Houston (Flood/Wind),30.45646,-97.0419,Wood,777925.42,15558.51,777925.42
LOC-01568,Miami (Hurricane),25.97898,-81.20781,Wood,795426.35,15908.53,795426.35
LOC-01569,Houston (Flood/Wind),29.2812,-94.31754,Masonry,371660.36,7433.21,371660.36
LOC-01570,Houston (Flood/Wind),28.09796,-95.65278,Wood,768940.55,38447.03,768940.55
LOC-01571,Los Angeles (Quake),34.35483,-120.60807,Wood,593591.43,29679.57,593591.43
LOC-01572,Los Angeles (Quake),33.69663,-117.92947,Concrete,165832.18,3316.64,165832.18
LOC-01573,Houston (Flood/Wind),29.41395,-94.64329,Wood,619315.45,12386.31,619315.45
LOC-01574,Miami (Hurricane),25.12255,-78.88879,Masonry,114035.48,11403.55,114035.48
LOC-01575,Los Angeles (Quake),34.51416,-117.28542,Wood,769985.54,15399.71,615988.43
LOC-01576,Houston (Flood/Wind),30.10645,-94.74841,Wood,218669.7,21866.97,218669.7
LOC-01577,Houston (Flood/Wind),29.85282,-94.5404,Wood,341669.96,17083.5,341669.96
LOC-01578,Houston (Flood/Wind),28.26264,-95.00683,Wood,583664.88,29183.24,700397.85
LOC-01579,Los Angeles (Quake),34.66484,-118.00161,Wood,287829.89,28782.99,287829.89
LOC-01580,Miami (Hurricane),25.88703,-82.52997,Wood,85486.41,1709.73,68389.13
LOC-01581,Miami (Hurricane),27.03532,-80.66199,Wood,308628.46,30862.85,308628.46
LOC-01582,Los Angeles (Quake),34.74097,-117.6764,Wood,333691.14,16684.56,266952.91
LOC-01583,Miami (Hurricane),25.67222,-80.55395,Wood,389049.04,19452.45,389049.04
LOC-01584,Los Angeles (Quake),32.99529,-120.85319,Wood,65017.87,3250.89,52014.3
LOC-01585,Houston (Flood/Wind),28.9115,-96.29452,Wood,308841.02,15442.05,247072.81
LOC-01586,Miami (Hurricane),25.42589,-80.09739,Wood,50000.0,1000.0,50000.0
LOC-01587,Houston (Flood/Wind),29.69736,-94.85063,Wood,276250.15,27625.02,331500.18
LOC-01588,Houston (Flood/Wind),29.46454,-95.05073,Wood,50000.0,2500.0,50000.0
LOC-01589,Miami (Hurricane),25.8666,-79.48393,Wood,409336.01,8186.72,409336.01
LOC-01590,Miami (Hurricane),25.87113,-81.36626,Wood,231053.45,11552.67,277264.14
LOC-01591,Los Angeles (Quake),34.34684,-118.33597,Wood,1566510.85,78325.54,1566510.85
LOC-01592,Miami (Hurricane),24.81301,-82.40277,Steel,1354650.48,135465.05,1625580.58
LOC-01593,Miami (Hurricane),26.10294,-80.54585,Wood,1126759.51,112675.95,1352111.41
LOC-01594,Houston (Flood/Wind),28.46802,-94.59382,Wood,448864.38,22443.22,359091.5
LOC-01595,Los Angeles (Quake),34.52966,-117.52259,Masonry,229219.07,4584.38,229219.07
LOC-01596,Los Angeles (Quake),34.75939,-117.88507,Masonry,506486.56,25324.33,506486.56
LOC-01597,Miami (Hurricane),24.93996,-79.9121,Concrete,175744.18,17574.42,175744.18
LOC-01598,Houston (Flood/Wind),30.15146,-94.17787,Wood,198242.66,19824.27,237891.2
LOC-01599,Los Angeles (Quake),35.55964,-116.81844,Wood,685301.96,34265.1,548241.57
LOC-01600,Miami (Hurricane),25.36907,-80.05197,Wood,146695.67,2933.91,146695.67
LOC-01601,Los Angeles (Quake),36.50178,-116.62101,Wood,101423.12,2028.46,101423.12
LOC-01602,Houston (Flood/Wind),28.81477,-93.60618,Masonry,636085.19,63608.52,636085.19
LOC-01603,Los Angeles (Quake),35.38701,-117.22953,Wood,157117.85,3142.36,157117.85
LOC-01604,Los Angeles (Quake),33.8342,-116.31967,Wood,426002.67,42600.27,426002.67
LOC-01605,Miami (Hurricane),26.20528,-79.64964,Masonry,262246.89,5244.94,314696.26
LOC-01606,Houston (Flood/Wind),29.57973,-94.60058,Wood,160055.19,3201.1,128044.15
LOC-01607,Miami (Hurricane),26.3364,-80.28839,Wood,108574.89,10857.49,108574.89
LOC-01608,Houston (Flood/Wind),29.59483,-93.65799,Masonry,140708.85,2814.18,140708.85
LOC-01609,Houston (Flood/Wind),28.87447,-95.12024,Wood,280562.6,28056.26,280562.6
LOC-01610,Los Angeles (Quake),32.41286,-120.36549,Concrete,198655.14,3973.1,158924.11
LOC-01611,Houston (Flood/Wind),28.62351,-94.66562,Wood,242551.37,12127.57,194041.1
LOC-01612,Houston (Flood/Wind),30.06813,-94.81821,Masonry,363188.37,36318.84,435826.04
LOC-01613,Miami (Hurricane),26.62745,-80.54422,Wood,50000.0,2500.0,50000.0
LOC-01614,Houston (Flood/Wind),30.32943,-96.00906,Wood,93012.91,4650.65,111615.49
LOC-01615,Los Angeles (Quake),34.93089,-116.83729,Concrete,222809.96,22281.0,222809.96
LOC-01616,Houston (Flood/Wind),30.83056,-94.92063,Steel,118717.17,2374.34,118717.17
LOC-01617,Los Angeles (Quake),33.86877,-117.72343,Wood,538643.38,10772.87,538643.38
LOC-01618,Miami (Hurricane),27.07868,-80.21064,Concrete,203907.55,4078.15,163126.04
LOC-01619,Los Angeles (Quake),32.43065,-118.60385,Wood,415577.54,8311.55,498693.04
LOC-01620,Los Angeles (Quake),33.15154,-118.03614,Wood,223516.09,22351.61,268219.31
LOC-01621,Houston (Flood/Wind),29.89199,-94.79809,Wood,232036.64,23203.66,232036.64
LOC-01622,Houston (Flood/Wind),30.1078,-95.91399,Wood,565855.38,11317.11,452684.31
LOC-01623,Miami (Hurricane),23.1878,-79.98983,Concrete,1226142.41,61307.12,1226142.41
LOC-01624,Los Angeles (Quake),34.72982,-117.18901,Wood,508887.81,50888.78,508887.81
LOC-01625,Los Angeles (Quake),34.4323,-116.89668,Wood,1482974.7,148297.47,1482974.7
LOC-01626,Houston (Flood/Wind),28.69307,-95.47599,Concrete,188484.71,18848.47,188484.71
LOC-01627,Houston (Flood/Wind),28.15279,-94.9916,Concrete,397004.5,19850.23,397004.5
LOC-01628,Miami (Hurricane),24.62927,-79.54507,Wood,235724.47,11786.22,235724.47
LOC-01629,Miami (Hurricane),26.33099,-79.87041,Wood,101446.46,5072.32,101446.46
LOC-01630,Los Angeles (Quake),32.22832,-118.42928,Concrete,50000.0,2500.0,50000.0
LOC-01631,Houston (Flood/Wind),28.21018,-94.43237,Masonry,2105060.6,210506.06,2105060.6
LOC-01632,Houston (Flood/Wind),28.91745,-95.74596,Steel,50000.0,5000.0,50000.0
LOC-01633,Miami (Hurricane),26.69776,-80.40905,Wood,377661.63,37766.16,302129.31
LOC-01634,Los Angeles (Quake),32.49421,-118.50041,Concrete,101018.03,2020.36,80814.42
LOC-01635,Miami (Hurricane),25.97038,-80.66156,Wood,53739.34,5373.93,64487.21
LOC-01636,Los Angeles (Quake),34.92462,-118.67601,Wood,52557.78,1051.16,42046.22
LOC-01637,Miami (Hurricane),24.65229,-80.28103,Wood,260575.6,5211.51,208460.48
LOC-01638,Los Angeles (Quake),34.52657,-118.46325,Wood,700527.35,35026.37,840632.82
LOC-01639,Houston (Flood/Wind),29.40626,-96.04559,Masonry,623057.25,62305.73,747668.7
LOC-01640,Houston (Flood/Wind),31.82884,-95.65261,Steel,255233.64,5104.67,255233.64
LOC-01641,Houston (Flood/Wind),29.68949,-95.70497,Masonry,226211.16,11310.56,226211.16
LOC-01642,Los Angeles (Quake),32.97982,-119.58498,Wood,324692.85,6493.86,259754.28
LOC-01643,Los Angeles (Quake),34.29066,-117.68257,Wood,714058.89,71405.89,714058.89
LOC-01644,Houston (Flood/Wind),30.16762,-95.04743,Wood,190013.49,9500.67,190013.49
LOC-01645,Miami (Hurricane),24.9874,-80.04072,Wood,209451.81,20945.18,209451.81
LOC-01646,Houston (Flood/Wind),29.62356,-96.51799,Wood,600463.94,12009.28,600463.94
LOC-01647,Miami (Hurricane),25.45696,-79.94115,Wood,265169.25,13258.46,318203.1
LOC-01648,Miami (Hurricane),26.19099,-79.35396,Wood,278969.3,13948.47,223175.44
LOC-01649,Los Angeles (Quake),32.53676,-119.71913,Concrete,779456.29,77945.63,935347.55
LOC-01650,Los Angeles (Quake),34.40648,-119.94419,Concrete,1149965.66,114996.57,1379958.79
LOC-01651,Miami (Hurricane),27.04061,-80.78475,Wood,501884.33,25094.22,501884.33
LOC-01652,Los Angeles (Quake),35.12694,-116.02597,Masonry,460476.82,23023.84,552572.19
LOC-01653,Los Angeles (Quake),32.61293,-119.02641,Wood,523108.05,52310.8,523108.05
LOC-01654,Miami (Hurricane),27.42053,-80.04254,Wood,213684.58,4273.69,213684.58
LOC-01655,Los Angeles (Quake),33.47975,-118.1024,Concrete,326128.78,32612.88,260903.02
LOC-01656,Miami (Hurricane),26.62103,-78.92356,Wood,215428.13,4308.56,215428.13
LOC-01657,Houston (Flood/Wind),29.62578,-95.25516,Wood,58502.66,2925.13,58502.66
LOC-01658,Houston (Flood/Wind),29.22899,-96.31557,Wood,265470.09,13273.5,212376.07
LOC-01659,Houston (Flood/Wind),30.70011,-96.082,Concrete,518467.15,25923.36,518467.15
LOC-01660,Los Angeles (Quake),34.33083,-117.71092,Wood,202701.84,20270.18,202701.84
LOC-01661,Houston (Flood/Wind),28.99677,-96.55431,Steel,2908213.37,58164.27,3489856.04
LOC-01662,Los Angeles (Quake),36.6292,-119.74853,Steel,98820.82,9882.08,98820.82
LOC-01663,Los Angeles (Quake),33.66558,-118.74476,Wood,810168.23,81016.82,810168.23
LOC-01664,Los Angeles (Quake),33.59916,-117.48858,Wood,372120.89,37212.09,372120.89
LOC-01665,Los Angeles (Quake),35.02017,-118.51782,Concrete,226119.89,11305.99,180895.91
LOC-01666,Houston (Flood/Wind),29.69429,-93.99928,Wood,1816357.96,90817.9,1453086.37
LOC-01667,Los Angeles (Quake),33.57473,-118.4906,Concrete,415394.37,8307.89,415394.37
LOC-01668,Miami (Hurricane),26.4027,-80.10231,Wood,235418.41,23541.84,235418.41
LOC-01669,Los Angeles (Quake),33.46347,-118.58301,Wood,212968.03,21296.8,170374.43
LOC-01670,Los Angeles (Quake),33.99654,-118.22095,Masonry,50000.0,1000.0,50000.0
LOC-01671,Miami (Hurricane),26.19165,-80.08802,Masonry,62866.81,6286.68,75440.18
LOC-01672,Houston (Flood/Wind),28.83613,-95.43871,Wood,228290.28,4565.81,228290.28
LOC-01673,Houston (Flood/Wind),29.34894,-95.91762,Masonry,686222.49,34311.12,548977.99
LOC-01674,Miami (Hurricane),24.53788,-80.58504,Wood,143336.66,2866.73,172003.99
LOC-01675,Houston (Flood/Wind),29.06485,-95.42677,Wood,870654.61,17413.09,1044785.54
LOC-01676,Miami (Hurricane),24.71173,-80.86249,Wood,79805.11,7980.51,79805.11
LOC-01677,Houston (Flood/Wind),28.78115,-95.38098,Wood,393743.52,19687.18,314994.82
LOC-01678,Los Angeles (Quake),32.86289,-115.37756,Wood,1136670.36,22733.41,909336.29
LOC-01679,Miami (Hurricane),25.93696,-80.57211,Wood,129201.06,2584.02,129201.06
LOC-01680,Houston (Flood/Wind),29.39663,-95.12496,Wood,960496.61,96049.66,960496.61
LOC-01681,Houston (Flood/Wind),29.09846,-96.36723,Wood,1602763.63,80138.18,1602763.63
LOC-01682,Miami (Hurricane),25.41451,-78.95694,Wood,211591.35,10579.57,211591.35
LOC-01683,Miami (Hurricane),26.03319,-79.70385,Concrete,1251112.84,25022.26,1000890.27
LOC-01684,Miami (Hurricane),25.41961,-80.49797,Concrete,622040.43,31102.02,497632.35
LOC-01685,Miami (Hurricane),26.03807,-79.46135,Wood,948128.51,94812.85,948128.51
LOC-01686,Miami (Hurricane),26.55403,-79.04523,Masonry,287437.74,14371.89,287437.74
LOC-01687,Houston (Flood/Wind),29.01997,-95.75532,Wood,408908.78,20445.44,490690.54
LOC-01688,Miami (Hurricane),26.43917,-80.61428,Wood,353795.95,17689.8,353795.95
LOC-01689,Miami (Hurricane),26.6242,-80.26077,Concrete,88933.27,1778.67,71146.62
LOC-01690,Los Angeles (Quake),33.9685,-117.13823,Steel,78904.07,3945.2,94684.88
LOC-01691,Houston (Flood/Wind),30.26027,-96.15772,Wood,180399.11,18039.91,180399.11
LOC-01692,Miami (Hurricane),26.9972,-81.34821,Wood,385352.69,7707.05,385352.69
LOC-01693,Los Angeles (Quake),35.04211,-118.03429,Concrete,196001.95,19600.2,196001.95
LOC-01694,Los Angeles (Quake),34.36442,-117.50853,Masonry,529273.65,52927.37,529273.65
LOC-01695,Houston (Flood/Wind),31.15716,-94.92483,Concrete,679372.64,67937.26,543498.11
LOC-01696,Houston (Flood/Wind),29.98535,-95.94125,Masonry,705153.86,70515.39,846184.64
LOC-01697,Los Angeles (Quake),34.1763,-118.07166,Wood,1084504.64,54225.23,867603.71
LOC-01698,Miami (Hurricane),26.00712,-79.76113,Wood,628424.23,12568.48,628424.23
LOC-01699,Houston (Flood/Wind),30.70023,-94.31283,Wood,61015.41,3050.77,61015.41
LOC-01700,Miami (Hurricane),23.67114,-80.68241,Steel,169448.08,3388.96,169448.08
LOC-01701,Miami (Hurricane),26.0518,-80.74336,Concrete,95445.24,1908.9,76356.19
LOC-01702,Miami (Hurricane),25.69944,-80.24794,Wood,467287.2,46728.72,560744.64
LOC-01703,Houston (Flood/Wind),29.04644,-95.46146,Wood,210674.96,21067.5,210674.96
LOC-01704,Houston (Flood/Wind),28.17178,-93.68315,Wood,134572.61,6728.63,161487.13
LOC-01705,Los Angeles (Quake),35.35245,-118.55451,Wood,351971.39,17598.57,351971.39
LOC-01706,Houston (Flood/Wind),30.66,-94.73289,Wood,166854.04,16685.4,200224.85
LOC-01707,Miami (Hurricane),25.48342,-78.85925,Wood,355116.66,17755.83,355116.66
LOC-01708,Miami (Hurricane),26.61572,-80.81725,Concrete,302948.84,15147.44,302948.84
LOC-01709,Miami (Hurricane),25.45018,-79.10716,Concrete,109836.76,10983.68,87869.4
LOC-01710,Miami (Hurricane),25.73435,-80.59687,Wood,726225.0,14524.5,726225.0
LOC-01711,Miami (Hurricane),25.94263,-80.01116,Wood,346799.62,34679.96,346799.62
LOC-01712,Houston (Flood/Wind),29.24476,-95.44421,Wood,250149.43,25014.94,300179.32
LOC-01713,Houston (Flood/Wind),31.63705,-96.60077,Wood,594389.89,59438.99,475511.91
LOC-01714,Houston (Flood/Wind),28.63357,-95.25532,Wood,240739.85,4814.8,240739.85
LOC-01715,Miami (Hurricane),26.21349,-79.3424,Concrete,317250.86,15862.54,380701.04
LOC-01716,Miami (Hurricane),25.03231,-81.46025,Concrete,504345.37,50434.54,504345.37
LOC-01717,Houston (Flood/Wind),29.37877,-94.62967,Masonry,811120.38,81112.04,811120.38
LOC-01718,Miami (Hurricane),24.71189,-80.54509,Concrete,339108.93,6782.18,339108.93
LOC-01719,Los Angeles (Quake),35.80144,-118.08862,Concrete,415471.54,8309.43,415471.54
LOC-01720,Miami (Hurricane),25.50445,-79.04489,Steel,50000.0,1000.0,50000.0
LOC-01721,Houston (Flood/Wind),31.84538,-95.24373,Concrete,1185480.96,59274.05,948384.77
LOC-01722,Los Angeles (Quake),32.93039,-117.09992,Wood,134465.0,13446.5,134465.0
LOC-01723,Houston (Flood/Wind),28.2683,-94.07459,Wood,1498934.84,149893.48,1498934.84
LOC-01724,Miami (Hurricane),25.47788,-80.59068,Wood,125123.85,12512.38,125123.85
LOC-01725,Miami (Hurricane),23.72252,-79.98574,Wood,66436.04,6643.6,66436.04
LOC-01726,Houston (Flood/Wind),30.12403,-94.7878,Wood,327237.51,32723.75,327237.51
LOC-01727,Los Angeles (Quake),34.34617,-118.15849,Concrete,59439.5,1188.79,59439.5
LOC-01728,Houston (Flood/Wind),29.2735,-95.57509,Wood,343877.46,6877.55,412652.95
LOC-01729,Los Angeles (Quake),36.26964,-116.81506,Concrete,639938.62,12798.77,767926.34
LOC-01730,Los Angeles (Quake),32.32469,-117.22836,Wood,114349.77,11434.98,137219.72
LOC-01731,Los Angeles (Quake),34.4728,-116.98322,Concrete,319848.76,15992.44,383818.52
LOC-01732,Los Angeles (Quake),33.86986,-119.01568,Wood,704098.99,35204.95,563279.19
LOC-01733,Houston (Flood/Wind),28.4709,-95.67138,Concrete,102947.88,10294.79,82358.3
LOC-01734,Los Angeles (Quake),35.15373,-118.30554,Wood,119482.76,5974.14,119482.76
LOC-01735,Los Angeles (Quake),35.11895,-118.9042,Concrete,336296.3,16814.82,336296.3
LOC-01736,Miami (Hurricane),24.09491,-81.28371,Wood,387109.84,19355.49,387109.84
LOC-01737,Miami (Hurricane),25.30202,-80.46042,Concrete,910203.6,45510.18,1092244.32
LOC-01738,Miami (Hurricane),25.19543,-80.8531,Wood,340861.72,17043.09,340861.72
LOC-01739,Miami (Hurricane),25.57674,-81.34048,Concrete,649929.1,12998.58,649929.1
LOC-01740,Miami (Hurricane),26.64246,-80.01288,Wood,50000.0,2500.0,50000.0
LOC-01741,Los Angeles (Quake),35.81193,-119.93476,Wood,134250.82,2685.02,161100.98
LOC-01742,Miami (Hurricane),24.80807,-80.62316,Concrete,197938.18,19793.82,158350.54
LOC-01743,Los Angeles (Quake),33.68766,-119.7745,Wood,1068839.71,106883.97,1068839.71
LOC-01744,Miami (Hurricane),25.80954,-80.09233,Wood,708486.95,14169.74,708486.95
LOC-01745,Houston (Flood/Wind),29.97113,-94.72793,Wood,147503.26,7375.16,118002.61
LOC-01746,Miami (Hurricane),25.15008,-80.5912,Wood,50000.0,5000.0,60000.0
LOC-01747,Miami (Hurricane),24.82729,-79.28273,Wood,385559.14,7711.18,462670.97
LOC-01748,Miami (Hurricane),25.35378,-81.65244,Concrete,731074.78,73107.48,731074.78
LOC-01749,Houston (Flood/Wind),30.89218,-95.30261,Wood,460066.15,23003.31,368052.92
LOC-01750,Los Angeles (Quake),36.35793,-118.32554,Wood,65728.02,6572.8,65728.02
LOC-01751,Miami (Hurricane),26.28681,-80.55615,Wood,142659.65,2853.19,114127.72
LOC-01752,Miami (Hurricane),25.34011,-80.11863,Wood,178737.3,3574.75,142989.84
LOC-01753,Los Angeles (Quake),33.85818,-118.50776,Masonry,825238.15,82523.81,990285.78
LOC-01754,Miami (Hurricane),26.3033,-79.60461,Masonry,50000.0,5000.0,50000.0
LOC-01755,Miami (Hurricane),25.72014,-79.96672,Wood,323574.3,6471.49,258859.44
LOC-01756,Los Angeles (Quake),33.72745,-116.70081,Concrete,54766.21,2738.31,54766.21
LOC-01757,Los Angeles (Quake),34.15821,-118.11445,Wood,314782.32,15739.12,314782.32
LOC-01758,Los Angeles (Quake),34.63431,-116.60732,Wood,432108.96,21605.45,432108.96
LOC-01759,Miami (Hurricane),24.25531,-81.41068,Masonry,50300.63,2515.03,40240.5
LOC-01760,Houston (Flood/Wind),29.55284,-96.20111,Wood,329030.38,32903.04,329030.38
LOC-01761,Los Angeles (Quake),33.75701,-117.70766,Wood,582250.84,29112.54,698701.01
LOC-01762,Houston (Flood/Wind),31.2468,-95.39613,Wood,236187.07,23618.71,236187.07
LOC-01763,Miami (Hurricane),25.64543,-80.41256,Wood,734460.13,14689.2,587568.1
LOC-01764,Houston (Flood/Wind),31.0667,-96.12043,Concrete,198878.74,19887.87,198878.74
LOC-01765,Houston (Flood/Wind),30.73543,-95.79267,Masonry,116334.92,2326.7,93067.93
LOC-01766,Miami (Hurricane),26.02623,-79.98454,Masonry,59316.42,5931.64,59316.42
LOC-01767,Los Angeles (Quake),34.73917,-117.46254,Concrete,1230505.88,24610.12,1230505.88
LOC-01768,Houston (Flood/Wind),29.55997,-95.3749,Concrete,117879.91,2357.6,94303.92
LOC-01769,Miami (Hurricane),26.38055,-80.58836,Concrete,51885.72,1037.71,41508.58
LOC-01770,Houston (Flood/Wind),28.4535,-94.41348,Concrete,1178370.01,58918.5,1178370.01
LOC-01771,Miami (Hurricane),22.62378,-79.96477,Wood,516083.56,10321.67,516083.56
LOC-01772,Houston (Flood/Wind),29.00749,-95.19696,Steel,427631.97,42763.2,513158.37
LOC-01773,Houston (Flood/Wind),30.02853,-97.05018,Wood,65896.71,3294.84,65896.71
LOC-01774,Houston (Flood/Wind),30.74563,-95.63817,Masonry,383321.61,19166.08,306657.28
LOC-01775,Houston (Flood/Wind),30.74785,-94.25557,Wood,387996.86,7759.94,387996.86
LOC-01776,Los Angeles (Quake),34.25631,-118.43092,Wood,943248.35,47162.42,943248.35
LOC-01777,Houston (Flood/Wind),28.17152,-94.97061,Masonry,50000.0,2500.0,60000.0
LOC-01778,Los Angeles (Quake),33.80628,-118.20474,Concrete,89938.22,8993.82,71950.57
LOC-01779,Los Angeles (Quake),35.52986,-117.89645,Concrete,85262.02,8526.2,85262.02
LOC-01780,Miami (Hurricane),23.87192,-79.95987,Wood,1102095.15,22041.9,1102095.15
LOC-01781,Los Angeles (Quake),33.04585,-118.89186,Wood,96876.75,4843.84,77501.4
LOC-01782,Houston (Flood/Wind),28.94571,-94.22259,Wood,123689.49,6184.47,123689.49
LOC-01783,Miami (Hurricane),24.96264,-81.16969,Wood,83686.54,8368.65,83686.54
LOC-01784,Houston (Flood/Wind),29.14999,-95.76992,Concrete,444254.27,44425.43,444254.27
LOC-01785,Houston (Flood/Wind),30.04006,-94.2071,Wood,1805360.66,90268.03,1805360.66
LOC-01786,Los Angeles (Quake),34.23812,-117.13928,Wood,62318.6,6231.86,62318.6
LOC-01787,Houston (Flood/Wind),30.2912,-96.44299,Wood,179243.78,8962.19,215092.54
LOC-01788,Miami (Hurricane),26.41933,-80.95448,Masonry,67072.64,6707.26,80487.17
LOC-01789,Los Angeles (Quake),34.44372,-117.14989,Steel,168700.01,16870.0,202440.01
LOC-01790,Houston (Flood/Wind),27.68983,-96.10584,Masonry,84968.36,1699.37,84968.36
LOC-01791,Houston (Flood/Wind),28.91309,-95.82079,Wood,938414.9,93841.49,938414.9
LOC-01792,Miami (Hurricane),26.49436,-80.30094,Masonry,123215.66,6160.78,123215.66
LOC-01793,Miami (Hurricane),25.25615,-79.41033,Wood,586002.57,58600.26,703203.08
LOC-01794,Houston (Flood/Wind),27.22553,-94.40099,Wood,65012.22,1300.24,65012.22
LOC-01795,Houston (Flood/Wind),31.16378,-94.93652,Concrete,516271.53,25813.58,516271.53
LOC-01796,Los Angeles (Quake),34.40009,-118.46817,Wood,295215.84,14760.79,236172.67
LOC-01797,Houston (Flood/Wind),29.70145,-95.32277,Concrete,50000.0,1000.0,60000.0
LOC-01798,Houston (Flood/Wind),30.80735,-96.24395,Concrete,313441.32,6268.83,313441.32
LOC-01799,Los Angeles (Quake),33.20555,-119.25895,Concrete,502992.25,25149.61,603590.7
LOC-01800,Houston (Flood/Wind),30.11756,-96.1283,Concrete,235015.43,11750.77,235015.43
LOC-01801,Miami (Hurricane),25.60731,-81.61749,Wood,869051.64,86905.16,695241.31
LOC-01802,Miami (Hurricane),25.4346,-80.44659,Concrete,460759.15,23037.96,368607.32
LOC-01803,Los Angeles (Quake),34.06992,-117.85246,Wood,742341.35,37117.07,742341.35
LOC-01804,Miami (Hurricane),25.92804,-81.04833,Wood,122477.06,2449.54,146972.47
LOC-01805,Miami (Hurricane),25.58827,-80.53456,Wood,50000.0,5000.0,50000.0
LOC-01806,Miami (Hurricane),26.14597,-79.63025,Wood,109047.85,10904.78,130857.42
LOC-01807,Miami (Hurricane),26.0664,-80.14847,Wood,585331.34,29266.57,585331.34
LOC-01808,Miami (Hurricane),24.88363,-79.77105,Wood,342453.42,6849.07,410944.11
LOC-01809,Miami (Hurricane),24.4403,-80.16431,Wood,511232.1,10224.64,511232.1
LOC-01810,Miami (Hurricane),26.06183,-80.27208,Wood,298556.23,29855.62,358267.47
LOC-01811,Los Angeles (Quake),34.26072,-119.26462,Concrete,888401.03,44420.05,1066081.24
LOC-01812,Miami (Hurricane),25.14487,-79.53206,Wood,107362.5,10736.25,128835.0
LOC-01813,Los Angeles (Quake),35.03979,-118.19385,Wood,453178.53,45317.85,453178.53
LOC-01814,Los Angeles (Quake),32.92676,-116.61049,Wood,286298.81,5725.98,343558.58
LOC-01815,Los Angeles (Quake),35.23816,-119.34281,Concrete,486822.95,48682.29,486822.95
LOC-01816,Houston (Flood/Wind),29.15247,-95.5743,Wood,1102466.88,55123.34,1102466.88
LOC-01817,Houston (Flood/Wind),28.72818,-95.23206,Concrete,303619.09,30361.91,303619.09
LOC-01818,Miami (Hurricane),25.58831,-81.10774,Concrete,398328.1,7966.56,318662.48
LOC-01819,Houston (Flood/Wind),30.02226,-94.13563,Wood,137171.21,13717.12,137171.21
LOC-01820,Miami (Hurricane),24.88503,-80.36986,Concrete,50000.0,1000.0,50000.0
LOC-01821,Miami (Hurricane),26.40138,-79.23824,Wood,68550.34,1371.01,68550.34
LOC-01822,Los Angeles (Quake),33.98923,-117.9849,Concrete,188613.22,3772.26,150890.58
LOC-01823,Houston (Flood/Wind),30.2134,-94.8756,Wood,502159.77,25107.99,502159.77
LOC-01824,Miami (Hurricane),26.62173,-80.71727,Concrete,91279.81,9127.98,109535.78
LOC-01825,Miami (Hurricane),23.93586,-79.01642,Wood,111809.86,11180.99,89447.89
LOC-01826,Houston (Flood/Wind),29.26706,-94.19805,Wood,405628.8,8112.58,405628.8
LOC-01827,Los Angeles (Quake),33.91581,-116.32475,Wood,354380.15,35438.02,283504.12
LOC-01828,Houston (Flood/Wind),28.13451,-96.00299,Wood,1571025.38,78551.27,1885230.45
LOC-01829,Miami (Hurricane),26.03235,-81.0993,Wood,496654.54,9933.09,496654.54
LOC-01830,Houston (Flood/Wind),29.00796,-96.06626,Wood,1730982.16,34619.64,2077178.59
LOC-01831,Los Angeles (Quake),33.41325,-117.45402,Wood,3279402.47,65588.05,3279402.47
LOC-01832,Houston (Flood/Wind),29.27642,-95.64941,Concrete,236286.57,23628.66,283543.88
LOC-01833,Los Angeles (Quake),33.95443,-117.62599,Wood,316836.33,6336.73,316836.33
LOC-01834,Miami (Hurricane),24.84191,-79.88595,Wood,169749.95,8487.5,169749.95
LOC-01835,Miami (Hurricane),25.92436,-80.73931,Wood,63734.82,3186.74,63734.82
LOC-01836,Houston (Flood/Wind),30.04423,-95.98474,Steel,117575.28,11757.53,117575.28
LOC-01837,Miami (Hurricane),26.22888,-80.14805,Concrete,4053735.33,202686.77,3242988.26
LOC-01838,Houston (Flood/Wind),28.20743,-94.38606,Wood,212583.43,21258.34,212583.43
LOC-01839,Los Angeles (Quake),32.26037,-118.44624,Wood,275161.67,27516.17,275161.67
LOC-01840,Miami (Hurricane),26.22157,-80.00287,Wood,1523381.06,152338.11,1523381.06
LOC-01841,Miami (Hurricane),24.75871,-80.01841,Masonry,3618515.86,72370.32,3618515.86
LOC-01842,Los Angeles (Quake),35.62385,-118.2261,Steel,50000.0,5000.0,50000.0
LOC-01843,Miami (Hurricane),24.74003,-81.05835,Masonry,510604.29,25530.21,510604.29
LOC-01844,Houston (Flood/Wind),30.90137,-95.48036,Wood,1675343.25,83767.16,1340274.6
LOC-01845,Houston (Flood/Wind),29.4258,-94.80417,Concrete,1149398.75,22987.97,1149398.75
LOC-01846,Los Angeles (Quake),36.30911,-117.31633,Wood,50000.0,2500.0,40000.0
LOC-01847,Los Angeles (Quake),34.82567,-118.82821,Wood,536668.14,10733.36,644001.77
LOC-01848,Los Angeles (Quake),34.11274,-117.69844,Concrete,337718.2,16885.91,337718.2
LOC-01849,Houston (Flood/Wind),30.94783,-94.84857,Wood,309118.3,15455.92,309118.3
LOC-01850,Los Angeles (Quake),35.65064,-116.61015,Concrete,60431.19,1208.62,60431.19
LOC-01851,Miami (Hurricane),25.10794,-79.47947,Wood,60460.92,1209.22,60460.92
LOC-01852,Miami (Hurricane),25.87883,-79.2626,Wood,223043.76,4460.88,223043.76
LOC-01853,Houston (Flood/Wind),29.45729,-94.61351,Masonry,166282.88,8314.14,166282.88
LOC-01854,Houston (Flood/Wind),30.27606,-93.89262,Masonry,1883193.21,188319.32,1506554.57
LOC-01855,Miami (Hurricane),26.02517,-80.92695,Wood,404413.59,40441.36,323530.87
LOC-01856,Los Angeles (Quake),32.7938,-118.35554,Steel,130690.58,13069.06,130690.58
LOC-01857,Los Angeles (Quake),34.03508,-118.47949,Concrete,279374.29,13968.71,279374.29
LOC-01858,Miami (Hurricane),26.47764,-79.71893,Wood,229484.49,4589.69,229484.49
LOC-01859,Miami (Hurricane),25.64312,-79.78759,Concrete,349400.57,6988.01,349400.57
LOC-01860,Los Angeles (Quake),32.51158,-117.0415,Wood,400513.58,40051.36,400513.58
LOC-01861,Miami (Hurricane),26.59545,-80.00517,Masonry,460645.5,23032.28,460645.5
LOC-01862,Los Angeles (Quake),36.37573,-118.89917,Wood,159467.75,7973.39,191361.3
LOC-01863,Miami (Hurricane),24.24992,-80.37587,Wood,642286.56,12845.73,642286.56
LOC-01864,Los Angeles (Quake),33.05948,-116.93992,Wood,419056.0,8381.12,502867.2
LOC-01865,Houston (Flood/Wind),30.13836,-95.73729,Concrete,105196.29,2103.93,105196.29
LOC-01866,Houston (Flood/Wind),30.18572,-95.90433,Wood,294346.02,29434.6,294346.02
LOC-01867,Houston (Flood/Wind),30.22451,-96.89211,Wood,202245.31,4044.91,202245.31
LOC-01868,Miami (Hurricane),25.54322,-78.89941,Wood,1189556.39,23791.13,1427467.67
LOC-01869,Miami (Hurricane),26.58228,-80.12836,Masonry,201511.46,20151.15,201511.46
LOC-01870,Los Angeles (Quake),33.4505,-117.05733,Masonry,419721.03,20986.05,419721.03
LOC-01871,Los Angeles (Quake),36.32681,-118.42409,Concrete,76162.82,3808.14,76162.82
LOC-01872,Miami (Hurricane),25.43832,-79.96545,Concrete,373647.63,18682.38,298918.11
LOC-01873,Miami (Hurricane),25.63748,-80.51679,Wood,139904.11,6995.21,167884.93
LOC-01874,Houston (Flood/Wind),28.79227,-94.32515,Wood,50000.0,2500.0,50000.0
LOC-01875,Houston (Flood/Wind),29.90151,-96.89478,Concrete,1946513.24,38930.26,1946513.24
LOC-01876,Miami (Hurricane),24.52997,-79.7417,Wood,89033.12,8903.31,89033.12
LOC-01877,Houston (Flood/Wind),29.84776,-96.10061,Concrete,1556685.38,155668.54,1868022.45
LOC-01878,Los Angeles (Quake),34.72502,-116.8667,Concrete,50000.0,1000.0,40000.0
LOC-01879,Los Angeles (Quake),32.70918,-116.61417,Wood,213245.22,4264.9,170596.18
LOC-01880,Los Angeles (Quake),32.17129,-119.17282,Concrete,214557.58,10727.88,214557.58
LOC-01881,Los Angeles (Quake),35.86809,-117.312,Wood,225977.23,22597.72,225977.23
LOC-01882,Miami (Hurricane),25.64439,-78.31251,Wood,693765.35,34688.27,555012.28
LOC-01883,Miami (Hurricane),25.89683,-79.08077,Masonry,304676.58,15233.83,304676.58
LOC-01884,Miami (Hurricane),25.25376,-79.3201,Concrete,187346.42,9367.32,224815.7
LOC-01885,Houston (Flood/Wind),28.0687,-96.04415,Wood,251877.16,5037.54,302252.59
LOC-01886,Miami (Hurricane),25.69883,-80.29378,Wood,132710.89,6635.54,132710.89
LOC-01887,Houston (Flood/Wind),29.13207,-95.57003,Wood,851706.75,85170.68,851706.75
LOC-01888,Miami (Hurricane),25.91663,-81.04833,Concrete,158315.67,3166.31,158315.67
LOC-01889,Los Angeles (Quake),34.06265,-120.58151,Concrete,60435.71,6043.57,72522.85
LOC-01890,Los Angeles (Quake),34.31946,-117.61728,Wood,174642.12,8732.11,174642.12
LOC-01891,Los Angeles (Quake),33.32146,-118.94855,Masonry,586688.94,11733.78,586688.94
LOC-01892,Los Angeles (Quake),35.30333,-120.03398,Wood,126663.2,6333.16,126663.2
LOC-01893,Los Angeles (Quake),35.54312,-118.55173,Concrete,436586.37,8731.73,349269.1
LOC-01894,Miami (Hurricane),25.91955,-79.03651,Masonry,131298.87,2625.98,131298.87
LOC-01895,Los Angeles (Quake),34.59898,-119.19557,Wood,82729.77,1654.6,82729.77
LOC-01896,Houston (Flood/Wind),31.01111,-95.7997,Wood,1436363.95,143636.39,1436363.95
LOC-01897,Los Angeles (Quake),32.49301,-118.68093,Concrete,99838.61,9983.86,99838.61
LOC-01898,Houston (Flood/Wind),28.9266,-95.54716,Wood,325613.17,6512.26,325613.17
LOC-01899,Houston (Flood/Wind),30.17894,-97.30777,Wood,811351.9,81135.19,973622.28
LOC-01900,Miami (Hurricane),25.56502,-80.90522,Wood,50000.0,1000.0,60000.0
LOC-01901,Houston (Flood/Wind),28.77467,-96.14358,Wood,304687.73,15234.39,304687.73
LOC-01902,Miami (Hurricane),24.96605,-80.87966,Concrete,984204.01,19684.08,787363.2
LOC-01903,Los Angeles (Quake),35.54896,-118.08111,Wood,520075.22,26003.76,624090.26
LOC-01904,Houston (Flood/Wind),31.91811,-94.23138,Concrete,610944.02,12218.88,610944.02
LOC-01905,Houston (Flood/Wind),29.66528,-96.78188,Steel,1674704.14,33494.08,1674704.14
LOC-01906,Miami (Hurricane),26.29745,-80.35856,Wood,481532.54,24076.63,481532.54
LOC-01907,Houston (Flood/Wind),28.73615,-96.57197,Masonry,152805.16,7640.26,122244.13
LOC-01908,Miami (Hurricane),25.00445,-78.9592,Steel,158501.23,3170.02,126800.99
LOC-01909,Los Angeles (Quake),32.77268,-119.22685,Wood,50000.0,1000.0,50000.0
LOC-01910,Los Angeles (Quake),34.62882,-118.98657,Masonry,1890840.32,37816.81,1890840.32
LOC-01911,Miami (Hurricane),25.45171,-79.6218,Wood,57929.81,2896.49,57929.81
LOC-01912,Miami (Hurricane),24.75079,-79.17223,Concrete,606808.72,12136.17,728170.46
LOC-01913,Los Angeles (Quake),33.11522,-115.59002,Wood,973966.16,48698.31,973966.16
LOC-01914,Los Angeles (Quake),34.83989,-118.25775,Wood,116800.64,2336.01,116800.64
LOC-01915,Los Angeles (Quake),32.71652,-117.72402,Concrete,85970.03,1719.4,85970.03
LOC-01916,Miami (Hurricane),25.18714,-79.87862,Wood,1498173.98,149817.4,1198539.18
LOC-01917,Los Angeles (Quake),32.13454,-119.02111,Wood,176790.61,3535.81,176790.61
LOC-01918,Houston (Flood/Wind),31.67607,-95.01557,Wood,341033.05,6820.66,341033.05
LOC-01919,Los Angeles (Quake),34.86886,-117.06757,Concrete,316470.14,31647.01,316470.14
LOC-01920,Miami (Hurricane),25.51173,-79.92294,Masonry,442463.31,8849.27,442463.31
LOC-01921,Houston (Flood/Wind),30.52473,-94.97707,Wood,880994.13,88099.41,704795.3
LOC-01922,Los Angeles (Quake),33.25414,-118.0242,Wood,50000.0,1000.0,60000.0
LOC-01923,Houston (Flood/Wind),27.87308,-95.4468,Wood,1201596.13,24031.92,1201596.13
LOC-01924,Miami (Hurricane),25.20744,-80.82344,Steel,561091.46,11221.83,561091.46
LOC-01925,Los Angeles (Quake),35.73236,-118.49252,Wood,2940695.7,147034.78,2940695.7
LOC-01926,Miami (Hurricane),25.66312,-80.58015,Wood,88479.35,8847.93,70783.48
LOC-01927,Los Angeles (Quake),35.51013,-118.11678,Concrete,82342.7,1646.85,82342.7
LOC-01928,Miami (Hurricane),25.6039,-80.47619,Concrete,50000.0,1000.0,50000.0
LOC-01929,Los Angeles (Quake),35.33534,-118.49355,Wood,304231.83,15211.59,304231.83
LOC-01930,Los Angeles (Quake),33.83433,-117.42101,Wood,267312.99,13365.65,213850.39
LOC-01931,Miami (Hurricane),26.84436,-80.55557,Wood,328400.26,32840.03,262720.21
LOC-01932,Houston (Flood/Wind),30.18603,-95.27922,Wood,569570.89,28478.54,569570.89
LOC-01933,Los Angeles (Quake),34.86536,-118.25291,Wood,53413.76,5341.38,42731.01
LOC-01934,Los Angeles (Quake),36.96692,-118.04502,Wood,411894.82,41189.48,411894.82
LOC-01935,Houston (Flood/Wind),29.59291,-95.77445,Masonry,94819.05,9481.91,94819.05
LOC-01936,Miami (Hurricane),25.58645,-81.5024,Wood,206985.35,20698.53,248382.42
LOC-01937,Los Angeles (Quake),34.31727,-117.54812,Steel,136006.61,2720.13,136006.61
LOC-01938,Los Angeles (Quake),34.53276,-118.58599,Wood,127652.36,6382.62,102121.89
LOC-01939,Houston (Flood/Wind),30.04864,-96.42095,Wood,244677.54,4893.55,293613.05
LOC-01940,Los Angeles (Quake),33.55098,-116.83399,Wood,2226657.31,222665.73,1781325.85
LOC-01941,Los Angeles (Quake),33.1456,-119.23373,Masonry,1249683.33,124968.33,1249683.33
LOC-01942,Houston (Flood/Wind),29.02703,-92.85109,Wood,1592196.32,159219.63,1592196.32
LOC-01943,Los Angeles (Quake),34.08362,-118.15816,Concrete,197591.0,9879.55,197591.0
LOC-01944,Los Angeles (Quake),33.59673,-119.16499,Wood,125286.04,6264.3,100228.84
LOC-01945,Miami (Hurricane),26.01286,-80.73227,Wood,159840.04,3196.8,127872.03
LOC-01946,Miami (Hurricane),25.62997,-79.77947,Wood,371733.57,18586.68,371733.57
LOC-01947,Houston (Flood/Wind),31.29521,-97.43028,Steel,117434.35,2348.69,117434.35
LOC-01948,Miami (Hurricane),25.44792,-80.33719,Concrete,104675.31,5233.77,83740.24
LOC-01949,Miami (Hurricane),26.41496,-80.57379,Wood,50000.0,2500.0,50000.0
LOC-01950,Houston (Flood/Wind),28.6353,-93.88429,Concrete,50000.0,5000.0,50000.0
LOC-01951,Miami (Hurricane),25.50583,-78.91107,Wood,306581.85,30658.19,306581.85
LOC-01952,Los Angeles (Quake),36.41584,-118.85101,Wood,89241.16,8924.12,89241.16
LOC-01953,Miami (Hurricane),25.33881,-78.66997,Concrete,396307.46,7926.15,396307.46
LOC-01954,Miami (Hurricane),25.82161,-81.41805,Steel,98471.02,9847.1,78776.82
LOC-01955,Los Angeles (Quake),35.94861,-117.14382,Wood,229954.31,22995.43,183963.45
LOC-01956,Miami (Hurricane),26.5886,-79.51384,Masonry,599375.91,11987.52,599375.91
LOC-01957,Los Angeles (Quake),31.59097,-117.10733,Steel,50000.0,5000.0,40000.0
LOC-01958,Los Angeles (Quake),33.47275,-118.19125,Wood,911464.5,91146.45,911464.5
LOC-01959,Miami (Hurricane),24.79146,-82.59975,Steel,50000.0,5000.0,50000.0
LOC-01960,Los Angeles (Quake),33.11185,-119.41229,Concrete,127836.14,12783.61,153403.37
LOC-01961,Miami (Hurricane),27.26837,-81.48541,Wood,454278.61,22713.93,363422.89
LOC-01962,Houston (Flood/Wind),29.44484,-95.76027,Concrete,1015608.55,50780.43,1218730.26
LOC-01963,Miami (Hurricane),25.31947,-80.66804,Wood,137344.1,6867.2,137344.1
LOC-01964,Miami (Hurricane),26.59002,-80.83873,Concrete,551746.29,11034.93,662095.55
LOC-01965,Los Angeles (Quake),33.39325,-118.9571,Wood,342644.23,34264.42,274115.38
LOC-01966,Los Angeles (Quake),33.93534,-118.50854,Concrete,92399.6,9239.96,92399.6
LOC-01967,Houston (Flood/Wind),29.37916,-95.57696,Wood,132246.4,6612.32,132246.4
LOC-01968,Miami (Hurricane),25.97663,-80.88334,Concrete,536475.28,26823.76,536475.28
LOC-01969,Los Angeles (Quake),33.22363,-118.95958,Wood,725683.1,36284.15,870819.72
LOC-01970,Miami (Hurricane),25.33462,-80.73995,Masonry,260860.81,13043.04,313032.97
LOC-01971,Los Angeles (Quake),33.19862,-117.52954,Wood,473191.95,9463.84,473191.95
LOC-01972,Houston (Flood/Wind),30.42485,-95.50998,Wood,513704.01,51370.4,410963.21
LOC-01973,Los Angeles (Quake),33.01936,-119.48709,Wood,954596.95,19091.94,1145516.34
LOC-01974,Houston (Flood/Wind),29.47271,-94.50413,Wood,791208.62,15824.17,791208.62
LOC-01975,Miami (Hurricane),26.14685,-79.92359,Steel,291520.28,14576.01,291520.28
LOC-01976,Los Angeles (Quake),34.6202,-116.93383,Concrete,360532.26,36053.23,360532.26
LOC-01977,Los Angeles (Quake),35.11014,-118.54504,Wood,768609.21,76860.92,768609.21
LOC-01978,Houston (Flood/Wind),27.19833,-95.03911,Wood,80077.58,4003.88,80077.58
LOC-01979,Miami (Hurricane),27.02495,-81.21459,Masonry,85550.92,8555.09,85550.92
LOC-01980,Houston (Flood/Wind),29.88024,-92.58793,Wood,594375.94,11887.52,594375.94
LOC-01981,Houston (Flood/Wind),31.45271,-95.62952,Concrete,50000.0,5000.0,50000.0
LOC-01982,Houston (Flood/Wind),29.85918,-94.9713,Wood,128161.82,12816.18,102529.46
LOC-01983,Houston (Flood/Wind),30.00825,-96.44012,Masonry,202629.86,4052.6,202629.86
LOC-01984,Miami (Hurricane),25.33831,-80.12787,Wood,50000.0,5000.0,50000.0
LOC-01985,Miami (Hurricane),24.92145,-81.06963,Steel,671837.75,13436.76,671837.75
LOC-01986,Los Angeles (Quake),35.5044,-117.38801,Wood,50000.0,2500.0,50000.0
LOC-01987,Miami (Hurricane),25.78404,-80.79498,Wood,380642.29,38064.23,380642.29
LOC-01988,Los Angeles (Quake),34.2124,-119.14141,Wood,359208.74,17960.44,359208.74
LOC-01989,Miami (Hurricane),26.63635,-79.58696,Wood,391427.16,19571.36,313141.73
LOC-01990,Houston (Flood/Wind),29.57836,-96.33814,Masonry,343968.54,34396.85,275174.83
LOC-01991,Miami (Hurricane),26.11943,-79.24579,Wood,50000.0,2500.0,40000.0
LOC-01992,Houston (Flood/Wind),30.06007,-95.77583,Wood,459171.85,22958.59,551006.22
LOC-01993,Houston (Flood/Wind),31.37234,-95.21578,Wood,499336.35,49933.63,499336.35
LOC-01994,Los Angeles (Quake),33.84471,-118.95731,Wood,175857.9,3517.16,211029.48
LOC-01995,Houston (Flood/Wind),28.00864,-94.24097,Steel,82604.57,8260.46,66083.66
LOC-01996,Miami (Hurricane),26.10798,-80.58272,Concrete,205693.96,4113.88,205693.96
LOC-01997,Los Angeles (Quake),32.75575,-118.8938,Steel,160197.82,3203.96,192237.38
LOC-01998,Houston (Flood/Wind),30.01366,-95.54424,Wood,127079.83,6353.99,127079.83
LOC-01999,Miami (Hurricane),24.67035,-78.48242,Concrete,1002065.66,20041.31,1202478.8
LOC-02000,Los Angeles (Quake),35.35943,-117.98364,Wood,65067.24,3253.36,52053.79
LOC-02001,Houston (Flood/Wind),30.1749,-96.6369,Wood,111510.98,5575.55,89208.78
LOC-02002,Houston (Flood/Wind),28.77545,-95.20588,Concrete,127687.46,2553.75,127687.46
LOC-02003,Miami (Hurricane),24.61272,-79.97999,Wood,269978.05,26997.8,269978.05
LOC-02004,Los Angeles (Quake),35.11816,-116.47812,Masonry,251158.24,12557.91,301389.88
LOC-02005,Miami (Hurricane),25.85715,-80.0179,Wood,129617.9,12961.79,129617.9
LOC-02006,Houston (Flood/Wind),29.4606,-95.44639,Wood,490466.09,24523.3,588559.31
LOC-02007,Miami (Hurricane),24.81674,-80.68989,Wood,992988.31,19859.77,992988.31
LOC-02008,Miami (Hurricane),24.75142,-82.37332,Concrete,50000.0,2500.0,50000.0
LOC-02009,Miami (Hurricane),26.94129,-79.86491,Wood,518425.49,10368.51,414740.4
LOC-02010,Miami (Hurricane),23.76211,-78.90033,Wood,50000.0,1000.0,50000.0
LOC-02011,Houston (Flood/Wind),31.19403,-94.25079,Wood,112860.89,2257.22,90288.71
LOC-02012,Houston (Flood/Wind),28.56252,-94.82985,Wood,174557.35,8727.87,139645.88
LOC-02013,Miami (Hurricane),25.9117,-80.34724,Concrete,236925.71,23692.57,284310.86
LOC-02014,Houston (Flood/Wind),30.72559,-96.27427,Wood,151935.47,3038.71,182322.56
LOC-02015,Houston (Flood/Wind),30.32197,-95.56847,Concrete,909593.07,90959.31,909593.07
LOC-02016,Houston (Flood/Wind),31.4992,-96.28028,Wood,2078174.99,207817.5,2078174.99
LOC-02017,Los Angeles (Quake),32.95191,-117.23233,Wood,104982.14,5249.11,83985.71
LOC-02018,Miami (Hurricane),25.90583,-80.28499,Wood,437666.21,21883.31,437666.21
LOC-02019,Houston (Flood/Wind),30.17377,-95.31519,Wood,367687.08,18384.35,367687.08
LOC-02020,Los Angeles (Quake),34.80111,-119.0852,Wood,712217.55,71221.75,712217.55
LOC-02021,Houston (Flood/Wind),29.1789,-96.29544,Wood,107111.38,5355.57,85689.11
LOC-02022,Los Angeles (Quake),33.83408,-119.60243,Concrete,69823.36,1396.47,69823.36
LOC-02023,Miami (Hurricane),24.82935,-79.01527,Wood,1061352.39,106135.24,1061352.39
LOC-02024,Miami (Hurricane),24.85158,-79.93463,Wood,121667.37,2433.35,97333.9
LOC-02025,Los Angeles (Quake),32.58371,-121.21671,Wood,88905.78,4445.29,88905.78
LOC-02026,Houston (Flood/Wind),28.61724,-94.0448,Wood,101484.87,10148.49,81187.9
LOC-02027,Houston (Flood/Wind),32.28983,-94.7869,Concrete,259476.58,25947.66,259476.58
LOC-02028,Miami (Hurricane),26.12926,-80.52957,Wood,205017.41,10250.87,164013.93
LOC-02029,Houston (Flood/Wind),30.24977,-94.4004,Wood,762606.94,15252.14,762606.94
LOC-02030,Houston (Flood/Wind),30.96356,-95.37634,Wood,123736.37,12373.64,98989.09
LOC-02031,Los Angeles (Quake),32.98956,-118.67961,Concrete,168278.92,3365.58,201934.71
LOC-02032,Houston (Flood/Wind),29.39189,-95.77808,Wood,210317.93,10515.9,168254.34
LOC-02033,Los Angeles (Quake),35.99021,-118.56606,Wood,265280.79,26528.08,265280.79
LOC-02034,Houston (Flood/Wind),28.67016,-94.58699,Wood,676042.39,67604.24,540833.91
LOC-02035,Los Angeles (Quake),32.4965,-119.16822,Wood,1358072.53,67903.63,1358072.53
LOC-02036,Houston (Flood/Wind),28.99074,-95.30966,Concrete,706756.45,70675.65,706756.45
LOC-02037,Miami (Hurricane),25.89012,-79.28913,Wood,642665.53,64266.55,642665.53
LOC-02038,Los Angeles (Quake),34.4584,-119.37719,Steel,517044.38,51704.44,413635.5
LOC-02039,Houston (Flood/Wind),28.64664,-95.10715,Wood,245195.47,24519.55,245195.47
LOC-02040,Los Angeles (Quake),35.27679,-116.4035,Concrete,180769.52,9038.48,216923.43
LOC-02041,Houston (Flood/Wind),29.81381,-96.68196,Wood,226246.42,4524.93,226246.42
LOC-02042,Houston (Flood/Wind),30.70648,-96.43716,Wood,97417.81,4870.89,97417.81
LOC-02043,Miami (Hurricane),25.83671,-79.45424,Wood,148862.91,14886.29,148862.91
LOC-02044,Miami (Hurricane),25.37368,-80.43553,Wood,499069.63,24953.48,598883.55
LOC-02045,Miami (Hurricane),26.20735,-79.47144,Wood,6296710.28,629671.03,6296710.28
LOC-02046,Miami (Hurricane),26.17263,-78.90708,Wood,431445.87,43144.59,345156.69
LOC-02047,Miami (Hurricane),25.18691,-79.56503,Wood,547071.76,10941.44,547071.76
LOC-02048,Miami (Hurricane),26.22662,-80.99695,Wood,221494.76,11074.74,265793.71
LOC-02049,Miami (Hurricane),25.83267,-80.10042,Wood,376801.52,7536.03,452161.82
LOC-02050,Miami (Hurricane),26.34818,-80.82005,Wood,1884104.33,188410.43,1884104.33
LOC-02051,Houston (Flood/Wind),29.81344,-95.5673,Wood,50000.0,2500.0,50000.0
LOC-02052,Houston (Flood/Wind),28.53052,-94.15014,Wood,613556.48,12271.13,613556.48
LOC-02053,Los Angeles (Quake),33.79456,-116.48247,Concrete,695504.25,69550.43,695504.25
LOC-02054,Houston (Flood/Wind),29.74189,-94.37103,Wood,875854.6,43792.73,875854.6
LOC-02055,Houston (Flood/Wind),30.23468,-94.53575,Wood,456096.76,9121.94,456096.76
LOC-02056,Los Angeles (Quake),32.18365,-117.60578,Masonry,2960110.36,296011.04,2368088.29
LOC-02057,Houston (Flood/Wind),30.14092,-94.6791,Wood,600685.76,12013.72,600685.76
LOC-02058,Houston (Flood/Wind),29.80443,-96.57718,Concrete,781457.48,15629.15,781457.48
LOC-02059,Houston (Flood/Wind),28.34203,-95.12203,Wood,552936.62,11058.73,442349.29
LOC-02060,Los Angeles (Quake),34.25003,-119.95367,Concrete,101270.2,10127.02,101270.2
LOC-02061,Houston (Flood/Wind),29.3642,-95.10626,Concrete,326895.31,32689.53,326895.31
LOC-02062,Miami (Hurricane),25.7962,-80.25446,Concrete,160256.47,8012.82,160256.47
LOC-02063,Los Angeles (Quake),33.50227,-120.18108,Concrete,338556.51,33855.65,338556.51
LOC-02064,Miami (Hurricane),25.32664,-81.26481,Wood,459779.89,45977.99,367823.91
LOC-02065,Miami (Hurricane),26.03611,-80.12111,Concrete,283051.54,5661.03,283051.54
LOC-02066,Los Angeles (Quake),34.80592,-119.59824,Concrete,431467.42,8629.35,431467.42
LOC-02067,Los Angeles (Quake),33.01847,-118.12671,Masonry,1014652.35,101465.23,1014652.35
LOC-02068,Los Angeles (Quake),32.9873,-116.7469,Steel,171958.23,17195.82,171958.23
LOC-02069,Miami (Hurricane),25.57,-80.3704,Wood,92056.73,9205.67,92056.73
LOC-02070,Miami (Hurricane),26.12244,-78.81412,Wood,59706.21,2985.31,71647.46
LOC-02071,Houston (Flood/Wind),30.36553,-95.65008,Wood,364223.86,36422.39,364223.86
LOC-02072,Los Angeles (Quake),33.78354,-115.90375,Concrete,312801.84,15640.09,375362.21
LOC-02073,Houston (Flood/Wind),30.73605,-95.57792,Wood,162679.06,16267.91,162679.06
LOC-02074,Miami (Hurricane),25.655,-80.58343,Wood,242596.58,12129.83,291115.9
LOC-02075,Miami (Hurricane),26.06575,-79.73492,Concrete,322790.51,6455.81,258232.41
LOC-02076,Los Angeles (Quake),33.61212,-118.06378,Wood,435804.4,43580.44,435804.4
LOC-02077,Miami (Hurricane),25.78922,-80.70559,Concrete,737530.77,73753.08,737530.77
LOC-02078,Miami (Hurricane),25.69538,-79.71243,Wood,321342.49,6426.85,321342.49
LOC-02079,Los Angeles (Quake),33.59819,-117.66,Concrete,101501.8,2030.04,121802.16
LOC-02080,Miami (Hurricane),24.57741,-81.07507,Wood,50075.0,2503.75,50075.0
LOC-02081,Houston (Flood/Wind),29.29208,-93.65326,Concrete,928596.84,92859.68,1114316.21
LOC-02082,Miami (Hurricane),26.27341,-81.30009,Steel,485558.01,9711.16,582669.62
LOC-02083,Miami (Hurricane),24.72901,-79.47615,Wood,172571.66,17257.17,207085.99
LOC-02084,Los Angeles (Quake),35.16801,-119.06732,Wood,458494.13,9169.88,458494.13
LOC-02085,Miami (Hurricane),24.4462,-78.57054,Wood,211407.81,4228.16,211407.81
LOC-02086,Houston (Flood/Wind),28.82805,-94.08285,Wood,236913.77,11845.69,236913.77
LOC-02087,Houston (Flood/Wind),30.02202,-94.99443,Wood,865548.83,43277.44,692439.06
LOC-02088,Miami (Hurricane),25.84772,-80.34806,Concrete,214229.15,10711.46,214229.15
LOC-02089,Houston (Flood/Wind),31.17417,-95.78006,Wood,118917.63,11891.76,142701.16
LOC-02090,Los Angeles (Quake),34.26876,-117.80422,Wood,584148.92,29207.45,584148.92
LOC-02091,Miami (Hurricane),24.74654,-80.46584,Concrete,582905.31,11658.11,466324.25
LOC-02092,Houston (Flood/Wind),29.335,-94.99231,Concrete,50000.0,2500.0,50000.0
LOC-02093,Los Angeles (Quake),35.55281,-118.30718,Concrete,197974.62,19797.46,197974.62
LOC-02094,Miami (Hurricane),26.27975,-79.51664,Wood,202058.75,4041.18,161647.0
LOC-02095,Miami (Hurricane),25.86503,-80.49847,Wood,474058.63,9481.17,568870.36
LOC-02096,Los Angeles (Quake),32.79389,-120.21571,Steel,291831.69,14591.58,291831.69
LOC-02097,Los Angeles (Quake),33.14285,-119.93672,Steel,273474.58,27347.46,273474.58
LOC-02098,Miami (Hurricane),25.79327,-80.04293,Concrete,980930.32,98093.03,784744.26
LOC-02099,Los Angeles (Quake),34.93785,-118.58458,Wood,50000.0,2500.0,40000.0
LOC-02100,Miami (Hurricane),27.79613,-82.23843,Concrete,205271.91,4105.44,205271.91
LOC-02101,Los Angeles (Quake),33.65462,-117.77039,Steel,459741.11,45974.11,459741.11
LOC-02102,Los Angeles (Quake),32.5674,-118.85673,Steel,1118109.92,55905.5,1118109.92
LOC-02103,Los Angeles (Quake),32.66711,-116.92909,Wood,222324.43,11116.22,222324.43
LOC-02104,Houston (Flood/Wind),30.17968,-95.71615,Wood,89424.79,8942.48,107309.74
LOC-02105,Los Angeles (Quake),33.68311,-119.405,Concrete,274884.74,13744.24,329861.69
LOC-02106,Miami (Hurricane),25.53171,-77.72195,Wood,410138.66,20506.93,410138.66
LOC-02107,Houston (Flood/Wind),29.8551,-95.04488,Wood,2548303.26,127415.16,3057963.92
LOC-02108,Miami (Hurricane),26.23525,-79.27647,Concrete,55365.37,2768.27,55365.37
LOC-02109,Miami (Hurricane),26.29232,-78.10982,Masonry,424856.93,21242.85,509828.32
LOC-02110,Houston (Flood/Wind),31.72041,-97.24648,Wood,120685.99,6034.3,120685.99
LOC-02111,Houston (Flood/Wind),28.28814,-97.65482,Wood,128189.03,2563.78,128189.03
LOC-02112,Houston (Flood/Wind),29.13337,-93.87587,Wood,192787.02,9639.35,154229.62
LOC-02113,Miami (Hurricane),25.80901,-80.50992,Steel,255386.52,5107.73,255386.52
LOC-02114,Houston (Flood/Wind),29.50862,-92.4021,Wood,412199.06,20609.95,412199.06
LOC-02115,Houston (Flood/Wind),30.43529,-95.31317,Wood,435621.7,8712.43,435621.7
LOC-02116,Miami (Hurricane),26.56584,-80.02546,Wood,719238.57,14384.77,719238.57
LOC-02117,Los Angeles (Quake),34.12449,-117.05277,Wood,171485.0,17148.5,171485.0
LOC-02118,Houston (Flood/Wind),27.87973,-95.19309,Concrete,69603.05,1392.06,69603.05
LOC-02119,Houston (Flood/Wind),29.1117,-95.94264,Wood,379300.87,7586.02,303440.7
LOC-02120,Los Angeles (Quake),35.79005,-119.39777,Wood,365246.04,18262.3,365246.04
LOC-02121,Houston (Flood/Wind),30.55825,-95.59182,Wood,122396.42,2447.93,122396.42
LOC-02122,Miami (Hurricane),26.3277,-80.77675,Concrete,58741.09,2937.05,46992.87
LOC-02123,Miami (Hurricane),25.69366,-79.5951,Wood,146369.47,7318.47,146369.47
LOC-02124,Houston (Flood/Wind),28.19876,-96.03748,Wood,457852.36,45785.24,366281.89
LOC-02125,Houston (Flood/Wind),31.10311,-95.01222,Wood,50959.96,5096.0,40767.97
LOC-02126,Houston (Flood/Wind),31.31022,-96.33846,Steel,1042075.41,104207.54,1250490.49
LOC-02127,Miami (Hurricane),25.45065,-81.28465,Steel,163214.39,3264.29,195857.27
LOC-02128,Miami (Hurricane),24.71828,-80.97253,Masonry,124499.05,2489.98,124499.05
LOC-02129,Houston (Flood/Wind),28.4502,-95.71299,Wood,1125664.93,22513.3,1125664.93
LOC-02130,Miami (Hurricane),25.20516,-80.59192,Wood,456809.82,9136.2,456809.82
LOC-02131,Houston (Flood/Wind),28.88011,-96.02666,Wood,125099.23,2501.98,125099.23
LOC-02132,Los Angeles (Quake),34.19103,-118.16512,Concrete,126036.04,2520.72,126036.04
LOC-02133,Miami (Hurricane),24.88739,-80.62075,Wood,50000.0,1000.0,50000.0
LOC-02134,Los Angeles (Quake),34.476,-117.88395,Wood,51244.35,1024.89,51244.35
LOC-02135,Houston (Flood/Wind),30.54124,-96.53719,Wood,2087851.68,104392.58,2505422.02
LOC-02136,Houston (Flood/Wind),29.86851,-94.36424,Wood,5766074.7,288303.73,5766074.7
LOC-02137,Los Angeles (Quake),33.15327,-119.21691,Wood,618333.54,30916.68,618333.54
LOC-02138,Los Angeles (Quake),34.25294,-117.54883,Wood,428090.95,42809.09,342472.76
LOC-02139,Houston (Flood/Wind),30.35063,-95.02404,Masonry,2716409.67,271640.97,3259691.6
LOC-02140,Los Angeles (Quake),34.30093,-117.75654,Wood,162673.95,3253.48,195208.74
LOC-02141,Houston (Flood/Wind),30.12292,-94.2459,Wood,1297202.33,129720.23,1297202.33
LOC-02142,Miami (Hurricane),25.77673,-80.18559,Steel,78093.01,1561.86,78093.01
LOC-02143,Los Angeles (Quake),32.29028,-118.28606,Concrete,288441.95,5768.84,288441.95
LOC-02144,Miami (Hurricane),25.31197,-80.96966,Wood,183231.88,9161.59,219878.25
LOC-02145,Los Angeles (Quake),33.71117,-116.36235,Wood,548138.89,10962.78,438511.11
LOC-02146,Miami (Hurricane),26.67807,-78.01034,Concrete,79107.16,1582.14,94928.6
LOC-02147,Houston (Flood/Wind),29.19155,-95.28733,Wood,90086.69,4504.33,108104.02
LOC-02148,Miami (Hurricane),25.50069,-80.28033,Wood,597180.42,59718.04,597180.42
LOC-02149,Houston (Flood/Wind),30.04199,-95.26459,Wood,232004.49,4640.09,232004.49
LOC-02150,Miami (Hurricane),25.69929,-80.9193,Wood,494717.72,49471.77,593661.26
LOC-02151,Houston (Flood/Wind),29.83182,-95.47865,Concrete,187423.1,9371.16,187423.1
LOC-02152,Los Angeles (Quake),34.89062,-116.54106,Masonry,72817.48,7281.75,72817.48
LOC-02153,Los Angeles (Quake),35.53085,-117.71885,Wood,801829.14,80182.91,801829.14
LOC-02154,Los Angeles (Quake),33.95192,-116.95075,Concrete,89366.12,8936.61,89366.12
LOC-02155,Miami (Hurricane),25.71859,-80.78607,Wood,205118.98,20511.9,205118.98
LOC-02156,Miami (Hurricane),26.99937,-79.3172,Concrete,231884.24,11594.21,185507.39
LOC-02157,Los Angeles (Quake),33.61759,-118.52648,Wood,291660.39,5833.21,233328.31
LOC-02158,Miami (Hurricane),25.495,-80.14525,Concrete,50000.0,2500.0,50000.0
LOC-02159,Los Angeles (Quake),33.06422,-118.92873,Masonry,770718.85,38535.94,770718.85
LOC-02160,Los Angeles (Quake),34.30112,-117.92113,Wood,95982.22,9598.22,95982.22
LOC-02161,Los Angeles (Quake),31.32931,-119.41619,Wood,50000.0,1000.0,50000.0
LOC-02162,Houston (Flood/Wind),29.67465,-94.29264,Steel,320612.78,16030.64,320612.78
LOC-02163,Houston (Flood/Wind),28.65664,-95.1102,Wood,406067.72,20303.39,406067.72
LOC-02164,Los Angeles (Quake),34.35323,-118.42271,Steel,576685.13,28834.26,692022.16
LOC-02165,Miami (Hurricane),26.87353,-78.63042,Concrete,3078258.17,307825.82,2462606.54
LOC-02166,Los Angeles (Quake),34.41369,-117.04429,Wood,642653.98,32132.7,642653.98
LOC-02167,Houston (Flood/Wind),29.38447,-95.10862,Concrete,104480.66,10448.07,104480.66
LOC-02168,Los Angeles (Quake),32.94165,-119.50843,Concrete,555027.52,55502.75,555027.52
LOC-02169,Los Angeles (Quake),34.46375,-119.02013,Steel,2018319.54,40366.39,1614655.63
LOC-02170,Miami (Hurricane),25.79683,-79.81836,Wood,250513.33,12525.67,300615.99
LOC-02171,Los Angeles (Quake),33.96768,-119.52762,Wood,694946.11,13898.92,694946.11
LOC-02172,Miami (Hurricane),25.50942,-80.19483,Wood,298831.62,29883.16,298831.62
LOC-02173,Houston (Flood/Wind),29.53721,-95.77477,Wood,1668138.22,33362.76,2001765.87
LOC-02174,Houston (Flood/Wind),31.67916,-97.15461,Concrete,318344.41,31834.44,382013.29
LOC-02175,Los Angeles (Quake),34.36737,-119.98372,Masonry,221685.32,11084.27,266022.39
LOC-02176,Miami (Hurricane),25.46009,-79.26497,Masonry,172517.38,17251.74,172517.38
LOC-02177,Los Angeles (Quake),32.45697,-118.58511,Wood,988807.75,19776.15,988807.75
LOC-02178,Houston (Flood/Wind),29.32448,-96.39433,Masonry,304086.69,30408.67,243269.35
LOC-02179,Miami (Hurricane),26.46142,-80.68774,Concrete,108360.42,5418.02,108360.42
LOC-02180,Miami (Hurricane),25.27291,-81.12878,Masonry,1513773.16,75688.66,1513773.16
LOC-02181,Los Angeles (Quake),35.28748,-118.80959,Steel,421404.12,8428.08,421404.12
LOC-02182,Houston (Flood/Wind),28.57921,-95.56633,Wood,671476.2,13429.52,805771.44
LOC-02183,Miami (Hurricane),26.40679,-80.70741,Wood,273484.19,27348.42,328181.02
LOC-02184,Miami (Hurricane),25.3447,-79.87547,Wood,294693.93,29469.39,294693.93
LOC-02185,Los Angeles (Quake),34.70811,-116.85468,Wood,351167.12,17558.36,280933.7
LOC-02186,Miami (Hurricane),26.73032,-79.84677,Concrete,82938.75,8293.87,82938.75
LOC-02187,Houston (Flood/Wind),30.49325,-96.06592,Wood,177741.89,3554.84,177741.89
LOC-02188,Miami (Hurricane),24.96616,-80.2702,Wood,603114.28,12062.29,482491.43
LOC-02189,Miami (Hurricane),26.02225,-79.72127,Masonry,742316.83,14846.34,742316.83
LOC-02190,Los Angeles (Quake),33.4967,-116.94466,Masonry,138669.98,6933.5,166403.97
LOC-02191,Miami (Hurricane),26.58014,-80.56424,Wood,50000.0,2500.0,50000.0
LOC-02192,Los Angeles (Quake),34.82127,-117.61687,Concrete,50000.0,2500.0,50000.0
LOC-02193,Los Angeles (Quake),34.46827,-118.64813,Concrete,573421.03,11468.42,573421.03
LOC-02194,Houston (Flood/Wind),28.97285,-96.49661,Concrete,1157098.48,115709.85,1157098.48
LOC-02195,Miami (Hurricane),27.39078,-79.58898,Concrete,265417.93,13270.9,212334.34
LOC-02196,Miami (Hurricane),26.11357,-81.78938,Wood,182051.55,3641.03,218461.86
LOC-02197,Houston (Flood/Wind),28.95565,-93.81151,Wood,187514.61,9375.73,187514.61
LOC-02198,Houston (Flood/Wind),30.9002,-93.14932,Masonry,225288.79,11264.44,180231.03
LOC-02199,Houston (Flood/Wind),30.00148,-93.03382,Wood,2048267.72,204826.77,1638614.18
LOC-02200,Houston (Flood/Wind),29.50428,-95.48378,Wood,265348.9,5306.98,265348.9
LOC-02201,Los Angeles (Quake),33.23776,-117.16733,Wood,82344.42,8234.44,98813.31
LOC-02202,Los Angeles (Quake),36.04627,-118.7911,Steel,443553.97,8871.08,354843.18
LOC-02203,Houston (Flood/Wind),31.20865,-96.75864,Wood,114957.34,5747.87,114957.34
LOC-02204,Miami (Hurricane),25.41711,-80.61575,Wood,66149.17,6614.92,66149.17
LOC-02205,Houston (Flood/Wind),29.75767,-96.40191,Wood,80206.49,4010.32,80206.49
LOC-02206,Houston (Flood/Wind),30.4494,-96.52593,Wood,88542.25,1770.84,88542.25
LOC-02207,Miami (Hurricane),25.4617,-80.15683,Concrete,185205.4,9260.27,148164.32
LOC-02208,Los Angeles (Quake),33.90362,-119.89041,Wood,88145.43,4407.27,105774.51
LOC-02209,Houston (Flood/Wind),29.86647,-94.66201,Wood,598283.07,59828.31,717939.69
LOC-02210,Miami (Hurricane),24.56549,-80.42495,Wood,722218.62,72221.86,722218.62
LOC-02211,Houston (Flood/Wind),29.6845,-95.28948,Wood,98975.01,1979.5,98975.01
LOC-02212,Los Angeles (Quake),36.79101,-118.24759,Wood,335366.71,6707.33,335366.71
LOC-02213,Miami (Hurricane),25.29956,-80.71934,Masonry,732357.43,73235.74,732357.43
LOC-02214,Houston (Flood/Wind),30.51865,-94.69328,Masonry,586129.86,58612.99,586129.86
LOC-02215,Miami (Hurricane),26.32784,-79.78657,Concrete,463701.23,46370.12,463701.23
LOC-02216,Los Angeles (Quake),35.64575,-118.07463,Wood,238850.33,23885.03,286620.4
LOC-02217,Miami (Hurricane),25.05302,-80.21113,Wood,421708.42,42170.84,421708.42
LOC-02218,Miami (Hurricane),24.15725,-80.94985,Wood,1054808.48,52740.42,1265770.17
LOC-02219,Houston (Flood/Wind),29.38963,-95.44215,Concrete,96424.56,4821.23,96424.56
LOC-02220,Miami (Hurricane),26.8991,-79.82697,Wood,484399.52,24219.98,484399.52
LOC-02221,Miami (Hurricane),26.82842,-81.28893,Concrete,356534.67,17826.73,285227.74
LOC-02222,Houston (Flood/Wind),31.69272,-93.06813,Concrete,125103.12,12510.31,150123.75
LOC-02223,Los Angeles (Quake),34.14938,-118.10824,Concrete,60673.72,3033.69,60673.72
LOC-02224,Miami (Hurricane),25.20778,-81.33118,Concrete,217280.18,4345.6,217280.18
LOC-02225,Los Angeles (Quake),35.01259,-116.29208,Wood,85599.59,1711.99,68479.67
LOC-02226,Los Angeles (Quake),35.81904,-118.2915,Wood,1074784.66,107478.47,859827.73
LOC-02227,Los Angeles (Quake),35.38666,-118.90552,Masonry,284889.4,14244.47,284889.4
LOC-02228,Miami (Hurricane),26.47884,-80.96851,Concrete,339115.25,33911.52,339115.25
LOC-02229,Los Angeles (Quake),35.31865,-118.4023,Wood,216302.26,10815.11,173041.81
LOC-02230,Houston (Flood/Wind),30.02857,-94.25929,Wood,490767.4,24538.37,392613.92
LOC-02231,Los Angeles (Quake),36.04938,-119.75804,Steel,269109.7,13455.48,269109.7
LOC-02232,Miami (Hurricane),26.05291,-80.17839,Concrete,248926.96,12446.35,199141.57
LOC-02233,Houston (Flood/Wind),28.97737,-95.04419,Wood,123181.35,6159.07,123181.35
LOC-02234,Los Angeles (Quake),34.82508,-118.18741,Wood,147749.52,7387.48,177299.43
LOC-02235,Miami (Hurricane),26.01196,-80.20364,Wood,623139.29,12462.79,623139.29
LOC-02236,Miami (Hurricane),27.26831,-81.97474,Wood,1785878.5,89293.92,1785878.5
LOC-02237,Miami (Hurricane),26.69668,-80.38805,Wood,204049.09,4080.98,204049.09
LOC-02238,Los Angeles (Quake),36.1176,-118.45007,Wood,104853.0,2097.06,104853.0
LOC-02239,Miami (Hurricane),26.04919,-80.43516,Wood,92561.27,1851.23,92561.27
LOC-02240,Miami (Hurricane),26.10142,-80.49792,Wood,70117.63,7011.76,56094.11
LOC-02241,Los Angeles (Quake),32.43619,-117.25149,Wood,175593.49,8779.67,175593.49
LOC-02242,Miami (Hurricane),26.14195,-80.02552,Concrete,256518.36,12825.92,307822.03
LOC-02243,Miami (Hurricane),25.74111,-80.98699,Wood,676276.55,33813.83,676276.55
LOC-02244,Miami (Hurricane),26.21547,-80.63673,Wood,311377.33,31137.73,249101.86
LOC-02245,Los Angeles (Quake),34.51212,-115.67409,Wood,528779.82,52877.98,528779.82
LOC-02246,Houston (Flood/Wind),29.3463,-93.01575,Concrete,112908.05,2258.16,112908.05
LOC-02247,Los Angeles (Quake),34.69777,-119.38713,Wood,212726.92,21272.69,212726.92
LOC-02248,Houston (Flood/Wind),29.30963,-95.64575,Wood,275818.18,27581.82,275818.18
LOC-02249,Miami (Hurricane),25.70846,-79.62552,Masonry,243681.01,4873.62,243681.01
LOC-02250,Miami (Hurricane),24.97909,-79.8973,Concrete,3387082.26,67741.65,3387082.26
LOC-02251,Los Angeles (Quake),33.30714,-116.43731,Concrete,1598472.25,159847.23,1598472.25
LOC-02252,Los Angeles (Quake),33.85369,-118.83624,Wood,88581.65,4429.08,70865.32
LOC-02253,Los Angeles (Quake),32.45427,-119.14405,Wood,116268.97,5813.45,116268.97
LOC-02254,Los Angeles (Quake),31.81246,-117.95445,Wood,490861.38,9817.23,490861.38
LOC-02255,Miami (Hurricane),25.55149,-79.23986,Concrete,228091.52,22809.15,182473.22
LOC-02256,Houston (Flood/Wind),28.95312,-94.38426,Wood,238899.29,4777.99,238899.29
LOC-02257,Miami (Hurricane),26.13417,-81.09184,Wood,53636.14,5363.61,53636.14
LOC-02258,Houston (Flood/Wind),30.08799,-95.62281,Concrete,529295.74,52929.57,635154.89
LOC-02259,Los Angeles (Quake),34.39173,-119.27267,Wood,1224422.27,24488.45,1224422.27
LOC-02260,Los Angeles (Quake),33.17464,-117.59438,Wood,189464.52,3789.29,189464.52
LOC-02261,Los Angeles (Quake),33.55849,-117.79579,Concrete,643540.1,64354.01,514832.08
LOC-02262,Miami (Hurricane),25.51518,-79.21,Wood,1242973.28,62148.66,1242973.28
LOC-02263,Los Angeles (Quake),34.96071,-120.3124,Wood,977494.19,19549.88,781995.36
LOC-02264,Los Angeles (Quake),32.58241,-119.24231,Masonry,1188067.35,59403.37,1188067.35
LOC-02265,Los Angeles (Quake),35.74491,-119.7743,Steel,340187.32,17009.37,340187.32
LOC-02266,Miami (Hurricane),25.53917,-80.38128,Wood,234638.73,11731.94,234638.73
LOC-02267,Miami (Hurricane),26.40692,-81.06037,Steel,63660.91,6366.09,76393.09
LOC-02268,Houston (Flood/Wind),31.00746,-95.18812,Masonry,680869.73,68086.97,680869.73
LOC-02269,Miami (Hurricane),25.8469,-80.62596,Wood,156145.12,7807.26,187374.14
LOC-02270,Los Angeles (Quake),34.5597,-121.37641,Wood,225705.72,22570.57,225705.72
LOC-02271,Los Angeles (Quake),34.98122,-118.79596,Wood,266988.04,13349.4,266988.04
LOC-02272,Los Angeles (Quake),33.52034,-116.58128,Concrete,201909.43,10095.47,201909.43
LOC-02273,Los Angeles (Quake),32.51005,-119.64432,Concrete,436152.46,21807.62,436152.46
LOC-02274,Los Angeles (Quake),36.58053,-118.23986,Wood,158758.67,15875.87,158758.67
LOC-02275,Miami (Hurricane),25.68692,-81.93831,Wood,246034.28,4920.69,246034.28
LOC-02276,Los Angeles (Quake),33.93865,-118.70096,Wood,3471085.43,69421.71,3471085.43
LOC-02277,Los Angeles (Quake),34.15445,-119.51629,Wood,1088486.84,54424.34,1306184.21
LOC-02278,Miami (Hurricane),24.60186,-80.71243,Masonry,125722.98,2514.46,125722.98
LOC-02279,Miami (Hurricane),24.3543,-79.49815,Concrete,104206.5,2084.13,125047.8
LOC-02280,Miami (Hurricane),25.65477,-80.73464,Wood,51757.5,1035.15,62109.0
LOC-02281,Miami (Hurricane),25.76815,-80.19797,Wood,180813.56,9040.68,180813.56
LOC-02282,Houston (Flood/Wind),29.64744,-95.77025,Masonry,147257.51,2945.15,147257.51
LOC-02283,Miami (Hurricane),26.18836,-80.47178,Wood,500667.29,25033.36,500667.29
LOC-02284,Los Angeles (Quake),32.15718,-118.75759,Concrete,132500.9,13250.09,132500.9
LOC-02285,Los Angeles (Quake),33.93622,-116.30836,Wood,292504.37,29250.44,292504.37
LOC-02286,Los Angeles (Quake),33.23106,-118.92908,Wood,142149.63,14214.96,113719.7
LOC-02287,Los Angeles (Quake),35.81305,-119.19964,Steel,1804489.41,36089.79,2165387.29
LOC-02288,Los Angeles (Quake),34.18339,-118.68376,Wood,189688.02,3793.76,151750.42
LOC-02289,Miami (Hurricane),26.07167,-78.44378,Wood,333890.67,33389.07,267112.54
LOC-02290,Houston (Flood/Wind),31.42921,-94.04857,Masonry,282072.95,14103.65,282072.95
LOC-02291,Miami (Hurricane),26.54071,-79.50145,Masonry,165466.14,16546.61,198559.37
LOC-02292,Houston (Flood/Wind),29.73191,-96.08531,Wood,256640.9,12832.04,205312.72
LOC-02293,Houston (Flood/Wind),28.70008,-96.9801,Masonry,334287.97,6685.76,267430.38
LOC-02294,Miami (Hurricane),24.61485,-80.51684,Wood,298711.73,14935.59,298711.73
LOC-02295,Los Angeles (Quake),34.08094,-116.57935,Wood,114418.81,2288.38,114418.81
LOC-02296,Houston (Flood/Wind),30.61008,-95.48777,Steel,131114.77,2622.3,131114.77
LOC-02297,Houston (Flood/Wind),28.20649,-96.29016,Concrete,329013.28,16450.66,394815.94
LOC-02298,Miami (Hurricane),24.84134,-81.04708,Wood,630736.47,31536.82,630736.47
LOC-02299,Los Angeles (Quake),34.91455,-118.58418,Concrete,804808.59,16096.17,804808.59
LOC-02300,Los Angeles (Quake),33.4801,-118.40548,Wood,251212.98,25121.3,251212.98
LOC-02301,Los Angeles (Quake),34.84166,-119.96992,Wood,658247.81,13164.96,658247.81
LOC-02302,Houston (Flood/Wind),30.04389,-96.45157,Masonry,1625739.93,32514.8,1625739.93
LOC-02303,Los Angeles (Quake),33.98272,-119.63587,Wood,452960.44,45296.04,452960.44
LOC-02304,Los Angeles (Quake),34.20875,-121.19622,Wood,233239.73,23323.97,233239.73
LOC-02305,Miami (Hurricane),25.80586,-80.66853,Concrete,135485.37,6774.27,135485.37
LOC-02306,Houston (Flood/Wind),30.86907,-94.42005,Wood,775779.14,77577.91,775779.14
LOC-02307,Miami (Hurricane),23.93349,-80.65189,Masonry,118729.63,2374.59,94983.71
LOC-02308,Houston (Flood/Wind),28.64649,-95.99139,Wood,70741.17,1414.82,56592.93
LOC-02309,Miami (Hurricane),25.36542,-80.53211,Wood,100509.94,10050.99,100509.94
LOC-02310,Houston (Flood/Wind),29.63781,-94.86766,Concrete,314609.2,6292.18,314609.2
LOC-02311,Miami (Hurricane),25.18214,-81.78627,Concrete,449314.95,22465.75,449314.95
LOC-02312,Los Angeles (Quake),34.09931,-120.35304,Wood,474769.5,47476.95,474769.5
LOC-02313,Houston (Flood/Wind),29.66179,-96.01966,Wood,2025477.72,202547.77,2025477.72
LOC-02314,Houston (Flood/Wind),30.50031,-96.63244,Wood,507603.75,25380.19,609124.5
LOC-02315,Miami (Hurricane),26.51728,-79.86211,Masonry,64020.56,3201.03,51216.45
LOC-02316,Miami (Hurricane),27.51501,-80.3176,Concrete,71651.12,3582.56,71651.12
LOC-02317,Miami (Hurricane),24.86194,-79.4703,Concrete,814273.78,40713.69,814273.78
LOC-02318,Miami (Hurricane),25.44772,-78.73824,Concrete,370660.42,7413.21,370660.42
LOC-02319,Houston (Flood/Wind),30.46166,-94.64673,Concrete,735535.8,14710.72,588428.64
LOC-02320,Miami (Hurricane),24.86438,-81.46852,Steel,356226.38,17811.32,356226.38
LOC-02321,Los Angeles (Quake),33.60964,-117.10857,Wood,144831.65,2896.63,144831.65
LOC-02322,Los Angeles (Quake),34.07997,-118.64583,Concrete,366091.69,7321.83,366091.69
LOC-02323,Los Angeles (Quake),33.06174,-118.85986,Wood,639796.94,63979.69,639796.94
LOC-02324,Los Angeles (Quake),34.43454,-120.14915,Concrete,621702.44,31085.12,621702.44
LOC-02325,Houston (Flood/Wind),30.96949,-94.27457,Concrete,102708.17,5135.41,82166.54
LOC-02326,Miami (Hurricane),24.35762,-79.07054,Concrete,98166.29,1963.33,98166.29
LOC-02327,Miami (Hurricane),25.38237,-78.82385,Wood,318202.42,31820.24,318202.42
LOC-02328,Los Angeles (Quake),34.92444,-117.0215,Concrete,50000.0,1000.0,50000.0
LOC-02329,Los Angeles (Quake),35.77011,-119.11104,Masonry,920257.77,46012.89,920257.77
LOC-02330,Miami (Hurricane),26.20046,-81.23673,Wood,305395.93,30539.59,305395.93
LOC-02331,Houston (Flood/Wind),29.59911,-93.99752,Concrete,181805.8,3636.12,181805.8
LOC-02332,Los Angeles (Quake),34.17557,-117.20257,Concrete,572131.61,11442.63,572131.61
LOC-02333,Los Angeles (Quake),35.01281,-119.69554,Wood,835262.98,16705.26,835262.98
LOC-02334,Houston (Flood/Wind),28.70854,-94.17021,Wood,64208.98,3210.45,64208.98
LOC-02335,Houston (Flood/Wind),28.59142,-97.18144,Wood,129710.64,2594.21,155652.77
LOC-02336,Los Angeles (Quake),33.32212,-119.33757,Wood,603521.0,30176.05,482816.8
LOC-02337,Houston (Flood/Wind),29.56987,-95.07843,Concrete,1007746.24,20154.92,806196.99
LOC-02338,Houston (Flood/Wind),30.49564,-95.43088,Wood,322851.19,6457.02,322851.19
LOC-02339,Miami (Hurricane),24.69591,-78.81654,Wood,262272.17,5245.44,262272.17
LOC-02340,Miami (Hurricane),26.02396,-80.22242,Wood,214072.54,4281.45,214072.54
LOC-02341,Miami (Hurricane),24.31658,-80.69661,Masonry,56937.75,5693.78,56937.75
LOC-02342,Miami (Hurricane),25.25992,-80.26518,Wood,198224.32,19822.43,198224.32
LOC-02343,Miami (Hurricane),24.76277,-79.56341,Wood,303734.2,30373.42,303734.2
LOC-02344,Miami (Hurricane),25.26289,-80.8505,Concrete,228771.27,4575.43,228771.27
LOC-02345,Miami (Hurricane),25.64655,-80.00947,Wood,238301.33,4766.03,238301.33
LOC-02346,Los Angeles (Quake),32.80511,-117.78865,Concrete,1422479.34,142247.93,1137983.47
LOC-02347,Los Angeles (Quake),35.17702,-120.07933,Concrete,159583.97,7979.2,191500.76
LOC-02348,Houston (Flood/Wind),27.18211,-95.26436,Wood,479413.7,9588.27,479413.7
LOC-02349,Houston (Flood/Wind),29.84725,-94.27207,Wood,488669.19,9773.38,586403.03
LOC-02350,Los Angeles (Quake),32.19311,-117.08538,Wood,551826.6,11036.53,441461.28
LOC-02351,Houston (Flood/Wind),31.23911,-94.64954,Wood,81973.2,1639.46,81973.2
LOC-02352,Los Angeles (Quake),35.05071,-116.80658,Wood,305226.25,6104.52,305226.25
LOC-02353,Miami (Hurricane),27.5665,-81.09656,Wood,297395.09,14869.75,356874.1
LOC-02354,Houston (Flood/Wind),29.96065,-96.04112,Wood,166102.21,3322.04,166102.21
LOC-02355,Los Angeles (Quake),33.50265,-119.44345,Wood,1166426.34,23328.53,1166426.34
LOC-02356,Los Angeles (Quake),32.19125,-117.97705,Wood,514236.99,25711.85,514236.99
LOC-02357,Houston (Flood/Wind),30.28519,-96.2483,Concrete,259684.65,25968.47,259684.65
LOC-02358,Houston (Flood/Wind),28.99608,-95.95516,Concrete,1160392.02,58019.6,1160392.02
LOC-02359,Houston (Flood/Wind),28.96193,-97.18209,Wood,924373.87,92437.39,924373.87
LOC-02360,Miami (Hurricane),25.32627,-80.73263,Wood,424763.19,42476.32,509715.83
LOC-02361,Houston (Flood/Wind),29.65063,-95.1077,Wood,306770.48,6135.41,245416.38
LOC-02362,Los Angeles (Quake),34.53638,-121.00032,Wood,236162.32,11808.12,236162.32
LOC-02363,Miami (Hurricane),24.55538,-80.5284,Wood,50000.0,2500.0,50000.0
LOC-02364,Miami (Hurricane),26.62178,-81.31328,Wood,389135.63,38913.56,311308.5
LOC-02365,Los Angeles (Quake),32.65794,-119.35336,Wood,275634.98,13781.75,275634.98
LOC-02366,Houston (Flood/Wind),30.31805,-94.21431,Wood,444038.94,44403.89,444038.94
LOC-02367,Los Angeles (Quake),32.44284,-116.41012,Wood,1294380.71,64719.04,1294380.71
LOC-02368,Los Angeles (Quake),33.69158,-117.69733,Wood,50000.0,5000.0,60000.0
LOC-02369,Los Angeles (Quake),32.77052,-118.67889,Masonry,230248.92,4604.98,230248.92
LOC-02370,Los Angeles (Quake),34.553,-119.91874,Steel,282374.28,14118.71,282374.28
LOC-02371,Houston (Flood/Wind),32.15885,-94.83871,Masonry,94722.35,4736.12,75777.88
LOC-02372,Los Angeles (Quake),32.61885,-118.80869,Concrete,152112.43,15211.24,182534.91
LOC-02373,Miami (Hurricane),25.83449,-81.1982,Wood,448716.08,22435.8,448716.08
LOC-02374,Los Angeles (Quake),32.42896,-118.85362,Concrete,127034.62,2540.69,152441.54
LOC-02375,Houston (Flood/Wind),30.06773,-93.22709,Wood,94418.01,1888.36,94418.01
LOC-02376,Houston (Flood/Wind),30.78506,-95.10591,Wood,62654.15,1253.08,62654.15
LOC-02377,Houston (Flood/Wind),30.75598,-95.44348,Wood,1359002.28,135900.23,1359002.28
LOC-02378,Miami (Hurricane),24.33001,-78.79153,Wood,507258.51,10145.17,608710.22
LOC-02379,Miami (Hurricane),25.23824,-80.55712,Wood,93576.21,1871.52,93576.21
LOC-02380,Houston (Flood/Wind),30.04803,-96.88525,Wood,203263.71,10163.19,203263.71
LOC-02381,Miami (Hurricane),26.0415,-82.16833,Wood,215751.06,21575.11,215751.06
LOC-02382,Miami (Hurricane),25.27347,-78.32904,Wood,170088.56,8504.43,170088.56
LOC-02383,Miami (Hurricane),26.13842,-80.42908,Masonry,283598.79,5671.98,283598.79
LOC-02384,Los Angeles (Quake),37.42115,-117.62117,Wood,107202.51,10720.25,107202.51
LOC-02385,Houston (Flood/Wind),28.52276,-94.71423,Concrete,592518.51,59251.85,592518.51
LOC-02386,Houston (Flood/Wind),30.01261,-94.72172,Wood,1098992.77,54949.64,1098992.77
LOC-02387,Los Angeles (Quake),33.2292,-117.61136,Wood,369633.78,36963.38,369633.78
LOC-02388,Miami (Hurricane),25.78898,-79.86885,Wood,50000.0,5000.0,40000.0
LOC-02389,Los Angeles (Quake),32.8312,-117.99257,Concrete,90529.26,4526.46,72423.41
LOC-02390,Los Angeles (Quake),33.37191,-118.70733,Wood,531257.15,10625.14,531257.15
LOC-02391,Miami (Hurricane),24.58993,-80.13459,Wood,119940.12,5997.01,119940.12
LOC-02392,Los Angeles (Quake),35.76023,-119.25005,Wood,872767.49,43638.37,872767.49
LOC-02393,Miami (Hurricane),25.64406,-79.98031,Concrete,159856.64,7992.83,159856.64
LOC-02394,Los Angeles (Quake),31.90931,-117.50006,Masonry,72410.05,1448.2,86892.06
LOC-02395,Los Angeles (Quake),34.25256,-116.49088,Wood,697027.11,13940.54,697027.11
LOC-02396,Miami (Hurricane),26.05586,-80.71915,Wood,494827.08,24741.35,494827.08
LOC-02397,Houston (Flood/Wind),29.83126,-95.2708,Masonry,305629.68,15281.48,305629.68
LOC-02398,Miami (Hurricane),24.55838,-80.63697,Wood,450093.32,45009.33,450093.32
LOC-02399,Houston (Flood/Wind),29.68707,-93.68295,Concrete,428009.9,42800.99,513611.88
LOC-02400,Miami (Hurricane),25.18512,-79.17857,Wood,129647.13,2592.94,129647.13
LOC-02401,Los Angeles (Quake),34.5086,-116.40155,Steel,359050.79,17952.54,359050.79
LOC-02402,Los Angeles (Quake),34.97925,-118.48001,Masonry,109799.78,2196.0,109799.78
LOC-02403,Houston (Flood/Wind),29.0002,-95.48497,Wood,3705414.11,370541.41,4446496.93
LOC-02404,Miami (Hurricane),25.62668,-79.28641,Wood,313061.23,6261.22,313061.23
LOC-02405,Los Angeles (Quake),32.96242,-118.75034,Concrete,294496.17,29449.62,235596.94
LOC-02406,Miami (Hurricane),26.49578,-80.31974,Wood,2367500.9,47350.02,2367500.9
LOC-02407,Houston (Flood/Wind),30.41853,-95.29318,Wood,447763.11,8955.26,358210.49
LOC-02408,Miami (Hurricane),26.29065,-79.55528,Wood,50000.0,5000.0,40000.0
LOC-02409,Los Angeles (Quake),34.21285,-118.4664,Wood,243958.31,12197.92,243958.31
LOC-02410,Houston (Flood/Wind),30.36184,-93.17232,Concrete,892664.99,44633.25,892664.99
LOC-02411,Houston (Flood/Wind),29.44944,-94.96614,Wood,803781.55,16075.63,803781.55
LOC-02412,Miami (Hurricane),25.06887,-80.34048,Concrete,140668.25,2813.37,112534.6
LOC-02413,Los Angeles (Quake),33.95085,-118.02688,Wood,649737.34,12994.75,519789.87
LOC-02414,Houston (Flood/Wind),30.27794,-95.80762,Wood,50000.0,2500.0,50000.0
LOC-02415,Los Angeles (Quake),35.84588,-119.87474,Wood,101621.98,10162.2,101621.98
LOC-02416,Houston (Flood/Wind),29.07218,-95.10375,Masonry,1026868.31,20537.37,1026868.31
LOC-02417,Houston (Flood/Wind),29.01616,-96.19557,Wood,485588.15,48558.82,388470.52
LOC-02418,Houston (Flood/Wind),30.5206,-96.31335,Wood,99832.77,4991.64,99832.77
LOC-02419,Houston (Flood/Wind),30.31983,-96.72581,Wood,731837.16,73183.72,731837.16
LOC-02420,Miami (Hurricane),26.77412,-79.35025,Concrete,385184.59,7703.69,385184.59
LOC-02421,Houston (Flood/Wind),29.54172,-97.07517,Steel,169231.94,16923.19,169231.94
LOC-02422,Los Angeles (Quake),34.1361,-121.77425,Wood,132917.82,13291.78,132917.82
LOC-02423,Houston (Flood/Wind),30.26709,-96.09882,Wood,572033.44,57203.34,572033.44
LOC-02424,Houston (Flood/Wind),29.62687,-96.00594,Wood,161661.93,16166.19,129329.54
LOC-02425,Miami (Hurricane),25.62193,-81.18887,Concrete,473351.43,47335.14,568021.71
LOC-02426,Houston (Flood/Wind),29.39616,-95.4224,Masonry,416028.74,20801.44,332822.99
LOC-02427,Miami (Hurricane),26.04841,-80.28626,Concrete,333513.65,33351.37,266810.92
LOC-02428,Los Angeles (Quake),34.13157,-118.7595,Steel,164952.75,16495.27,197943.3
LOC-02429,Los Angeles (Quake),34.91274,-116.21542,Wood,131196.71,6559.84,131196.71
LOC-02430,Houston (Flood/Wind),28.72062,-97.23285,Wood,210838.46,10541.92,253006.15
LOC-02431,Houston (Flood/Wind),27.58798,-95.44455,Wood,196848.61,9842.43,196848.61
LOC-02432,Miami (Hurricane),26.05706,-79.2528,Wood,430177.44,21508.87,516212.93
LOC-02433,Los Angeles (Quake),32.40057,-117.4686,Steel,385697.35,19284.87,385697.35
LOC-02434,Los Angeles (Quake),34.19604,-120.34039,Concrete,761559.14,76155.91,761559.14
LOC-02435,Miami (Hurricane),25.31489,-79.47317,Wood,111809.38,11180.94,111809.38
LOC-02436,Houston (Flood/Wind),29.59866,-95.99364,Wood,203422.61,20342.26,162738.09
LOC-02437,Miami (Hurricane),25.43276,-80.2132,Wood,626194.13,12523.88,751432.96
LOC-02438,Houston (Flood/Wind),29.32225,-95.18015,Wood,50000.0,1000.0,50000.0
LOC-02439,Houston (Flood/Wind),30.02028,-96.94656,Wood,368620.8,7372.42,368620.8
LOC-02440,Houston (Flood/Wind),30.61708,-95.81527,Wood,339299.34,6785.99,271439.47
LOC-02441,Los Angeles (Quake),33.03683,-119.41878,Wood,164607.01,3292.14,164607.01
LOC-02442,Miami (Hurricane),28.10532,-79.59142,Wood,254472.49,12723.62,305366.99
LOC-02443,Miami (Hurricane),25.44206,-80.23406,Masonry,276393.6,5527.87,331672.32
LOC-02444,Los Angeles (Quake),33.82909,-117.78642,Wood,386593.99,7731.88,386593.99
LOC-02445,Miami (Hurricane),24.25955,-79.88648,Wood,1129505.98,22590.12,903604.78
LOC-02446,Los Angeles (Quake),34.94068,-116.66052,Concrete,297761.0,5955.22,297761.0
LOC-02447,Houston (Flood/Wind),30.52694,-95.79273,Masonry,117502.26,5875.11,141002.72
LOC-02448,Los Angeles (Quake),34.96353,-118.7474,Wood,131706.79,13170.68,131706.79
LOC-02449,Los Angeles (Quake),34.56922,-117.95985,Wood,456822.34,45682.23,456822.34
LOC-02450,Los Angeles (Quake),34.90544,-117.9149,Wood,556728.02,27836.4,556728.02
LOC-02451,Houston (Flood/Wind),28.9607,-94.64616,Masonry,428720.21,42872.02,428720.21
LOC-02452,Houston (Flood/Wind),29.22142,-96.24989,Wood,50000.0,5000.0,60000.0
LOC-02453,Los Angeles (Quake),32.39578,-117.49357,Masonry,291730.98,5834.62,291730.98
LOC-02454,Miami (Hurricane),26.23959,-79.60519,Concrete,242467.67,24246.77,290961.21
LOC-02455,Houston (Flood/Wind),29.12795,-96.6758,Concrete,50000.0,5000.0,50000.0
LOC-02456,Los Angeles (Quake),34.53392,-119.28928,Concrete,1090779.94,109077.99,1090779.94
LOC-02457,Houston (Flood/Wind),29.23771,-95.45272,Masonry,95711.08,9571.11,95711.08
LOC-02458,Los Angeles (Quake),34.50562,-118.86371,Concrete,52484.05,5248.41,62980.86
LOC-02459,Miami (Hurricane),26.14517,-79.25154,Wood,185140.31,18514.03,185140.31
LOC-02460,Los Angeles (Quake),31.2921,-120.50674,Concrete,184875.47,18487.55,184875.47
LOC-02461,Miami (Hurricane),25.33169,-80.60965,Wood,146578.9,7328.95,175894.68
LOC-02462,Los Angeles (Quake),31.54772,-118.86269,Wood,171963.13,17196.31,137570.51
LOC-02463,Los Angeles (Quake),35.15706,-117.89838,Wood,199500.92,3990.02,199500.92
LOC-02464,Houston (Flood/Wind),28.84694,-95.13522,Wood,161806.16,8090.31,161806.16
LOC-02465,Los Angeles (Quake),32.16792,-116.76496,Concrete,599546.78,29977.34,719456.13
LOC-02466,Houston (Flood/Wind),29.83127,-94.5399,Wood,331928.22,6638.56,331928.22
LOC-02467,Miami (Hurricane),26.3758,-79.59938,Wood,169968.98,16996.9,169968.98
LOC-02468,Los Angeles (Quake),32.4261,-120.23956,Concrete,319544.21,15977.21,319544.21
LOC-02469,Houston (Flood/Wind),30.36578,-94.83951,Masonry,385350.21,19267.51,385350.21
LOC-02470,Houston (Flood/Wind),28.53804,-95.9663,Wood,141655.5,14165.55,141655.5
LOC-02471,Houston (Flood/Wind),29.16905,-93.98183,Wood,617418.93,61741.89,617418.93
LOC-02472,Houston (Flood/Wind),29.52375,-95.55906,Masonry,159233.88,15923.39,159233.88
LOC-02473,Houston (Flood/Wind),27.96516,-94.15322,Concrete,88468.02,8846.8,106161.63
LOC-02474,Miami (Hurricane),25.37546,-80.64069,Wood,73276.23,3663.81,73276.23
LOC-02475,Los Angeles (Quake),30.46089,-119.46049,Wood,371054.03,18552.7,371054.03
LOC-02476,Los Angeles (Quake),34.04899,-117.67616,Wood,195515.82,19551.58,234618.98
LOC-02477,Houston (Flood/Wind),30.14818,-94.15722,Wood,1275218.4,127521.84,1275218.4
LOC-02478,Los Angeles (Quake),31.41982,-118.50681,Wood,242781.73,12139.09,242781.73
LOC-02479,Los Angeles (Quake),34.80722,-120.19861,Wood,277294.61,5545.89,221835.69
LOC-02480,Los Angeles (Quake),35.89496,-117.2269,Wood,338103.44,16905.17,405724.13
LOC-02481,Houston (Flood/Wind),28.87673,-95.08197,Wood,213497.46,21349.75,213497.46
LOC-02482,Los Angeles (Quake),36.56112,-118.88708,Wood,89745.3,8974.53,107694.36
LOC-02483,Miami (Hurricane),26.39146,-79.01644,Wood,528047.08,10560.94,422437.67
LOC-02484,Miami (Hurricane),24.93605,-80.41371,Wood,4451214.11,445121.41,4451214.11
LOC-02485,Los Angeles (Quake),32.89809,-117.72225,Wood,58614.67,5861.47,46891.74
LOC-02486,Miami (Hurricane),25.17096,-81.37037,Masonry,381536.22,19076.81,305228.98
LOC-02487,Houston (Flood/Wind),28.85758,-94.53429,Wood,414021.25,8280.43,496825.5
LOC-02488,Los Angeles (Quake),35.30378,-117.60856,Concrete,262293.5,26229.35,209834.8
LOC-02489,Los Angeles (Quake),34.56471,-118.95183,Concrete,153313.52,3066.27,153313.52
LOC-02490,Miami (Hurricane),26.19198,-80.59172,Wood,293627.78,29362.78,352353.34
LOC-02491,Los Angeles (Quake),33.81868,-119.57492,Concrete,427590.41,21379.52,427590.41
LOC-02492,Houston (Flood/Wind),28.38806,-94.96573,Wood,1827359.18,36547.18,2192831.01
LOC-02493,Los Angeles (Quake),32.85448,-118.2754,Wood,129073.95,6453.7,129073.95
LOC-02494,Houston (Flood/Wind),28.51798,-96.48768,Wood,318946.64,6378.93,382735.97
LOC-02495,Los Angeles (Quake),32.94297,-117.8014,Concrete,394760.07,19738.0,394760.07
LOC-02496,Miami (Hurricane),26.25899,-80.50454,Wood,323993.96,32399.4,323993.96
LOC-02497,Miami (Hurricane),25.42491,-80.11977,Concrete,50000.0,5000.0,50000.0
LOC-02498,Miami (Hurricane),25.36546,-79.6837,Concrete,365977.99,18298.9,365977.99
LOC-02499,Houston (Flood/Wind),28.99353,-97.15474,Masonry,309719.36,15485.97,309719.36
LOC-02500,Miami (Hurricane),24.79657,-80.30157,Concrete,471375.34,23568.77,471375.34
LOC-02501,Houston (Flood/Wind),30.34309,-96.70209,Concrete,2697101.48,269710.15,3236521.77
LOC-02502,Los Angeles (Quake),33.15976,-118.44641,Wood,236739.84,4734.8,236739.84
LOC-02503,Miami (Hurricane),25.51163,-80.49806,Wood,50000.0,2500.0,50000.0
LOC-02504,Miami (Hurricane),26.50661,-80.18958,Wood,789023.79,15780.48,789023.79
LOC-02505,Los Angeles (Quake),35.83211,-121.37039,Steel,50000.0,2500.0,50000.0
LOC-02506,Houston (Flood/Wind),31.83065,-94.99244,Concrete,219108.06,21910.81,219108.06
LOC-02507,Houston (Flood/Wind),28.86178,-94.83644,Steel,201373.73,4027.47,241648.47
LOC-02508,Los Angeles (Quake),32.80194,-119.97028,Wood,1474238.56,147423.86,1179390.85
LOC-02509,Miami (Hurricane),27.91809,-80.95151,Wood,850151.37,85015.14,850151.37
LOC-02510,Los Angeles (Quake),33.68417,-117.51551,Masonry,119126.81,11912.68,119126.81
LOC-02511,Miami (Hurricane),24.79548,-78.88391,Wood,362415.8,7248.32,362415.8
LOC-02512,Miami (Hurricane),23.97256,-78.29057,Concrete,222829.03,4456.58,178263.23
LOC-02513,Houston (Flood/Wind),27.50926,-94.19378,Concrete,1184029.53,59201.48,1420835.44
LOC-02514,Houston (Flood/Wind),29.08406,-96.35895,Wood,177404.88,17740.49,177404.88
LOC-02515,Miami (Hurricane),26.36708,-79.84736,Masonry,82807.42,8280.74,82807.42
LOC-02516,Miami (Hurricane),25.87847,-79.72045,Masonry,732073.09,14641.46,585658.48
LOC-02517,Miami (Hurricane),25.68021,-80.97166,Wood,305421.06,15271.05,305421.06
LOC-02518,Los Angeles (Quake),33.76118,-117.88155,Wood,160734.08,3214.68,160734.08
LOC-02519,Houston (Flood/Wind),27.74194,-94.5041,Wood,630726.31,12614.53,630726.31
LOC-02520,Miami (Hurricane),25.23117,-79.28456,Concrete,368087.15,7361.74,368087.15
LOC-02521,Los Angeles (Quake),33.72384,-117.89757,Wood,396108.11,7922.16,396108.11
LOC-02522,Miami (Hurricane),25.3754,-80.2292,Wood,120602.72,2412.05,120602.72
LOC-02523,Houston (Flood/Wind),31.1329,-96.14136,Wood,281600.22,5632.0,281600.22
LOC-02524,Los Angeles (Quake),33.79525,-116.81273,Concrete,403664.78,20183.24,403664.78
LOC-02525,Miami (Hurricane),25.75434,-79.96426,Wood,582413.59,29120.68,698896.31
LOC-02526,Houston (Flood/Wind),31.7796,-93.08328,Wood,116423.8,2328.48,116423.8
LOC-02527,Houston (Flood/Wind),31.08228,-95.41686,Wood,50000.0,1000.0,60000.0
LOC-02528,Los Angeles (Quake),34.42582,-117.06446,Concrete,102599.84,2052.0,82079.87
LOC-02529,Los Angeles (Quake),33.44536,-118.37577,Concrete,205807.66,4116.15,246969.2
LOC-02530,Miami (Hurricane),25.99677,-79.01789,Wood,5189842.27,103796.85,5189842.27
LOC-02531,Miami (Hurricane),26.18297,-79.30939,Steel,1011315.6,101131.56,1011315.6
LOC-02532,Los Angeles (Quake),31.94637,-119.95882,Wood,612110.82,61211.08,734532.98
LOC-02533,Miami (Hurricane),26.41466,-80.44432,Masonry,297137.92,5942.76,356565.5
LOC-02534,Miami (Hurricane),25.94623,-80.97828,Masonry,97675.83,9767.58,97675.83
LOC-02535,Los Angeles (Quake),32.8874,-117.93138,Wood,647249.07,32362.45,517799.26
LOC-02536,Los Angeles (Quake),34.45187,-117.51821,Wood,233585.43,23358.54,280302.52
LOC-02537,Miami (Hurricane),25.32793,-80.62955,Masonry,510986.77,25549.34,510986.77
LOC-02538,Houston (Flood/Wind),29.27147,-94.95848,Wood,360728.05,18036.4,360728.05
LOC-02539,Miami (Hurricane),25.51668,-79.07386,Concrete,324278.08,16213.9,259422.47
LOC-02540,Miami (Hurricane),24.06214,-80.4776,Wood,191163.51,3823.27,191163.51
LOC-02541,Los Angeles (Quake),36.5972,-118.57188,Wood,159207.83,7960.39,127366.26
LOC-02542,Los Angeles (Quake),36.35534,-117.136,Wood,421160.98,21058.05,421160.98
LOC-02543,Miami (Hurricane),25.50645,-80.92352,Wood,498285.07,24914.25,597942.08
LOC-02544,Miami (Hurricane),24.39575,-81.5632,Wood,75412.45,7541.25,75412.45
LOC-02545,Los Angeles (Quake),34.92589,-117.60878,Wood,1139539.32,56976.97,1139539.32
LOC-02546,Los Angeles (Quake),34.46362,-118.79697,Wood,202757.32,10137.87,202757.32
LOC-02547,Miami (Hurricane),26.83953,-79.99648,Wood,50000.0,1000.0,50000.0
LOC-02548,Miami (Hurricane),26.48549,-79.18227,Wood,343876.58,34387.66,343876.58
LOC-02549,Miami (Hurricane),26.18507,-80.42821,Wood,1210481.34,60524.07,1210481.34
LOC-02550,Miami (Hurricane),25.18097,-79.94667,Masonry,82000.41,8200.04,82000.41
LOC-02551,Houston (Flood/Wind),30.20872,-96.47824,Concrete,2323329.79,116166.49,2323329.79
LOC-02552,Miami (Hurricane),25.66501,-80.98353,Steel,107297.57,2145.95,128757.09
LOC-02553,Houston (Flood/Wind),28.81022,-95.1002,Wood,747928.97,37396.45,598343.18
LOC-02554,Miami (Hurricane),26.06113,-78.50185,Wood,320364.91,32036.49,320364.91
LOC-02555,Miami (Hurricane),25.01392,-79.62412,Concrete,1058908.97,105890.9,1058908.97
LOC-02556,Miami (Hurricane),24.7467,-82.22706,Concrete,97632.05,9763.21,78105.64
LOC-02557,Los Angeles (Quake),33.26406,-118.9973,Wood,972602.03,48630.1,972602.03
LOC-02558,Houston (Flood/Wind),27.83819,-97.53086,Wood,176115.84,3522.32,176115.84
LOC-02559,Los Angeles (Quake),33.16749,-115.51047,Concrete,270523.62,13526.18,216418.9
LOC-02560,Los Angeles (Quake),34.14603,-117.0732,Masonry,392451.73,39245.17,392451.73
LOC-02561,Los Angeles (Quake),33.76902,-118.83163,Wood,157977.23,3159.54,157977.23
LOC-02562,Miami (Hurricane),25.67443,-80.50571,Concrete,258965.75,12948.29,207172.6
LOC-02563,Houston (Flood/Wind),29.28683,-96.32823,Masonry,133018.53,2660.37,133018.53
LOC-02564,Houston (Flood/Wind),30.85956,-95.15526,Masonry,50276.7,5027.67,50276.7
LOC-02565,Houston (Flood/Wind),27.36842,-95.02284,Concrete,596189.14,59618.91,596189.14
LOC-02566,Miami (Hurricane),25.57287,-80.32272,Wood,524897.13,10497.94,419917.7
LOC-02567,Los Angeles (Quake),32.83529,-119.20629,Concrete,690198.87,34509.94,690198.87
LOC-02568,Houston (Flood/Wind),28.66493,-94.79288,Concrete,189391.59,3787.83,189391.59
LOC-02569,Miami (Hurricane),25.1701,-79.50358,Wood,767998.08,76799.81,614398.46
LOC-02570,Miami (Hurricane),24.68192,-80.01501,Wood,208344.43,10417.22,208344.43
LOC-02571,Los Angeles (Quake),34.57781,-117.61969,Wood,456732.89,9134.66,456732.89
LOC-02572,Miami (Hurricane),25.73073,-79.07919,Wood,59237.81,5923.78,59237.81
LOC-02573,Houston (Flood/Wind),30.63696,-94.74815,Masonry,918399.55,18367.99,734719.64
LOC-02574,Miami (Hurricane),26.07969,-79.7707,Concrete,214701.43,21470.14,214701.43
LOC-02575,Miami (Hurricane),25.05838,-80.76256,Concrete,50000.0,5000.0,40000.0
LOC-02576,Miami (Hurricane),25.09033,-81.29493,Concrete,50000.0,5000.0,50000.0
LOC-02577,Houston (Flood/Wind),30.217,-96.17382,Wood,80805.45,1616.11,64644.36
LOC-02578,Houston (Flood/Wind),29.59272,-93.99566,Wood,202597.56,20259.76,243117.07
LOC-02579,Miami (Hurricane),24.7964,-80.2087,Concrete,218883.94,4377.68,218883.94
LOC-02580,Houston (Flood/Wind),28.97239,-94.34003,Wood,643485.2,64348.52,514788.16
LOC-02581,Miami (Hurricane),26.51162,-79.31042,Wood,85880.65,1717.61,85880.65
LOC-02582,Miami (Hurricane),27.12248,-80.34945,Masonry,449352.69,8987.05,359482.15
LOC-02583,Los Angeles (Quake),33.8918,-121.26782,Wood,6572456.34,328622.82,5257965.07
LOC-02584,Miami (Hurricane),26.10163,-79.3966,Wood,286601.63,5732.03,286601.63
LOC-02585,Los Angeles (Quake),33.05342,-119.35332,Masonry,440469.16,8809.38,440469.16
LOC-02586,Los Angeles (Quake),34.29232,-117.65892,Wood,592875.78,11857.52,592875.78
LOC-02587,Miami (Hurricane),25.39359,-80.11833,Wood,261886.04,13094.3,261886.04
LOC-02588,Miami (Hurricane),26.67928,-80.64349,Masonry,871212.87,17424.26,871212.87
LOC-02589,Houston (Flood/Wind),30.09435,-95.74971,Wood,132159.35,2643.19,132159.35
LOC-02590,Miami (Hurricane),26.08239,-78.70138,Concrete,478627.76,9572.56,478627.76
LOC-02591,Houston (Flood/Wind),30.74633,-94.47239,Wood,932950.25,18659.0,1119540.3
LOC-02592,Los Angeles (Quake),33.24949,-117.83953,Wood,793462.07,79346.21,952154.48
LOC-02593,Miami (Hurricane),24.61096,-80.85638,Wood,611324.95,12226.5,611324.95
LOC-02594,Houston (Flood/Wind),29.60003,-96.21981,Masonry,203049.49,4060.99,203049.49
LOC-02595,Houston (Flood/Wind),29.71874,-95.06544,Wood,91412.63,1828.25,91412.63
LOC-02596,Houston (Flood/Wind),28.62206,-95.05772,Steel,1647311.86,82365.59,1647311.86
LOC-02597,Miami (Hurricane),25.49388,-80.74869,Wood,274333.37,27433.34,274333.37
LOC-02598,Houston (Flood/Wind),28.52138,-93.99491,Wood,225003.99,22500.4,180003.19
LOC-02599,Los Angeles (Quake),36.24327,-116.95093,Concrete,253421.51,5068.43,253421.51
LOC-02600,Miami (Hurricane),25.99671,-78.78116,Wood,207457.86,20745.79,207457.86
LOC-02601,Houston (Flood/Wind),29.38738,-96.8944,Concrete,203618.54,10180.93,203618.54
LOC-02602,Miami (Hurricane),25.21908,-80.42191,Wood,236649.31,11832.47,236649.31
LOC-02603,Los Angeles (Quake),34.64312,-117.8959,Wood,162601.79,3252.04,130081.43
LOC-02604,Miami (Hurricane),25.02345,-79.8995,Wood,534984.86,10699.7,641981.83
LOC-02605,Miami (Hurricane),26.20707,-79.70149,Wood,368693.79,7373.88,368693.79
LOC-02606,Houston (Flood/Wind),29.72076,-94.34146,Masonry,89257.24,4462.86,89257.24
LOC-02607,Los Angeles (Quake),34.66829,-117.57805,Wood,302298.97,30229.9,362758.76
LOC-02608,Miami (Hurricane),25.7425,-79.98595,Wood,75552.2,1511.04,75552.2
LOC-02609,Houston (Flood/Wind),30.27362,-96.1165,Masonry,2483577.61,248357.76,2980293.14
LOC-02610,Houston (Flood/Wind),29.24897,-95.95016,Steel,1881027.05,188102.7,1881027.05
LOC-02611,Los Angeles (Quake),34.92239,-120.41575,Wood,1145527.13,22910.54,1145527.13
LOC-02612,Los Angeles (Quake),34.35859,-118.98532,Concrete,529419.07,52941.91,423535.26
LOC-02613,Los Angeles (Quake),32.93029,-116.52802,Wood,348580.78,34858.08,348580.78
LOC-02614,Miami (Hurricane),25.95859,-79.49515,Wood,564395.58,11287.91,677274.7
LOC-02615,Los Angeles (Quake),32.72922,-117.17866,Concrete,71350.92,1427.02,71350.92
LOC-02616,Miami (Hurricane),25.56624,-79.72727,Wood,566615.57,56661.56,566615.57
LOC-02617,Los Angeles (Quake),34.7469,-118.3247,Wood,156348.29,15634.83,156348.29
LOC-02618,Los Angeles (Quake),35.00767,-118.77209,Wood,119579.44,2391.59,119579.44
LOC-02619,Houston (Flood/Wind),29.74584,-95.27393,Concrete,55343.1,2767.16,55343.1
LOC-02620,Los Angeles (Quake),33.85141,-118.58219,Wood,86212.26,4310.61,86212.26
LOC-02621,Houston (Flood/Wind),29.83326,-96.07227,Wood,606556.32,30327.82,606556.32
LOC-02622,Miami (Hurricane),25.06608,-80.74674,Concrete,273010.05,5460.2,273010.05
LOC-02623,Miami (Hurricane),26.0028,-79.1889,Concrete,286066.14,5721.32,343279.36
LOC-02624,Los Angeles (Quake),33.39099,-117.95513,Concrete,147793.83,14779.38,118235.06
LOC-02625,Los Angeles (Quake),33.51097,-118.75732,Steel,1660224.42,83011.22,1660224.42
LOC-02626,Los Angeles (Quake),32.91604,-116.18889,Wood,298221.91,14911.1,238577.52
LOC-02627,Houston (Flood/Wind),28.28562,-95.53431,Masonry,166544.96,3330.9,166544.96
LOC-02628,Miami (Hurricane),25.26847,-80.82573,Wood,114589.76,5729.49,114589.76
LOC-02629,Los Angeles (Quake),34.42319,-119.06456,Wood,50000.0,1000.0,50000.0
LOC-02630,Miami (Hurricane),25.77415,-80.59418,Wood,75524.43,1510.49,60419.54
LOC-02631,Houston (Flood/Wind),30.37549,-94.31258,Wood,162768.41,16276.84,162768.41
LOC-02632,Houston (Flood/Wind),27.72856,-95.60555,Wood,50000.0,5000.0,50000.0
LOC-02633,Miami (Hurricane),25.51272,-80.74665,Concrete,227765.99,11388.3,182212.79
LOC-02634,Houston (Flood/Wind),30.16266,-94.0347,Wood,685985.03,13719.7,685985.03
LOC-02635,Houston (Flood/Wind),29.89549,-93.63213,Concrete,104903.09,10490.31,104903.09
LOC-02636,Los Angeles (Quake),34.10003,-116.63144,Wood,143815.13,2876.3,143815.13
LOC-02637,Miami (Hurricane),24.17929,-80.19783,Masonry,1766157.51,88307.88,1766157.51
LOC-02638,Miami (Hurricane),26.04277,-79.30507,Wood,86922.46,4346.12,86922.46
LOC-02639,Houston (Flood/Wind),29.96369,-94.24278,Wood,101586.12,10158.61,101586.12
LOC-02640,Los Angeles (Quake),32.29751,-118.33712,Wood,300370.13,15018.51,240296.1
LOC-02641,Miami (Hurricane),26.43855,-78.98667,Steel,387878.35,38787.83,465454.02
LOC-02642,Miami (Hurricane),25.5774,-81.33945,Concrete,63308.74,3165.44,63308.74
LOC-02643,Los Angeles (Quake),34.22704,-119.73173,Wood,205718.81,4114.38,246862.58
LOC-02644,Miami (Hurricane),25.13998,-78.99799,Wood,208221.89,20822.19,166577.51
LOC-02645,Los Angeles (Quake),34.76794,-117.94445,Wood,271782.46,5435.65,326138.95
LOC-02646,Miami (Hurricane),26.51554,-79.15424,Wood,415112.59,8302.25,415112.59
LOC-02647,Houston (Flood/Wind),30.44069,-96.52773,Wood,90368.0,1807.36,90368.0
LOC-02648,Miami (Hurricane),25.76028,-79.76318,Masonry,212133.38,4242.67,169706.7
LOC-02649,Los Angeles (Quake),34.18445,-120.192,Wood,50000.0,2500.0,40000.0
LOC-02650,Los Angeles (Quake),31.89581,-116.60734,Wood,63409.03,6340.9,63409.03
LOC-02651,Miami (Hurricane),26.02668,-79.78636,Wood,70355.57,1407.11,84426.69
LOC-02652,Los Angeles (Quake),33.85878,-119.6953,Concrete,625275.68,31263.78,750330.82
LOC-02653,Los Angeles (Quake),36.04785,-119.45223,Masonry,69750.86,1395.02,69750.86
LOC-02654,Miami (Hurricane),25.49439,-78.81492,Wood,74984.81,7498.48,74984.81
LOC-02655,Los Angeles (Quake),34.60886,-119.35395,Concrete,1118013.57,55900.68,1118013.57
LOC-02656,Houston (Flood/Wind),29.76116,-95.67339,Wood,90696.94,1813.94,90696.94
LOC-02657,Houston (Flood/Wind),29.66544,-95.138,Masonry,137983.95,13798.39,110387.16
LOC-02658,Los Angeles (Quake),33.35193,-118.5283,Wood,60307.39,6030.74,60307.39
LOC-02659,Houston (Flood/Wind),29.44464,-94.76836,Wood,3012725.64,150636.28,3012725.64
LOC-02660,Miami (Hurricane),25.73677,-80.04793,Concrete,431844.18,8636.88,431844.18
LOC-02661,Houston (Flood/Wind),30.58117,-96.27727,Concrete,532808.56,53280.86,532808.56
LOC-02662,Los Angeles (Quake),33.75327,-116.20199,Masonry,624591.8,12491.84,624591.8
LOC-02663,Houston (Flood/Wind),29.7999,-93.7768,Wood,174219.67,3484.39,174219.67
LOC-02664,Houston (Flood/Wind),30.80124,-94.26391,Wood,289100.16,14455.01,346920.19
LOC-02665,Houston (Flood/Wind),30.25592,-96.20281,Wood,88860.85,1777.22,88860.85
LOC-02666,Miami (Hurricane),25.66306,-80.56534,Wood,594677.6,29733.88,594677.6
LOC-02667,Los Angeles (Quake),33.16766,-119.9663,Wood,254307.09,25430.71,254307.09
LOC-02668,Houston (Flood/Wind),29.05267,-94.16659,Wood,154886.15,3097.72,185863.38
LOC-02669,Los Angeles (Quake),32.76729,-117.08439,Wood,105183.66,2103.67,126220.39
LOC-02670,Miami (Hurricane),25.8499,-78.96785,Wood,1812081.29,181208.13,2174497.55
LOC-02671,Los Angeles (Quake),33.75955,-120.23795,Wood,50000.0,1000.0,50000.0
LOC-02672,Houston (Flood/Wind),30.17881,-96.61873,Wood,254781.3,25478.13,254781.3
LOC-02673,Houston (Flood/Wind),29.31164,-94.48435,Wood,81690.8,4084.54,81690.8
LOC-02674,Los Angeles (Quake),32.72905,-115.68832,Wood,341235.06,17061.75,272988.04
LOC-02675,Los Angeles (Quake),31.19247,-118.53113,Wood,51762.59,5176.26,51762.59
LOC-02676,Houston (Flood/Wind),29.69683,-94.98975,Concrete,379367.32,7587.35,455240.78
LOC-02677,Houston (Flood/Wind),30.44482,-94.70967,Wood,434925.46,43492.55,434925.46
LOC-02678,Houston (Flood/Wind),30.39242,-94.67287,Concrete,50000.0,1000.0,50000.0
LOC-02679,Miami (Hurricane),26.13911,-80.65032,Steel,192243.99,19224.4,153795.19
LOC-02680,Houston (Flood/Wind),30.42289,-94.83949,Masonry,270124.44,27012.44,324149.32
LOC-02681,Miami (Hurricane),26.20726,-80.84222,Wood,368933.78,7378.68,295147.02
LOC-02682,Houston (Flood/Wind),29.20476,-94.64245,Wood,50000.0,5000.0,60000.0
LOC-02683,Los Angeles (Quake),31.24906,-119.22207,Steel,81485.82,4074.29,65188.66
LOC-02684,Miami (Hurricane),25.09149,-78.67001,Steel,151537.24,3030.74,151537.24
LOC-02685,Houston (Flood/Wind),28.189,-96.51687,Wood,257185.13,5143.7,257185.13
LOC-02686,Los Angeles (Quake),34.66037,-118.4356,Masonry,159677.92,3193.56,159677.92
LOC-02687,Miami (Hurricane),25.43949,-80.9617,Wood,191859.06,19185.91,230230.87
LOC-02688,Los Angeles (Quake),35.91836,-116.80703,Concrete,355441.37,7108.83,355441.37
LOC-02689,Miami (Hurricane),25.77706,-81.4056,Wood,369537.32,7390.75,369537.32
LOC-02690,Los Angeles (Quake),35.24838,-120.32978,Masonry,187503.69,3750.07,187503.69
LOC-02691,Los Angeles (Quake),34.20511,-118.15237,Wood,484135.63,48413.56,484135.63
LOC-02692,Los Angeles (Quake),31.86944,-119.52664,Wood,173161.76,3463.24,173161.76
LOC-02693,Houston (Flood/Wind),28.91318,-95.12914,Steel,1265523.41,25310.47,1265523.41
LOC-02694,Miami (Hurricane),25.86525,-80.519,Wood,58137.86,1162.76,69765.43
LOC-02695,Miami (Hurricane),24.56931,-79.26495,Wood,365660.28,18283.01,438792.34
LOC-02696,Houston (Flood/Wind),30.88179,-94.26858,Concrete,115669.53,2313.39,115669.53
LOC-02697,Houston (Flood/Wind),29.39366,-95.02201,Wood,988122.44,19762.45,988122.44
LOC-02698,Houston (Flood/Wind),29.53815,-95.70902,Steel,92321.45,1846.43,92321.45
LOC-02699,Miami (Hurricane),25.71092,-80.89274,Concrete,113008.28,11300.83,113008.28
LOC-02700,Houston (Flood/Wind),28.81441,-97.18607,Wood,50000.0,2500.0,50000.0
LOC-02701,Houston (Flood/Wind),28.97734,-93.97829,Concrete,264629.74,5292.59,264629.74
LOC-02702,Los Angeles (Quake),33.37933,-119.28217,Wood,264136.77,13206.84,316964.12
LOC-02703,Miami (Hurricane),25.41391,-81.56455,Steel,746911.76,14938.24,597529.41
LOC-02704,Los Angeles (Quake),35.89763,-118.48788,Wood,240258.06,4805.16,240258.06
LOC-02705,Miami (Hurricane),25.8516,-79.3679,Masonry,241317.31,24131.73,241317.31
LOC-02706,Houston (Flood/Wind),29.2842,-94.58056,Concrete,128367.0,12836.7,154040.4
LOC-02707,Houston (Flood/Wind),30.64934,-95.01641,Wood,285267.38,28526.74,285267.38
LOC-02708,Houston (Flood/Wind),29.7769,-95.51977,Wood,87954.95,8795.49,105545.94
LOC-02709,Houston (Flood/Wind),28.10872,-95.89097,Wood,126720.76,12672.08,126720.76
LOC-02710,Houston (Flood/Wind),30.34864,-95.50395,Concrete,112129.02,5606.45,89703.22
LOC-02711,Los Angeles (Quake),36.15321,-119.72428,Wood,446889.48,22344.47,536267.38
LOC-02712,Los Angeles (Quake),35.00369,-118.58317,Wood,164935.66,8246.78,131948.53
LOC-02713,Los Angeles (Quake),31.82777,-117.77292,Wood,726786.78,72678.68,726786.78
LOC-02714,Houston (Flood/Wind),31.61799,-94.54611,Wood,263682.93,5273.66,263682.93
LOC-02715,Houston (Flood/Wind),29.18587,-94.65321,Wood,100894.92,10089.49,121073.9
LOC-02716,Houston (Flood/Wind),30.2047,-97.58647,Wood,235582.11,11779.11,235582.11
LOC-02717,Houston (Flood/Wind),29.01233,-95.44405,Wood,981885.87,98188.59,981885.87
LOC-02718,Houston (Flood/Wind),28.96813,-95.14113,Concrete,992768.15,19855.36,992768.15
LOC-02719,Los Angeles (Quake),34.8928,-119.14923,Wood,1803067.32,36061.35,1803067.32
LOC-02720,Los Angeles (Quake),33.38232,-118.24301,Masonry,256723.44,5134.47,256723.44
LOC-02721,Houston (Flood/Wind),30.37064,-93.72905,Wood,366456.21,18322.81,366456.21
LOC-02722,Miami (Hurricane),26.27794,-79.15661,Wood,200553.48,20055.35,240664.18
LOC-02723,Houston (Flood/Wind),30.20072,-94.59173,Wood,92249.11,1844.98,110698.93
LOC-02724,Los Angeles (Quake),33.1794,-118.02212,Wood,62153.73,6215.37,62153.73
LOC-02725,Houston (Flood/Wind),28.51066,-94.4962,Concrete,373246.01,18662.3,373246.01
LOC-02726,Houston (Flood/Wind),29.56733,-95.50726,Wood,301831.44,6036.63,362197.72
LOC-02727,Miami (Hurricane),25.71671,-81.04517,Concrete,485114.54,24255.73,582137.45
LOC-02728,Houston (Flood/Wind),30.70702,-96.04677,Wood,63729.16,1274.58,63729.16
LOC-02729,Los Angeles (Quake),33.65614,-116.37774,Wood,119572.78,11957.28,143487.33
LOC-02730,Miami (Hurricane),26.08497,-80.74227,Concrete,220003.3,11000.17,220003.3
LOC-02731,Houston (Flood/Wind),29.32741,-96.82167,Concrete,531843.73,26592.19,531843.73
LOC-02732,Houston (Flood/Wind),29.89498,-94.86956,Concrete,77010.51,3850.53,77010.51
LOC-02733,Houston (Flood/Wind),30.52807,-95.2711,Wood,102771.94,2055.44,102771.94
LOC-02734,Miami (Hurricane),24.43075,-80.98864,Concrete,910905.26,91090.53,1093086.32
LOC-02735,Miami (Hurricane),25.43813,-81.24213,Wood,113862.64,11386.26,136635.17
LOC-02736,Houston (Flood/Wind),29.3154,-95.29282,Wood,158052.08,15805.21,158052.08
LOC-02737,Houston (Flood/Wind),29.98128,-94.66309,Wood,237682.57,11884.13,237682.57
LOC-02738,Los Angeles (Quake),35.16589,-119.39552,Concrete,214288.92,10714.45,214288.92
LOC-02739,Miami (Hurricane),23.79459,-80.43115,Masonry,1467287.7,73364.39,1467287.7
LOC-02740,Houston (Flood/Wind),29.28586,-94.80494,Masonry,164587.92,3291.76,164587.92
LOC-02741,Miami (Hurricane),26.40315,-79.81188,Concrete,246352.51,4927.05,295623.01
LOC-02742,Houston (Flood/Wind),29.8737,-95.06463,Masonry,124681.81,6234.09,124681.81
LOC-02743,Miami (Hurricane),25.34276,-81.8321,Wood,214420.25,21442.03,214420.25
LOC-02744,Houston (Flood/Wind),29.69094,-95.90459,Wood,1180228.49,118022.85,1180228.49
LOC-02745,Miami (Hurricane),24.35757,-80.41778,Concrete,882663.76,88266.38,882663.76
LOC-02746,Miami (Hurricane),25.91901,-79.63262,Wood,313672.7,31367.27,313672.7
LOC-02747,Houston (Flood/Wind),30.44426,-96.65627,Wood,61744.45,6174.45,61744.45
LOC-02748,Houston (Flood/Wind),30.71249,-96.8874,Wood,517367.54,25868.38,413894.03
LOC-02749,Houston (Flood/Wind),30.36164,-93.50789,Concrete,147171.91,14717.19,176606.3
LOC-02750,Houston (Flood/Wind),28.87379,-93.82146,Wood,579883.04,28994.15,463906.43
LOC-02751,Houston (Flood/Wind),28.82745,-95.99755,Concrete,523232.69,26161.63,523232.69
LOC-02752,Miami (Hurricane),24.76048,-80.75771,Concrete,97641.04,1952.82,97641.04
LOC-02753,Houston (Flood/Wind),30.22989,-95.22483,Concrete,520261.55,52026.16,520261.55
LOC-02754,Los Angeles (Quake),35.2192,-118.80521,Wood,85259.07,1705.18,85259.07
LOC-02755,Houston (Flood/Wind),30.24023,-95.64131,Masonry,364382.72,18219.14,291506.18
LOC-02756,Houston (Flood/Wind),31.0564,-97.09285,Wood,366319.69,36631.97,366319.69
LOC-02757,Houston (Flood/Wind),32.13532,-96.73845,Wood,501437.31,50143.73,601724.77
LOC-02758,Houston (Flood/Wind),30.43712,-95.29512,Wood,139483.83,6974.19,167380.6
LOC-02759,Houston (Flood/Wind),29.80895,-97.03139,Concrete,190704.35,3814.09,190704.35
LOC-02760,Miami (Hurricane),26.47616,-80.86364,Wood,160957.36,8047.87,160957.36
LOC-02761,Houston (Flood/Wind),30.58305,-94.39115,Steel,804051.62,80405.16,804051.62
LOC-02762,Houston (Flood/Wind),29.3793,-94.73438,Concrete,81257.12,4062.86,65005.69
LOC-02763,Los Angeles (Quake),35.54694,-117.68402,Wood,179992.41,8999.62,179992.41
LOC-02764,Houston (Flood/Wind),27.80122,-95.70181,Concrete,533448.96,53344.9,426759.16
LOC-02765,Houston (Flood/Wind),30.52174,-94.13715,Wood,349153.0,34915.3,349153.0
LOC-02766,Miami (Hurricane),25.75934,-80.42107,Wood,878998.58,87899.86,1054798.29
LOC-02767,Miami (Hurricane),25.67503,-80.61968,Wood,294361.4,5887.23,235489.12
LOC-02768,Houston (Flood/Wind),30.19476,-96.65997,Steel,520733.51,26036.68,624880.22
LOC-02769,Miami (Hurricane),25.75545,-81.15164,Wood,684427.08,13688.54,547541.66
LOC-02770,Houston (Flood/Wind),29.28941,-94.55273,Wood,63595.74,6359.57,63595.74
LOC-02771,Los Angeles (Quake),34.00867,-118.58737,Wood,180991.1,9049.56,180991.1
LOC-02772,Los Angeles (Quake),34.13256,-117.59226,Wood,261084.06,26108.41,313300.87
LOC-02773,Los Angeles (Quake),32.402,-117.19694,Steel,246583.86,4931.68,197267.09
LOC-02774,Miami (Hurricane),23.96938,-79.26143,Concrete,640565.86,12811.32,768679.03
LOC-02775,Miami (Hurricane),26.58874,-78.68845,Wood,405804.33,20290.22,486965.2
LOC-02776,Houston (Flood/Wind),30.75052,-95.24375,Wood,77534.69,3876.73,93041.63
LOC-02777,Houston (Flood/Wind),30.31703,-96.03493,Concrete,421071.49,8421.43,505285.79
LOC-02778,Houston (Flood/Wind),29.5359,-95.53207,Wood,190646.57,3812.93,190646.57
LOC-02779,Los Angeles (Quake),32.14498,-118.95429,Concrete,483831.29,48383.13,483831.29
LOC-02780,Houston (Flood/Wind),30.30316,-96.19873,Wood,881305.86,88130.59,881305.86
LOC-02781,Los Angeles (Quake),34.55057,-116.5379,Wood,484864.49,24243.22,484864.49
LOC-02782,Los Angeles (Quake),35.9168,-117.75328,Wood,50000.0,5000.0,50000.0
LOC-02783,Houston (Flood/Wind),29.37824,-95.07496,Wood,526572.34,26328.62,526572.34
LOC-02784,Houston (Flood/Wind),30.47666,-96.85981,Wood,389625.18,7792.5,389625.18
LOC-02785,Miami (Hurricane),25.1777,-79.48233,Concrete,287135.01,14356.75,287135.01
LOC-02786,Miami (Hurricane),24.26565,-80.18007,Wood,137075.39,2741.51,137075.39
LOC-02787,Los Angeles (Quake),37.91142,-119.29319,Concrete,389733.72,19486.69,389733.72
LOC-02788,Miami (Hurricane),25.3644,-80.60606,Wood,582699.75,58269.98,466159.8
LOC-02789,Miami (Hurricane),25.86085,-79.73961,Concrete,126125.06,2522.5,151350.08
LOC-02790,Los Angeles (Quake),32.4469,-119.00758,Masonry,82086.29,4104.31,82086.29
LOC-02791,Los Angeles (Quake),33.37225,-119.00773,Wood,263756.48,13187.82,211005.18
LOC-02792,Los Angeles (Quake),35.22635,-119.43812,Wood,2075874.97,41517.5,2075874.97
LOC-02793,Houston (Flood/Wind),29.3997,-95.58949,Wood,566406.51,56640.65,566406.51
LOC-02794,Los Angeles (Quake),35.18343,-117.51331,Wood,190139.49,9506.97,228167.39
LOC-02795,Miami (Hurricane),26.05691,-80.11462,Wood,253632.14,5072.64,304358.57
LOC-02796,Miami (Hurricane),25.37199,-79.61579,Wood,178499.2,17849.92,214199.04
LOC-02797,Los Angeles (Quake),33.55346,-118.69059,Wood,391788.54,39178.85,391788.54
LOC-02798,Miami (Hurricane),25.05389,-79.51808,Wood,303709.55,15185.48,364451.45
LOC-02799,Los Angeles (Quake),32.60359,-118.11842,Wood,61109.63,3055.48,61109.63
LOC-02800,Miami (Hurricane),24.86411,-81.92098,Wood,178512.41,8925.62,142809.93
LOC-02801,Los Angeles (Quake),32.01662,-117.81321,Masonry,1476712.71,73835.64,1476712.71
LOC-02802,Miami (Hurricane),26.43762,-79.61172,Wood,363581.21,36358.12,363581.21
LOC-02803,Houston (Flood/Wind),30.64856,-94.49375,Wood,407860.36,40786.04,407860.36
LOC-02804,Los Angeles (Quake),33.80577,-118.87556,Concrete,355412.83,35541.28,355412.83
LOC-02805,Miami (Hurricane),25.02539,-80.05823,Concrete,70556.79,7055.68,70556.79
LOC-02806,Houston (Flood/Wind),31.60806,-95.46699,Steel,273555.27,5471.11,328266.32
LOC-02807,Houston (Flood/Wind),29.63688,-94.83472,Wood,50000.0,5000.0,50000.0
LOC-02808,Los Angeles (Quake),33.87546,-118.73458,Wood,334356.18,6687.12,334356.18
LOC-02809,Miami (Hurricane),24.98181,-79.37907,Wood,78831.61,3941.58,78831.61
LOC-02810,Miami (Hurricane),26.47568,-79.59749,Wood,105840.49,5292.02,84672.39
LOC-02811,Houston (Flood/Wind),28.71268,-95.93771,Wood,85719.62,1714.39,85719.62
LOC-02812,Los Angeles (Quake),32.56531,-118.5745,Concrete,202273.24,20227.32,161818.59
LOC-02813,Miami (Hurricane),25.97017,-79.23155,Concrete,229600.68,22960.07,229600.68
LOC-02814,Miami (Hurricane),24.60775,-80.1283,Wood,2218555.02,44371.1,2662266.02
LOC-02815,Houston (Flood/Wind),31.28468,-96.31994,Wood,256625.31,5132.51,307950.38
LOC-02816,Los Angeles (Quake),33.85351,-118.42568,Concrete,587801.26,11756.03,587801.26
LOC-02817,Houston (Flood/Wind),29.17122,-96.24947,Concrete,889544.82,88954.48,889544.82
LOC-02818,Houston (Flood/Wind),30.88148,-97.65665,Wood,70850.64,1417.01,70850.64
LOC-02819,Los Angeles (Quake),32.66995,-119.54473,Concrete,197362.51,9868.13,157890.01
LOC-02820,Houston (Flood/Wind),30.66363,-96.46773,Wood,348260.54,34826.05,348260.54
LOC-02821,Los Angeles (Quake),34.313,-120.16834,Wood,808619.12,16172.38,808619.12
LOC-02822,Miami (Hurricane),25.6371,-79.07683,Wood,51787.43,1035.75,51787.43
LOC-02823,Los Angeles (Quake),34.38523,-118.55531,Steel,872524.24,43626.21,698019.39
LOC-02824,Miami (Hurricane),26.76062,-79.90521,Concrete,1765264.39,35305.29,1765264.39
LOC-02825,Miami (Hurricane),26.15904,-79.46454,Wood,758849.96,75885.0,758849.96
LOC-02826,Miami (Hurricane),25.36292,-80.12783,Concrete,262779.9,26277.99,262779.9
LOC-02827,Los Angeles (Quake),31.96899,-117.40961,Wood,50000.0,1000.0,50000.0
LOC-02828,Los Angeles (Quake),35.06834,-120.56455,Concrete,489052.46,24452.62,489052.46
LOC-02829,Houston (Flood/Wind),28.34943,-97.66418,Wood,172376.74,3447.53,172376.74
LOC-02830,Los Angeles (Quake),36.53761,-116.99273,Wood,207755.12,10387.76,166204.1
LOC-02831,Houston (Flood/Wind),29.74174,-93.2694,Wood,50000.0,1000.0,50000.0
LOC-02832,Miami (Hurricane),25.66713,-78.65193,Wood,357187.38,35718.74,285749.91
LOC-02833,Miami (Hurricane),25.15835,-80.33823,Wood,141100.24,2822.0,112880.19
LOC-02834,Los Angeles (Quake),33.72876,-120.60912,Wood,251548.44,12577.42,301858.13
LOC-02835,Miami (Hurricane),25.5161,-79.72402,Wood,70843.68,3542.18,85012.41
LOC-02836,Los Angeles (Quake),32.10532,-117.19311,Masonry,196733.15,19673.31,236079.78
LOC-02837,Miami (Hurricane),25.90532,-78.71265,Wood,50000.0,2500.0,50000.0
LOC-02838,Miami (Hurricane),25.93322,-78.41011,Concrete,63497.26,6349.73,50797.81
LOC-02839,Los Angeles (Quake),32.0185,-116.07106,Concrete,342695.67,6853.91,342695.67
LOC-02840,Miami (Hurricane),26.45243,-78.22288,Wood,505597.77,10111.96,505597.77
LOC-02841,Miami (Hurricane),26.07738,-80.45061,Wood,3358518.19,67170.36,4030221.82
LOC-02842,Los Angeles (Quake),33.62161,-118.37842,Wood,276388.37,27638.84,331666.04
LOC-02843,Miami (Hurricane),25.51643,-79.72232,Wood,781540.53,39077.03,781540.53
LOC-02844,Los Angeles (Quake),33.19776,-116.6191,Concrete,65245.84,1304.92,52196.67
LOC-02845,Miami (Hurricane),27.37042,-80.49584,Wood,438094.22,8761.88,438094.22
LOC-02846,Miami (Hurricane),25.60267,-79.49528,Masonry,508506.09,25425.3,508506.09
LOC-02847,Houston (Flood/Wind),28.9993,-96.94765,Wood,151236.62,3024.73,120989.3
LOC-02848,Miami (Hurricane),26.67093,-79.84679,Concrete,579793.2,28989.66,463834.56
LOC-02849,Los Angeles (Quake),33.87453,-117.68585,Wood,144787.27,14478.73,144787.27
LOC-02850,Houston (Flood/Wind),29.8755,-95.78746,Wood,112030.33,11203.03,112030.33
LOC-02851,Los Angeles (Quake),34.34714,-119.36899,Wood,573860.54,11477.21,688632.65
LOC-02852,Houston (Flood/Wind),30.76406,-94.17565,Wood,1235897.8,123589.78,1483077.36
LOC-02853,Miami (Hurricane),24.8425,-79.84363,Concrete,512741.03,10254.82,512741.03
LOC-02854,Los Angeles (Quake),34.02735,-119.16797,Wood,462094.33,46209.43,369675.47
LOC-02855,Los Angeles (Quake),34.62158,-116.38235,Steel,144312.4,2886.25,144312.4
LOC-02856,Miami (Hurricane),25.9967,-80.37124,Wood,222456.97,4449.14,222456.97
LOC-02857,Houston (Flood/Wind),29.47282,-95.57655,Concrete,50000.0,1000.0,50000.0
LOC-02858,Houston (Flood/Wind),29.0653,-95.91644,Masonry,101227.21,2024.54,101227.21
LOC-02859,Miami (Hurricane),25.20175,-80.37717,Wood,85923.88,8592.39,85923.88
LOC-02860,Miami (Hurricane),25.23858,-80.65148,Masonry,231852.06,4637.04,231852.06
LOC-02861,Miami (Hurricane),26.72923,-80.48702,Masonry,187487.05,9374.35,187487.05
LOC-02862,Los Angeles (Quake),33.32484,-119.049,Wood,366848.73,18342.44,366848.73
LOC-02863,Los Angeles (Quake),35.69736,-121.12604,Wood,251045.29,12552.26,251045.29
LOC-02864,Houston (Flood/Wind),28.50788,-93.79666,Concrete,1258242.48,25164.85,1006593.98
LOC-02865,Miami (Hurricane),25.58211,-79.40136,Wood,66532.14,6653.21,66532.14
LOC-02866,Miami (Hurricane),25.84224,-80.15091,Wood,425550.28,8511.01,425550.28
LOC-02867,Los Angeles (Quake),35.23972,-118.91477,Wood,386058.67,38605.87,386058.67
LOC-02868,Los Angeles (Quake),34.66393,-118.6151,Wood,221100.5,11055.03,176880.4
LOC-02869,Los Angeles (Quake),33.52243,-117.17168,Wood,225994.06,22599.41,271192.87
LOC-02870,Miami (Hurricane),26.49429,-80.61239,Wood,453175.13,9063.5,543810.16
LOC-02871,Miami (Hurricane),25.34182,-81.646,Concrete,120114.03,2402.28,120114.03
LOC-02872,Los Angeles (Quake),34.75539,-116.37729,Wood,292494.85,29249.49,350993.83
LOC-02873,Miami (Hurricane),25.40454,-80.25719,Concrete,86628.84,1732.58,86628.84
LOC-02874,Houston (Flood/Wind),28.47088,-95.23269,Masonry,374695.32,7493.91,374695.32
LOC-02875,Houston (Flood/Wind),27.44396,-94.74694,Concrete,328697.57,16434.88,328697.57
LOC-02876,Miami (Hurricane),25.53849,-80.73607,Wood,223610.2,11180.51,223610.2
LOC-02877,Los Angeles (Quake),33.18802,-118.2372,Wood,888374.52,17767.49,710699.61
LOC-02878,Miami (Hurricane),25.77928,-79.36808,Wood,71217.26,3560.86,71217.26
LOC-02879,Houston (Flood/Wind),30.32843,-94.27292,Steel,139630.02,13963.0,139630.02
LOC-02880,Houston (Flood/Wind),30.35239,-97.08199,Wood,146338.75,2926.77,146338.75
LOC-02881,Miami (Hurricane),27.30492,-79.60389,Steel,221821.56,22182.16,221821.56
LOC-02882,Los Angeles (Quake),33.57163,-118.60408,Wood,82583.34,8258.33,66066.67
LOC-02883,Los Angeles (Quake),34.57396,-118.13203,Wood,191162.53,9558.13,229395.04
LOC-02884,Miami (Hurricane),24.11921,-80.72655,Wood,23654980.7,1182749.03,23654980.7
LOC-02885,Los Angeles (Quake),34.19759,-118.69304,Concrete,248271.11,4965.42,248271.11
LOC-02886,Los Angeles (Quake),36.78927,-117.89291,Wood,408544.99,20427.25,408544.99
LOC-02887,Houston (Flood/Wind),31.66508,-95.37626,Wood,50000.0,5000.0,50000.0
LOC-02888,Los Angeles (Quake),35.14026,-117.99589,Masonry,293381.26,14669.06,352057.52
LOC-02889,Houston (Flood/Wind),30.90244,-97.44358,Wood,479040.35,9580.81,574848.42
LOC-02890,Houston (Flood/Wind),29.91243,-95.77417,Concrete,225134.23,4502.68,270161.08
LOC-02891,Houston (Flood/Wind),30.72419,-95.1181,Masonry,409250.58,40925.06,409250.58
LOC-02892,Los Angeles (Quake),35.18106,-117.38465,Concrete,318193.28,6363.87,318193.28
LOC-02893,Los Angeles (Quake),32.50643,-117.40199,Wood,1132299.23,56614.96,1132299.23
LOC-02894,Los Angeles (Quake),32.88985,-118.06122,Wood,395492.74,7909.85,474591.29
LOC-02895,Houston (Flood/Wind),31.12573,-95.5731,Wood,189955.53,18995.55,189955.53
LOC-02896,Los Angeles (Quake),32.79595,-117.48985,Masonry,347458.92,17372.95,347458.92
LOC-02897,Houston (Flood/Wind),29.17378,-96.01821,Wood,1349042.89,67452.14,1618851.46
LOC-02898,Houston (Flood/Wind),30.98977,-95.21761,Concrete,1071732.98,21434.66,1071732.98
LOC-02899,Houston (Flood/Wind),29.82582,-94.44989,Wood,348510.14,34851.01,278808.11
LOC-02900,Miami (Hurricane),26.3781,-79.82275,Wood,194275.49,19427.55,194275.49
LOC-02901,Miami (Hurricane),26.56793,-80.56584,Wood,184920.57,9246.03,184920.57
LOC-02902,Houston (Flood/Wind),31.32585,-95.588,Wood,634996.13,12699.92,634996.13
LOC-02903,Miami (Hurricane),26.53833,-80.6016,Wood,161533.63,3230.67,161533.63
LOC-02904,Los Angeles (Quake),35.05312,-119.94409,Wood,479919.21,47991.92,575903.05
LOC-02905,Miami (Hurricane),25.44742,-79.30598,Wood,134762.29,2695.25,161714.75
LOC-02906,Miami (Hurricane),24.22765,-80.16557,Wood,836650.11,41832.51,836650.11
LOC-02907,Los Angeles (Quake),34.9577,-118.04153,Wood,336034.75,16801.74,268827.8
LOC-02908,Houston (Flood/Wind),30.73982,-97.37275,Wood,176876.73,17687.67,212252.08
LOC-02909,Los Angeles (Quake),32.71595,-118.47506,Steel,364475.89,36447.59,437371.07
LOC-02910,Miami (Hurricane),25.14094,-79.17576,Wood,180210.65,18021.06,180210.65
LOC-02911,Houston (Flood/Wind),29.90601,-95.21369,Wood,52830.83,5283.08,42264.67
LOC-02912,Miami (Hurricane),26.79597,-80.29404,Wood,620224.61,31011.23,620224.61
LOC-02913,Houston (Flood/Wind),30.73501,-96.67073,Concrete,1221263.76,122126.38,1221263.76
LOC-02914,Houston (Flood/Wind),30.52469,-95.23684,Wood,331594.04,33159.4,331594.04
LOC-02915,Houston (Flood/Wind),30.46389,-94.37539,Concrete,277857.08,13892.85,277857.08
LOC-02916,Los Angeles (Quake),34.23992,-119.88959,Wood,232036.26,4640.73,185629.01
LOC-02917,Miami (Hurricane),26.54381,-80.3152,Wood,189054.78,9452.74,151243.83
LOC-02918,Miami (Hurricane),27.39828,-79.81212,Masonry,282580.26,14129.01,282580.26
LOC-02919,Los Angeles (Quake),34.59226,-119.09641,Concrete,80418.45,4020.92,80418.45
LOC-02920,Houston (Flood/Wind),30.12994,-97.1688,Wood,344704.43,17235.22,275763.54
LOC-02921,Los Angeles (Quake),33.12766,-119.29015,Steel,341818.8,17090.94,410182.56
LOC-02922,Los Angeles (Quake),32.94848,-117.41448,Wood,248841.43,24884.14,248841.43
LOC-02923,Los Angeles (Quake),32.95316,-119.71521,Concrete,988541.59,49427.08,1186249.91
LOC-02924,Los Angeles (Quake),32.65083,-116.22162,Wood,50000.0,2500.0,40000.0
LOC-02925,Los Angeles (Quake),34.3647,-116.71909,Wood,104717.63,2094.35,104717.63
LOC-02926,Houston (Flood/Wind),28.37211,-95.23035,Masonry,586815.67,11736.31,586815.67
LOC-02927,Houston (Flood/Wind),28.76559,-95.5359,Wood,396521.0,7930.42,475825.21
LOC-02928,Los Angeles (Quake),35.34234,-119.00104,Wood,484854.93,24242.75,387883.94
LOC-02929,Los Angeles (Quake),32.3476,-118.75553,Wood,276744.14,27674.41,276744.14
LOC-02930,Los Angeles (Quake),37.02451,-118.92324,Wood,50000.0,2500.0,50000.0
LOC-02931,Los Angeles (Quake),34.5202,-116.72629,Wood,286723.82,28672.38,229379.06
LOC-02932,Miami (Hurricane),26.38961,-80.27973,Steel,860085.71,17201.71,1032102.85
LOC-02933,Miami (Hurricane),26.72544,-80.27952,Wood,57105.99,1142.12,57105.99
LOC-02934,Houston (Flood/Wind),30.59315,-96.28882,Wood,100654.96,2013.1,80523.97
LOC-02935,Los Angeles (Quake),34.08761,-119.65987,Masonry,1018293.31,101829.33,814634.65
LOC-02936,Los Angeles (Quake),35.42195,-118.51241,Wood,1184088.6,59204.43,947270.88
LOC-02937,Los Angeles (Quake),35.28397,-118.36253,Masonry,935761.42,18715.23,935761.42
LOC-02938,Los Angeles (Quake),35.07898,-117.52332,Wood,170254.31,3405.09,170254.31
LOC-02939,Houston (Flood/Wind),30.67793,-96.04611,Wood,209708.6,20970.86,209708.6
LOC-02940,Los Angeles (Quake),35.7896,-119.59487,Wood,75240.2,1504.8,75240.2
LOC-02941,Los Angeles (Quake),34.23442,-119.06697,Wood,242929.75,4858.6,194343.8
LOC-02942,Miami (Hurricane),26.14755,-79.9525,Masonry,495005.86,9900.12,495005.86
LOC-02943,Houston (Flood/Wind),31.335,-96.56468,Steel,50000.0,2500.0,40000.0
LOC-02944,Los Angeles (Quake),36.36298,-117.64936,Masonry,112360.66,11236.07,112360.66
LOC-02945,Houston (Flood/Wind),29.76984,-95.20459,Wood,412996.08,41299.61,330396.86
LOC-02946,Los Angeles (Quake),32.95987,-119.06472,Wood,182026.43,9101.32,182026.43
LOC-02947,Los Angeles (Quake),33.06858,-120.93337,Wood,501106.79,10022.14,501106.79
LOC-02948,Los Angeles (Quake),34.45177,-116.71952,Concrete,369342.58,36934.26,295474.06
LOC-02949,Los Angeles (Quake),34.49325,-118.08649,Concrete,130774.75,2615.49,130774.75
LOC-02950,Miami (Hurricane),25.29608,-80.88731,Concrete,1095898.17,54794.91,1095898.17
LOC-02951,Houston (Flood/Wind),29.63276,-94.48649,Wood,94034.66,1880.69,75227.73
LOC-02952,Miami (Hurricane),25.96632,-80.16539,Masonry,227036.01,22703.6,181628.81
LOC-02953,Los Angeles (Quake),34.01551,-115.77021,Wood,159358.4,7967.92,127486.72
LOC-02954,Houston (Flood/Wind),30.37394,-93.7667,Concrete,288267.25,5765.35,230613.8
LOC-02955,Miami (Hurricane),25.80067,-79.27828,Wood,260414.68,13020.73,208331.75
LOC-02956,Miami (Hurricane),26.67484,-78.62804,Masonry,193132.52,19313.25,193132.52
LOC-02957,Los Angeles (Quake),33.51536,-117.22128,Masonry,109305.15,10930.52,131166.18
LOC-02958,Houston (Flood/Wind),31.34874,-96.47251,Wood,188843.07,9442.15,188843.07
LOC-02959,Los Angeles (Quake),34.34895,-117.32998,Wood,186317.86,3726.36,186317.86
LOC-02960,Los Angeles (Quake),33.24639,-116.80724,Concrete,401561.06,20078.05,321248.85
LOC-02961,Los Angeles (Quake),33.62715,-118.34352,Masonry,643624.57,64362.46,643624.57
LOC-02962,Houston (Flood/Wind),30.22918,-96.37715,Wood,108868.26,2177.37,108868.26
LOC-02963,Miami (Hurricane),24.80047,-81.26118,Concrete,222768.97,11138.45,267322.76
LOC-02964,Houston (Flood/Wind),29.52936,-94.4457,Wood,1205853.13,24117.06,964682.5
LOC-02965,Los Angeles (Quake),35.07221,-117.52138,Concrete,51276.26,5127.63,41021.01
LOC-02966,Miami (Hurricane),25.6923,-81.37568,Wood,327303.63,32730.36,392764.36
LOC-02967,Houston (Flood/Wind),29.65181,-94.33806,Wood,134989.86,13498.99,107991.89
LOC-02968,Los Angeles (Quake),33.81161,-116.73467,Concrete,1481498.6,29629.97,1185198.88
LOC-02969,Houston (Flood/Wind),29.27382,-95.47039,Wood,156010.86,7800.54,156010.86
LOC-02970,Miami (Hurricane),23.7893,-79.18202,Wood,6782315.54,135646.31,6782315.54
LOC-02971,Miami (Hurricane),24.59968,-80.83754,Wood,278720.21,27872.02,222976.17
LOC-02972,Houston (Flood/Wind),29.90445,-94.53807,Wood,221796.22,4435.92,266155.46
LOC-02973,Houston (Flood/Wind),31.26426,-97.86192,Masonry,52616.81,2630.84,63140.17
LOC-02974,Los Angeles (Quake),34.465,-117.94146,Concrete,176894.36,3537.89,176894.36
LOC-02975,Los Angeles (Quake),35.12918,-119.95613,Concrete,90162.87,4508.14,90162.87
LOC-02976,Miami (Hurricane),27.48137,-80.19048,Masonry,381560.55,19078.03,381560.55
LOC-02977,Houston (Flood/Wind),27.79011,-95.97669,Wood,157853.02,15785.3,157853.02
LOC-02978,Los Angeles (Quake),33.98699,-117.10138,Steel,984616.32,49230.82,787693.05
LOC-02979,Houston (Flood/Wind),30.10101,-94.99697,Concrete,654751.27,13095.03,654751.27
LOC-02980,Houston (Flood/Wind),29.85434,-94.54053,Wood,313279.31,6265.59,250623.45
LOC-02981,Los Angeles (Quake),33.61467,-117.16123,Wood,107670.11,2153.4,86136.09
LOC-02982,Houston (Flood/Wind),29.47329,-93.20897,Wood,190578.15,9528.91,190578.15
LOC-02983,Los Angeles (Quake),33.16892,-120.79175,Wood,599835.64,11996.71,479868.52
LOC-02984,Houston (Flood/Wind),30.84462,-93.81658,Concrete,276884.99,27688.5,332261.99
LOC-02985,Houston (Flood/Wind),30.29422,-94.06914,Wood,665580.08,33279.0,665580.08
LOC-02986,Miami (Hurricane),26.33032,-79.98523,Wood,496295.01,49629.5,496295.01
LOC-02987,Houston (Flood/Wind),30.07288,-97.14858,Concrete,346825.62,6936.51,346825.62
LOC-02988,Los Angeles (Quake),34.90304,-119.97844,Steel,111381.24,5569.06,111381.24
LOC-02989,Miami (Hurricane),24.81205,-79.42869,Concrete,195053.18,3901.06,195053.18
LOC-02990,Los Angeles (Quake),33.46313,-118.126,Masonry,750765.89,15015.32,750765.89
LOC-02991,Houston (Flood/Wind),30.60741,-94.91689,Wood,394667.7,19733.38,394667.7
LOC-02992,Houston (Flood/Wind),27.76609,-95.12059,Wood,522306.83,10446.14,522306.83
LOC-02993,Houston (Flood/Wind),29.19545,-94.74066,Wood,128685.4,2573.71,128685.4
LOC-02994,Houston (Flood/Wind),28.91736,-96.44762,Masonry,556376.47,55637.65,445101.18
LOC-02995,Miami (Hurricane),25.59313,-79.75258,Wood,309346.08,15467.3,309346.08
LOC-02996,Miami (Hurricane),26.1132,-79.38626,Concrete,250917.98,5018.36,250917.98
LOC-02997,Miami (Hurricane),26.37135,-78.65481,Concrete,223782.65,22378.26,268539.18
LOC-02998,Los Angeles (Quake),34.09513,-119.94095,Wood,103428.53,2068.57,82742.82
LOC-02999,Houston (Flood/Wind),29.98607,-95.54816,Wood,439378.95,43937.89,351503.16
LOC-03000,Miami (Hurricane),26.52639,-79.6229,Concrete,150373.27,15037.33,180447.93
LOC-03001,Miami (Hurricane),26.28225,-80.13453,Concrete,178116.56,3562.33,178116.56
LOC-03002,Los Angeles (Quake),33.18204,-117.49343,Wood,859817.85,85981.79,859817.85
LOC-03003,Los Angeles (Quake),34.71551,-121.94762,Concrete,50000.0,2500.0,50000.0
LOC-03004,Los Angeles (Quake),34.55541,-119.25218,Wood,210256.46,4205.13,210256.46
LOC-03005,Houston (Flood/Wind),29.28439,-95.46759,Concrete,627744.58,12554.89,627744.58
LOC-03006,Houston (Flood/Wind),28.33814,-95.65134,Concrete,121631.4,12163.14,145957.68
LOC-03007,Houston (Flood/Wind),29.90771,-95.35057,Wood,50000.0,2500.0,50000.0
LOC-03008,Los Angeles (Quake),34.50761,-118.88435,Wood,148381.38,2967.63,148381.38
LOC-03009,Miami (Hurricane),24.7748,-79.53708,Wood,197728.58,9886.43,197728.58
LOC-03010,Houston (Flood/Wind),28.70617,-95.44863,Masonry,290644.7,29064.47,232515.76
LOC-03011,Los Angeles (Quake),35.84238,-118.5328,Concrete,116717.49,5835.87,116717.49
LOC-03012,Houston (Flood/Wind),31.54302,-93.63528,Wood,450673.24,9013.46,540807.89
LOC-03013,Houston (Flood/Wind),30.15522,-95.89597,Masonry,1922890.99,38457.82,1922890.99
LOC-03014,Los Angeles (Quake),34.71452,-117.84406,Wood,2361160.96,47223.22,2833393.15
LOC-03015,Houston (Flood/Wind),28.18978,-96.5327,Wood,189054.66,9452.73,189054.66
LOC-03016,Los Angeles (Quake),35.25355,-116.97573,Masonry,52315.87,2615.79,41852.7
LOC-03017,Los Angeles (Quake),33.08851,-117.64776,Wood,50000.0,1000.0,60000.0
LOC-03018,Los Angeles (Quake),33.83349,-117.00154,Concrete,172824.97,3456.5,207389.97
LOC-03019,Los Angeles (Quake),33.25781,-116.84354,Wood,2504907.77,50098.16,2504907.77
LOC-03020,Houston (Flood/Wind),29.44795,-95.00347,Wood,451656.75,45165.67,361325.4
LOC-03021,Los Angeles (Quake),34.40599,-119.34705,Wood,329427.0,32942.7,329427.0
LOC-03022,Houston (Flood/Wind),30.80419,-96.12356,Concrete,113385.05,2267.7,136062.06
LOC-03023,Los Angeles (Quake),35.82571,-116.06489,Wood,69653.09,1393.06,83583.7
LOC-03024,Miami (Hurricane),24.89356,-79.87206,Wood,111246.49,2224.93,88997.19
LOC-03025,Miami (Hurricane),26.73145,-79.77455,Masonry,61436.36,6143.64,61436.36
LOC-03026,Miami (Hurricane),26.27082,-78.56297,Wood,176857.63,8842.88,212229.16
LOC-03027,Los Angeles (Quake),35.10069,-118.32119,Concrete,2499237.73,49984.75,2499237.73
LOC-03028,Los Angeles (Quake),33.62923,-117.76106,Wood,299559.81,5991.2,299559.81
LOC-03029,Houston (Flood/Wind),30.65849,-94.43095,Concrete,76690.15,7669.01,92028.18
LOC-03030,Los Angeles (Quake),34.43664,-119.74755,Concrete,1579664.6,157966.46,1579664.6
LOC-03031,Houston (Flood/Wind),29.73852,-96.07353,Wood,58359.13,5835.91,58359.13
LOC-03032,Miami (Hurricane),25.20974,-81.18939,Wood,80993.23,8099.32,80993.23
LOC-03033,Los Angeles (Quake),32.72325,-117.78734,Concrete,336823.32,16841.17,336823.32
LOC-03034,Miami (Hurricane),24.88939,-79.10464,Masonry,158208.51,15820.85,126566.81
LOC-03035,Houston (Flood/Wind),29.32185,-95.24418,Concrete,986874.18,98687.42,986874.18
LOC-03036,Los Angeles (Quake),33.68704,-118.04931,Concrete,202527.2,20252.72,243032.64
LOC-03037,Miami (Hurricane),25.74,-81.12048,Wood,385817.91,19290.9,385817.91
LOC-03038,Miami (Hurricane),26.14554,-81.00881,Masonry,50000.0,2500.0,50000.0
LOC-03039,Los Angeles (Quake),33.19604,-116.25718,Wood,342756.25,34275.63,274205.0
LOC-03040,Houston (Flood/Wind),29.51128,-94.98708,Wood,213048.23,21304.82,255657.88
LOC-03041,Los Angeles (Quake),34.50607,-117.63968,Wood,554494.59,27724.73,443595.67
LOC-03042,Houston (Flood/Wind),29.94145,-95.81252,Concrete,340632.03,34063.2,272505.62
LOC-03043,Los Angeles (Quake),32.96893,-121.12299,Concrete,243502.62,4870.05,243502.62
LOC-03044,Houston (Flood/Wind),29.24234,-95.44564,Wood,181657.68,3633.15,181657.68
LOC-03045,Houston (Flood/Wind),28.87475,-95.11821,Wood,181753.31,9087.67,181753.31
LOC-03046,Miami (Hurricane),26.34725,-81.04862,Concrete,232748.63,4654.97,232748.63
LOC-03047,Los Angeles (Quake),33.96853,-118.28816,Wood,286219.4,14310.97,343463.28
LOC-03048,Houston (Flood/Wind),29.83759,-96.0415,Wood,158076.96,7903.85,126461.57
LOC-03049,Miami (Hurricane),25.74882,-81.9588,Masonry,176891.98,8844.6,176891.98
LOC-03050,Los Angeles (Quake),33.58449,-116.0195,Wood,1191294.07,59564.7,953035.26
LOC-03051,Houston (Flood/Wind),30.29361,-96.06391,Wood,2715313.46,271531.35,3258376.15
LOC-03052,Miami (Hurricane),25.58584,-80.62046,Wood,347547.29,6950.95,347547.29
LOC-03053,Los Angeles (Quake),35.33213,-116.97918,Wood,208480.03,4169.6,250176.03
LOC-03054,Miami (Hurricane),25.20063,-79.53021,Concrete,140984.79,7049.24,169181.75
LOC-03055,Los Angeles (Quake),33.48067,-117.27663,Masonry,142939.28,14293.93,114351.42
LOC-03056,Los Angeles (Quake),35.80659,-118.33986,Wood,325468.88,6509.38,325468.88
LOC-03057,Los Angeles (Quake),35.40588,-119.22409,Wood,103694.39,5184.72,82955.52
LOC-03058,Houston (Flood/Wind),28.58084,-95.7051,Wood,302906.07,30290.61,302906.07
LOC-03059,Houston (Flood/Wind),31.29323,-93.86761,Wood,144669.01,2893.38,115735.21
LOC-03060,Los Angeles (Quake),33.45564,-118.72976,Wood,120755.99,2415.12,120755.99
LOC-03061,Miami (Hurricane),26.15961,-80.16561,Masonry,668686.62,66868.66,668686.62
LOC-03062,Los Angeles (Quake),34.08461,-118.22691,Wood,2238498.6,111924.93,2686198.32
LOC-03063,Miami (Hurricane),24.97883,-81.0729,Concrete,143612.11,7180.61,143612.11
LOC-03064,Miami (Hurricane),26.63306,-79.95845,Concrete,500623.01,25031.15,500623.01
LOC-03065,Los Angeles (Quake),32.68407,-119.20242,Wood,964797.93,96479.79,1157757.51
LOC-03066,Miami (Hurricane),27.36895,-80.91038,Masonry,137504.51,2750.09,137504.51
LOC-03067,Los Angeles (Quake),31.62264,-118.00179,Steel,175478.67,17547.87,140382.94
LOC-03068,Houston (Flood/Wind),29.09654,-93.33505,Concrete,610213.47,61021.35,610213.47
LOC-03069,Los Angeles (Quake),34.67599,-119.0652,Concrete,1418852.23,28377.04,1702622.67
LOC-03070,Los Angeles (Quake),36.56655,-118.26307,Concrete,195420.58,3908.41,195420.58
LOC-03071,Los Angeles (Quake),34.4518,-117.85182,Wood,393859.89,7877.2,315087.92
LOC-03072,Los Angeles (Quake),32.82533,-117.00254,Masonry,222128.42,11106.42,177702.74
LOC-03073,Houston (Flood/Wind),27.91837,-95.11691,Masonry,414963.7,8299.27,497956.44
LOC-03074,Houston (Flood/Wind),30.42778,-94.94163,Wood,58346.74,1166.93,58346.74
LOC-03075,Los Angeles (Quake),35.78414,-117.98851,Concrete,3105894.47,155294.72,3727073.36
LOC-03076,Los Angeles (Quake),33.64334,-117.92154,Wood,728023.2,36401.16,728023.2
LOC-03077,Houston (Flood/Wind),30.08598,-97.06857,Wood,102191.51,10219.15,81753.2
LOC-03078,Los Angeles (Quake),33.34478,-118.03623,Wood,1786153.13,89307.66,1786153.13
LOC-03079,Los Angeles (Quake),34.20195,-121.00355,Concrete,606804.76,60680.48,485443.81
LOC-03080,Houston (Flood/Wind),27.45734,-95.02471,Wood,105662.87,5283.14,84530.3
LOC-03081,Houston (Flood/Wind),30.40445,-95.71232,Wood,171452.03,3429.04,205742.43
LOC-03082,Houston (Flood/Wind),30.38051,-94.68182,Wood,120303.88,2406.08,120303.88
LOC-03083,Miami (Hurricane),26.07232,-77.80792,Wood,183033.15,3660.66,183033.15
LOC-03084,Miami (Hurricane),24.3962,-78.65121,Masonry,535963.54,26798.18,643156.24
LOC-03085,Miami (Hurricane),26.63061,-79.5498,Wood,109199.53,10919.95,131039.43
LOC-03086,Los Angeles (Quake),34.97805,-118.30762,Wood,198982.38,3979.65,238778.85
LOC-03087,Miami (Hurricane),26.19307,-80.45831,Wood,84091.7,8409.17,84091.7
LOC-03088,Los Angeles (Quake),35.7703,-118.98844,Concrete,202096.71,10104.84,242516.06
LOC-03089,Houston (Flood/Wind),29.37268,-95.6949,Concrete,323168.87,32316.89,323168.87
LOC-03090,Los Angeles (Quake),32.92265,-118.77983,Concrete,955155.3,47757.76,1146186.36
LOC-03091,Houston (Flood/Wind),31.19137,-94.61066,Wood,3822106.44,382210.64,3057685.15
LOC-03092,Houston (Flood/Wind),29.90528,-95.45795,Steel,1587458.42,158745.84,1587458.42
LOC-03093,Miami (Hurricane),25.50348,-79.58513,Wood,130477.49,2609.55,130477.49
LOC-03094,Miami (Hurricane),26.44639,-80.95702,Wood,549610.69,10992.21,439688.56
LOC-03095,Houston (Flood/Wind),30.92136,-96.87183,Concrete,782105.04,39105.25,782105.04
LOC-03096,Houston (Flood/Wind),28.73626,-95.51159,Wood,492823.85,49282.38,591388.62
LOC-03097,Miami (Hurricane),26.6184,-80.29776,Concrete,151202.83,15120.28,151202.83
LOC-03098,Miami (Hurricane),26.18691,-78.72334,Wood,670531.37,33526.57,536425.1
LOC-03099,Los Angeles (Quake),34.53522,-117.46417,Concrete,1045255.48,20905.11,1254306.58
LOC-03100,Miami (Hurricane),25.72593,-79.92167,Wood,406994.02,40699.4,406994.02
LOC-03101,Houston (Flood/Wind),28.55929,-95.29438,Wood,77103.35,1542.07,61682.68
LOC-03102,Miami (Hurricane),26.57507,-79.25778,Wood,434145.52,8682.91,520974.62
LOC-03103,Houston (Flood/Wind),29.50961,-95.50248,Concrete,64384.3,6438.43,77261.16
LOC-03104,Miami (Hurricane),26.18454,-80.52801,Wood,335194.04,6703.88,335194.04
LOC-03105,Los Angeles (Quake),34.45552,-117.31968,Concrete,770410.66,77041.07,770410.66
LOC-03106,Houston (Flood/Wind),29.10059,-96.34401,Wood,170347.12,8517.36,170347.12
LOC-03107,Miami (Hurricane),26.07904,-80.48456,Wood,102819.11,10281.91,102819.11
LOC-03108,Miami (Hurricane),26.32636,-78.97364,Concrete,222690.91,11134.55,222690.91
LOC-03109,Los Angeles (Quake),32.62289,-119.09109,Masonry,71593.98,1431.88,57275.18
LOC-03110,Los Angeles (Quake),35.23602,-118.84301,Wood,755517.09,75551.71,755517.09
LOC-03111,Miami (Hurricane),26.53179,-80.15817,Wood,937328.13,18746.56,937328.13
LOC-03112,Miami (Hurricane),25.26344,-78.81305,Wood,185475.66,3709.51,148380.52
LOC-03113,Miami (Hurricane),26.11796,-80.21718,Steel,476853.79,9537.08,381483.03
LOC-03114,Houston (Flood/Wind),28.93998,-95.69362,Wood,1558663.9,31173.28,1870396.67
LOC-03115,Miami (Hurricane),26.51312,-80.74638,Concrete,401620.34,40162.03,481944.41
LOC-03116,Houston (Flood/Wind),29.70578,-94.87655,Wood,260692.93,26069.29,312831.51
LOC-03117,Houston (Flood/Wind),28.57701,-94.67971,Concrete,789258.81,39462.94,631407.05
LOC-03118,Miami (Hurricane),24.03428,-80.59101,Concrete,50000.0,1000.0,40000.0
LOC-03119,Los Angeles (Quake),31.81783,-117.0983,Wood,163813.91,8190.7,196576.69
LOC-03120,Miami (Hurricane),25.34164,-79.84107,Steel,50000.0,1000.0,40000.0
LOC-03121,Miami (Hurricane),26.67166,-81.56205,Masonry,231118.67,11555.93,184894.94
LOC-03122,Los Angeles (Quake),30.97286,-119.85723,Wood,431576.02,8631.52,517891.22
LOC-03123,Miami (Hurricane),25.77522,-79.90798,Concrete,263469.63,5269.39,263469.63
LOC-03124,Los Angeles (Quake),33.97994,-115.74049,Wood,1022157.61,102215.76,1022157.61
LOC-03125,Los Angeles (Quake),33.83747,-118.07302,Wood,144573.38,14457.34,144573.38
LOC-03126,Miami (Hurricane),23.8978,-80.76002,Wood,1424574.11,142457.41,1709488.94
LOC-03127,Los Angeles (Quake),35.48008,-119.93481,Wood,159536.9,15953.69,159536.9
LOC-03128,Los Angeles (Quake),35.35955,-118.13681,Wood,182282.63,9114.13,182282.63
LOC-03129,Los Angeles (Quake),33.39733,-118.46341,Wood,348551.85,6971.04,348551.85
LOC-03130,Miami (Hurricane),24.15706,-78.7999,Steel,120045.93,6002.3,120045.93
LOC-03131,Los Angeles (Quake),32.01612,-119.97459,Wood,899924.3,44996.22,1079909.17
LOC-03132,Houston (Flood/Wind),29.45402,-94.8488,Wood,401936.41,40193.64,401936.41
LOC-03133,Los Angeles (Quake),34.02633,-117.34673,Concrete,534970.65,10699.41,534970.65
LOC-03134,Houston (Flood/Wind),29.37002,-96.72164,Concrete,634980.15,12699.6,634980.15
LOC-03135,Los Angeles (Quake),35.00672,-118.20869,Wood,269731.55,5394.63,215785.24
LOC-03136,Houston (Flood/Wind),30.03585,-93.73369,Wood,611004.27,12220.09,611004.27
LOC-03137,Miami (Hurricane),26.29242,-79.1717,Masonry,303903.85,6078.08,303903.85
LOC-03138,Houston (Flood/Wind),29.74138,-95.1658,Concrete,528157.58,10563.15,422526.07
LOC-03139,Houston (Flood/Wind),28.4686,-95.67446,Wood,273224.44,27322.44,218579.55
LOC-03140,Houston (Flood/Wind),29.23409,-95.6468,Concrete,312492.32,31249.23,249993.85
LOC-03141,Miami (Hurricane),24.59122,-79.9969,Steel,1673149.62,83657.48,1673149.62
LOC-03142,Miami (Hurricane),25.35541,-79.93948,Masonry,55799.04,5579.9,66958.84
LOC-03143,Houston (Flood/Wind),29.21318,-93.58001,Wood,296261.58,5925.23,355513.9
LOC-03144,Miami (Hurricane),25.8971,-80.82707,Wood,249328.59,24932.86,249328.59
LOC-03145,Los Angeles (Quake),33.52044,-119.5222,Masonry,613295.57,12265.91,490636.46
LOC-03146,Miami (Hurricane),25.72427,-80.02169,Wood,188350.06,18835.01,226020.07
LOC-03147,Los Angeles (Quake),33.24215,-116.80671,Wood,2276995.21,45539.9,1821596.17
LOC-03148,Miami (Hurricane),26.47793,-78.76718,Wood,112979.49,2259.59,112979.49
LOC-03149,Los Angeles (Quake),32.73613,-117.7193,Concrete,2007259.68,200725.97,2007259.68
LOC-03150,Houston (Flood/Wind),30.3559,-95.8058,Steel,362661.37,18133.07,362661.37
LOC-03151,Miami (Hurricane),25.95812,-79.74495,Concrete,389048.41,19452.42,466858.09
LOC-03152,Los Angeles (Quake),34.1545,-118.45839,Concrete,338086.84,33808.68,338086.84
LOC-03153,Houston (Flood/Wind),29.42635,-96.66854,Wood,56051.78,5605.18,44841.42
LOC-03154,Houston (Flood/Wind),30.54192,-96.58954,Wood,50000.0,5000.0,50000.0
LOC-03155,Houston (Flood/Wind),27.97326,-96.37833,Concrete,1819209.9,90960.5,2183051.89
LOC-03156,Houston (Flood/Wind),29.33065,-94.04738,Concrete,143489.8,2869.8,114791.84
LOC-03157,Houston (Flood/Wind),29.30973,-93.1102,Wood,309087.81,30908.78,309087.81
LOC-03158,Houston (Flood/Wind),30.62712,-95.50297,Wood,255839.82,25583.98,204671.85
LOC-03159,Miami (Hurricane),26.86274,-79.94936,Wood,160834.57,8041.73,160834.57
LOC-03160,Los Angeles (Quake),35.90753,-117.80582,Wood,50000.0,1000.0,40000.0
LOC-03161,Los Angeles (Quake),33.9446,-116.80455,Wood,509757.28,10195.15,509757.28
LOC-03162,Miami (Hurricane),25.44378,-79.07676,Wood,647817.59,12956.35,647817.59
LOC-03163,Los Angeles (Quake),33.68407,-118.6121,Steel,222863.67,22286.37,222863.67
LOC-03164,Los Angeles (Quake),32.17174,-119.06032,Masonry,107616.72,2152.33,129140.06
LOC-03165,Miami (Hurricane),25.6956,-79.43753,Wood,258608.02,12930.4,258608.02
LOC-03166,Miami (Hurricane),25.72848,-79.82176,Masonry,391233.92,19561.7,391233.92
LOC-03167,Miami (Hurricane),26.30227,-81.55814,Masonry,206935.92,20693.59,248323.1
LOC-03168,Los Angeles (Quake),34.20845,-117.84489,Masonry,719989.34,71998.93,719989.34
LOC-03169,Houston (Flood/Wind),27.74411,-95.0543,Concrete,109017.27,2180.35,87213.81
LOC-03170,Los Angeles (Quake),36.57722,-121.41629,Wood,390217.21,7804.34,312173.77
LOC-03171,Los Angeles (Quake),34.38518,-116.99874,Wood,1209465.22,60473.26,1451358.26
LOC-03172,Houston (Flood/Wind),30.52289,-96.56392,Wood,233508.06,11675.4,233508.06
LOC-03173,Houston (Flood/Wind),31.90395,-95.05886,Concrete,503193.74,25159.69,503193.74
LOC-03174,Los Angeles (Quake),33.82708,-118.60703,Masonry,519430.86,25971.54,415544.68
LOC-03175,Los Angeles (Quake),33.80053,-116.40929,Concrete,282162.29,5643.25,282162.29
LOC-03176,Miami (Hurricane),25.4382,-80.19114,Wood,469897.79,46989.78,469897.79
LOC-03177,Los Angeles (Quake),32.44505,-119.47277,Steel,100040.06,5002.0,100040.06
LOC-03178,Miami (Hurricane),25.57287,-81.00006,Wood,214854.76,4297.1,171883.81
LOC-03179,Los Angeles (Quake),35.69612,-117.63771,Wood,1106443.43,22128.87,885154.74
LOC-03180,Miami (Hurricane),26.44245,-81.56486,Wood,354460.73,7089.21,354460.73
LOC-03181,Miami (Hurricane),27.29598,-80.29506,Wood,259888.74,12994.44,311866.49
LOC-03182,Los Angeles (Quake),32.75987,-119.59191,Wood,199676.77,9983.84,239612.13
LOC-03183,Houston (Flood/Wind),30.37802,-94.14745,Wood,50000.0,5000.0,50000.0
LOC-03184,Miami (Hurricane),25.53534,-80.38303,Masonry,395774.13,7915.48,395774.13
LOC-03185,Los Angeles (Quake),32.52666,-118.5484,Concrete,58320.29,1166.41,46656.23
LOC-03186,Miami (Hurricane),24.54313,-80.40422,Wood,108517.19,5425.86,86813.75
LOC-03187,Houston (Flood/Wind),30.22496,-94.38148,Concrete,59392.55,2969.63,71271.06
LOC-03188,Miami (Hurricane),25.16815,-79.86198,Steel,144914.59,2898.29,115931.68
LOC-03189,Miami (Hurricane),26.27335,-78.83486,Wood,110263.69,2205.27,110263.69
LOC-03190,Miami (Hurricane),24.63138,-80.4733,Wood,690857.62,69085.76,690857.62
LOC-03191,Houston (Flood/Wind),30.14253,-96.3605,Steel,415598.39,41559.84,415598.39
LOC-03192,Miami (Hurricane),25.40463,-81.75952,Masonry,509120.44,10182.41,509120.44
LOC-03193,Houston (Flood/Wind),31.06422,-93.82304,Wood,50000.0,1000.0,60000.0
LOC-03194,Miami (Hurricane),25.16458,-80.87796,Wood,208611.66,20861.17,208611.66
LOC-03195,Houston (Flood/Wind),31.08975,-95.20994,Concrete,450457.61,45045.76,450457.61
LOC-03196,Miami (Hurricane),26.03595,-80.8924,Wood,1073451.94,21469.04,858761.55
LOC-03197,Miami (Hurricane),25.87802,-80.18829,Wood,188057.37,3761.15,188057.37
LOC-03198,Los Angeles (Quake),36.09501,-117.80709,Wood,379281.67,18964.08,379281.67
LOC-03199,Los Angeles (Quake),33.70198,-117.0579,Concrete,373540.82,37354.08,373540.82
LOC-03200,Houston (Flood/Wind),29.56502,-94.17181,Wood,94854.75,1897.1,113825.7
LOC-03201,Los Angeles (Quake),33.98526,-116.49157,Wood,57547.98,5754.8,57547.98
LOC-03202,Los Angeles (Quake),32.61858,-119.30867,Wood,50000.0,1000.0,60000.0
LOC-03203,Miami (Hurricane),26.03799,-80.1838,Concrete,163954.65,3279.09,163954.65
LOC-03204,Los Angeles (Quake),36.07297,-117.77221,Concrete,261928.95,13096.45,261928.95
LOC-03205,Miami (Hurricane),26.87254,-80.75267,Wood,616724.32,12334.49,740069.18
LOC-03206,Los Angeles (Quake),33.86824,-119.64986,Wood,50000.0,2500.0,60000.0
LOC-03207,Los Angeles (Quake),34.86466,-120.1624,Wood,350827.34,7016.55,420992.81
LOC-03208,Los Angeles (Quake),33.72978,-118.83322,Wood,362043.78,18102.19,434452.53
LOC-03209,Houston (Flood/Wind),30.37739,-92.93263,Wood,438598.24,43859.82,438598.24
LOC-03210,Houston (Flood/Wind),28.97303,-97.3268,Masonry,227686.6,11384.33,273223.92
LOC-03211,Miami (Hurricane),25.31553,-80.52648,Wood,836317.07,83631.71,1003580.48
LOC-03212,Miami (Hurricane),26.441,-80.27027,Wood,682365.55,13647.31,682365.55
LOC-03213,Los Angeles (Quake),32.56626,-118.79732,Wood,148251.89,2965.04,177902.27
LOC-03214,Los Angeles (Quake),34.51753,-116.84867,Concrete,261152.24,5223.04,313382.69
LOC-03215,Miami (Hurricane),24.93385,-79.89602,Concrete,56156.53,1123.13,67387.84
LOC-03216,Houston (Flood/Wind),29.98522,-94.49846,Masonry,855982.75,85598.27,684786.2
LOC-03217,Miami (Hurricane),26.5058,-80.18109,Wood,1895527.51,189552.75,1516422.01
LOC-03218,Houston (Flood/Wind),29.13173,-94.7488,Concrete,4168691.99,208434.6,4168691.99
LOC-03219,Miami (Hurricane),25.78139,-80.06133,Wood,710413.65,71041.37,710413.65
LOC-03220,Los Angeles (Quake),34.7004,-116.46228,Concrete,4831381.41,483138.14,4831381.41
LOC-03221,Houston (Flood/Wind),30.04667,-94.86119,Masonry,542420.0,27121.0,433936.0
LOC-03222,Miami (Hurricane),25.46741,-79.60881,Masonry,114913.28,5745.66,91930.63
LOC-03223,Miami (Hurricane),24.72052,-79.7644,Wood,385850.29,19292.51,385850.29
LOC-03224,Houston (Flood/Wind),29.50691,-94.90348,Wood,1112653.78,111265.38,890123.02
LOC-03225,Miami (Hurricane),26.12972,-79.81427,Wood,918488.22,18369.76,1102185.86
LOC-03226,Houston (Flood/Wind),28.42207,-95.08653,Wood,734264.53,14685.29,734264.53
LOC-03227,Los Angeles (Quake),36.2469,-119.09982,Concrete,104248.39,5212.42,104248.39
LOC-03228,Houston (Flood/Wind),31.37048,-94.86493,Wood,318553.29,15927.66,318553.29
LOC-03229,Los Angeles (Quake),34.94754,-116.77217,Wood,521910.07,10438.2,521910.07
LOC-03230,Miami (Hurricane),26.03495,-80.83314,Concrete,50000.0,5000.0,60000.0
LOC-03231,Miami (Hurricane),26.98363,-79.30423,Wood,151929.43,7596.47,151929.43
LOC-03232,Los Angeles (Quake),32.94291,-116.98709,Wood,253701.66,25370.17,253701.66
LOC-03233,Houston (Flood/Wind),30.38216,-96.25383,Wood,164084.4,8204.22,164084.4
LOC-03234,Miami (Hurricane),25.43158,-79.21585,Concrete,551478.15,27573.91,551478.15
LOC-03235,Los Angeles (Quake),34.07149,-117.94602,Wood,1770565.83,88528.29,1416452.66
LOC-03236,Houston (Flood/Wind),28.6982,-95.45225,Wood,533460.5,10669.21,533460.5
LOC-03237,Houston (Flood/Wind),31.35162,-95.81759,Wood,482363.44,24118.17,578836.13
LOC-03238,Miami (Hurricane),26.36257,-81.59601,Wood,386953.42,19347.67,386953.42
LOC-03239,Los Angeles (Quake),36.91789,-118.58264,Wood,424758.55,42475.85,509710.26
LOC-03240,Miami (Hurricane),26.80307,-80.04084,Concrete,441144.45,22057.22,441144.45
LOC-03241,Miami (Hurricane),24.41121,-80.54801,Wood,131586.3,6579.31,157903.56
LOC-03242,Los Angeles (Quake),34.44598,-117.9172,Concrete,1176474.43,117647.44,941179.55
LOC-03243,Los Angeles (Quake),33.21646,-119.07055,Wood,214957.09,4299.14,171965.67
LOC-03244,Miami (Hurricane),25.37345,-80.17732,Wood,62917.63,3145.88,75501.16
LOC-03245,Houston (Flood/Wind),28.16622,-95.33953,Steel,417590.82,41759.08,501108.99
LOC-03246,Miami (Hurricane),25.02394,-80.45673,Concrete,217024.54,21702.45,260429.44
LOC-03247,Miami (Hurricane),26.72831,-81.06923,Concrete,356925.36,7138.51,356925.36
LOC-03248,Houston (Flood/Wind),30.08242,-93.89854,Concrete,146899.82,2938.0,146899.82
LOC-03249,Miami (Hurricane),26.37617,-81.03475,Wood,1202954.97,120295.5,962363.98
LOC-03250,Miami (Hurricane),28.27459,-80.79583,Concrete,1787992.55,89399.63,1787992.55
LOC-03251,Houston (Flood/Wind),28.98224,-96.63978,Concrete,82307.02,1646.14,82307.02
LOC-03252,Houston (Flood/Wind),29.23622,-96.00968,Wood,331309.21,16565.46,331309.21
LOC-03253,Los Angeles (Quake),34.29363,-118.32238,Wood,443299.94,22165.0,443299.94
LOC-03254,Houston (Flood/Wind),28.05354,-96.7062,Wood,111621.18,2232.42,111621.18
LOC-03255,Miami (Hurricane),26.10218,-79.71441,Wood,1622507.33,32450.15,1622507.33
LOC-03256,Miami (Hurricane),25.27082,-79.70945,Wood,283314.58,14165.73,283314.58
LOC-03257,Houston (Flood/Wind),30.20544,-95.09088,Concrete,227714.61,4554.29,182171.69
LOC-03258,Miami (Hurricane),26.3067,-80.6594,Wood,1022999.58,102299.96,1022999.58
LOC-03259,Miami (Hurricane),25.77071,-79.04857,Wood,159512.33,15951.23,127609.86
LOC-03260,Houston (Flood/Wind),29.83922,-96.10603,Steel,274012.55,27401.26,274012.55
LOC-03261,Miami (Hurricane),25.2231,-79.37201,Wood,1564051.28,78202.56,1564051.28
LOC-03262,Miami (Hurricane),25.94601,-78.71409,Wood,702223.98,70222.4,842668.78
LOC-03263,Houston (Flood/Wind),30.14245,-94.54747,Concrete,791417.35,79141.73,949700.82
LOC-03264,Houston (Flood/Wind),31.34985,-95.67289,Wood,425205.48,8504.11,425205.48
LOC-03265,Houston (Flood/Wind),30.81414,-94.54234,Masonry,376470.3,18823.51,301176.24
LOC-03266,Miami (Hurricane),25.91662,-80.14721,Concrete,521655.71,52165.57,521655.71
LOC-03267,Houston (Flood/Wind),28.13718,-97.52481,Wood,213894.72,10694.74,213894.72
LOC-03268,Los Angeles (Quake),34.85934,-116.87754,Masonry,93638.03,9363.8,93638.03
LOC-03269,Miami (Hurricane),25.20384,-80.43247,Wood,179909.04,8995.45,143927.23
LOC-03270,Miami (Hurricane),25.18679,-80.67064,Wood,1312090.8,131209.08,1312090.8
LOC-03271,Miami (Hurricane),25.02243,-78.49873,Concrete,305105.77,6102.12,305105.77
LOC-03272,Miami (Hurricane),25.61049,-78.66529,Masonry,891782.48,17835.65,891782.48
LOC-03273,Houston (Flood/Wind),28.53384,-95.55561,Concrete,50000.0,1000.0,60000.0
LOC-03274,Miami (Hurricane),24.23859,-80.17145,Masonry,83916.79,4195.84,100700.15
LOC-03275,Miami (Hurricane),26.95185,-79.74243,Concrete,313877.29,6277.55,251101.83
LOC-03276,Houston (Flood/Wind),30.33267,-95.18008,Wood,145710.21,2914.2,174852.25
LOC-03277,Miami (Hurricane),25.69781,-80.95652,Concrete,173547.76,3470.96,173547.76
LOC-03278,Los Angeles (Quake),33.45214,-117.4421,Concrete,169425.48,3388.51,203310.57
LOC-03279,Los Angeles (Quake),33.42885,-119.52175,Wood,4418939.88,441893.99,4418939.88
LOC-03280,Houston (Flood/Wind),30.52112,-96.15114,Wood,148636.86,7431.84,148636.86
LOC-03281,Houston (Flood/Wind),28.35637,-94.01506,Wood,848118.21,84811.82,848118.21
LOC-03282,Miami (Hurricane),25.95157,-80.30984,Wood,50000.0,2500.0,50000.0
LOC-03283,Los Angeles (Quake),35.37858,-118.1903,Masonry,457246.25,45724.63,548695.5
LOC-03284,Los Angeles (Quake),35.63859,-119.43979,Steel,598076.08,11961.52,598076.08
LOC-03285,Los Angeles (Quake),34.98503,-119.56008,Wood,370213.52,7404.27,296170.81
LOC-03286,Houston (Flood/Wind),28.97904,-94.67844,Wood,148692.89,14869.29,178431.47
LOC-03287,Los Angeles (Quake),33.5326,-117.2995,Concrete,494492.28,24724.61,395593.82
LOC-03288,Miami (Hurricane),25.96239,-80.2819,Wood,530684.52,10613.69,530684.52
LOC-03289,Los Angeles (Quake),35.22363,-114.57205,Wood,173555.06,8677.75,173555.06
LOC-03290,Los Angeles (Quake),34.59879,-118.05171,Steel,486879.53,48687.95,486879.53
LOC-03291,Houston (Flood/Wind),29.52852,-96.32981,Wood,50000.0,1000.0,50000.0
LOC-03292,Miami (Hurricane),26.34189,-79.75965,Wood,175886.74,17588.67,175886.74
LOC-03293,Los Angeles (Quake),34.91693,-120.9858,Wood,71993.64,7199.36,71993.64
LOC-03294,Houston (Flood/Wind),28.7885,-95.64704,Wood,234073.24,4681.46,234073.24
LOC-03295,Los Angeles (Quake),33.41992,-118.56046,Concrete,571781.91,28589.1,686138.29
LOC-03296,Miami (Hurricane),25.30341,-78.93125,Masonry,541557.38,10831.15,433245.91
LOC-03297,Miami (Hurricane),24.53479,-80.48131,Wood,212441.5,4248.83,212441.5
LOC-03298,Los Angeles (Quake),35.47833,-118.08587,Wood,225172.11,22517.21,225172.11
LOC-03299,Miami (Hurricane),25.58069,-80.68385,Masonry,163742.17,3274.84,196490.6
LOC-03300,Los Angeles (Quake),34.95983,-119.20843,Wood,595914.11,29795.71,595914.11
LOC-03301,Los Angeles (Quake),33.92936,-117.5483,Steel,118844.76,2376.9,142613.71
LOC-03302,Houston (Flood/Wind),30.10639,-95.35615,Wood,345122.21,34512.22,276097.77
LOC-03303,Houston (Flood/Wind),30.3971,-96.05337,Concrete,203744.86,20374.49,244493.83
LOC-03304,Houston (Flood/Wind),29.42093,-95.92915,Wood,73304.29,1466.09,58643.43
LOC-03305,Houston (Flood/Wind),29.02694,-96.25976,Concrete,128646.86,2572.94,154376.24
LOC-03306,Miami (Hurricane),25.63754,-79.2739,Wood,144032.07,2880.64,115225.65
LOC-03307,Houston (Flood/Wind),28.85887,-95.07621,Concrete,223540.72,22354.07,223540.72
LOC-03308,Los Angeles (Quake),35.57344,-118.11588,Concrete,323752.57,16187.63,323752.57
LOC-03309,Houston (Flood/Wind),31.19128,-95.43934,Masonry,240997.57,12049.88,240997.57
LOC-03310,Houston (Flood/Wind),30.74164,-97.35343,Wood,475086.28,23754.31,570103.53
LOC-03311,Miami (Hurricane),25.51367,-79.5373,Concrete,436026.43,21801.32,348821.14
LOC-03312,Miami (Hurricane),25.10025,-80.53864,Concrete,50000.0,5000.0,40000.0
LOC-03313,Los Angeles (Quake),32.72103,-120.38076,Wood,1547745.59,77387.28,1238196.47
LOC-03314,Houston (Flood/Wind),29.86196,-96.10733,Concrete,112690.72,5634.54,112690.72
LOC-03315,Miami (Hurricane),24.94597,-80.56815,Wood,300464.84,30046.48,300464.84
LOC-03316,Los Angeles (Quake),35.31086,-117.0199,Wood,435618.88,43561.89,435618.88
LOC-03317,Miami (Hurricane),25.53153,-80.4988,Steel,287628.54,14381.43,287628.54
LOC-03318,Miami (Hurricane),25.12192,-78.35563,Wood,1657107.06,82855.35,1988528.48
LOC-03319,Los Angeles (Quake),33.21012,-118.55243,Wood,610575.01,61057.5,488460.01
LOC-03320,Los Angeles (Quake),34.37285,-117.7753,Wood,324546.28,32454.63,324546.28
LOC-03321,Miami (Hurricane),26.02604,-80.06674,Concrete,185084.18,9254.21,185084.18
LOC-03322,Houston (Flood/Wind),29.93645,-94.26447,Concrete,1423039.54,71151.98,1707647.45
LOC-03323,Los Angeles (Quake),33.73678,-116.47521,Wood,1519889.24,30397.78,1519889.24
LOC-03324,Houston (Flood/Wind),29.15325,-97.48456,Concrete,208285.76,10414.29,249942.91
LOC-03325,Los Angeles (Quake),34.81951,-117.17229,Wood,317796.61,15889.83,317796.61
LOC-03326,Los Angeles (Quake),34.77088,-118.71376,Concrete,312355.9,31235.59,374827.07
LOC-03327,Miami (Hurricane),26.24251,-80.01114,Wood,189707.94,3794.16,189707.94
LOC-03328,Miami (Hurricane),27.20884,-79.35311,Concrete,382715.69,7654.31,382715.69
LOC-03329,Los Angeles (Quake),33.14571,-118.60838,Wood,50000.0,2500.0,50000.0
LOC-03330,Los Angeles (Quake),34.5371,-118.79329,Concrete,234159.93,11708.0,234159.93
LOC-03331,Houston (Flood/Wind),28.8844,-94.64364,Masonry,2030979.07,101548.95,2030979.07
LOC-03332,Houston (Flood/Wind),29.66064,-95.72048,Concrete,166694.74,3333.89,166694.74
LOC-03333,Miami (Hurricane),24.99199,-78.71244,Wood,234193.63,4683.87,187354.91
LOC-03334,Miami (Hurricane),25.60368,-80.63144,Concrete,247461.94,4949.24,247461.94
LOC-03335,Los Angeles (Quake),35.80741,-117.59787,Wood,329687.56,6593.75,329687.56
LOC-03336,Los Angeles (Quake),35.31489,-118.10377,Masonry,50000.0,5000.0,40000.0
LOC-03337,Los Angeles (Quake),33.61578,-118.78467,Wood,50000.0,1000.0,50000.0
LOC-03338,Miami (Hurricane),25.77486,-80.26938,Concrete,99694.03,9969.4,99694.03
LOC-03339,Houston (Flood/Wind),30.28796,-97.14237,Wood,457820.68,9156.41,457820.68
LOC-03340,Los Angeles (Quake),34.18762,-118.68248,Concrete,360680.49,36068.05,288544.39
LOC-03341,Houston (Flood/Wind),30.78682,-93.0517,Concrete,322995.17,32299.52,322995.17
LOC-03342,Houston (Flood/Wind),29.69364,-96.36861,Wood,332211.11,33221.11,265768.89
LOC-03343,Houston (Flood/Wind),28.85199,-95.13358,Wood,352858.69,17642.93,352858.69
LOC-03344,Los Angeles (Quake),35.88452,-119.86636,Wood,457293.52,45729.35,548752.22
LOC-03345,Los Angeles (Quake),34.4688,-117.26568,Wood,1704215.08,170421.51,1363372.06
LOC-03346,Miami (Hurricane),25.62999,-80.02598,Wood,435889.08,21794.45,435889.08
LOC-03347,Miami (Hurricane),24.71624,-78.78518,Concrete,125126.81,6256.34,100101.45
LOC-03348,Houston (Flood/Wind),30.1509,-95.07716,Concrete,350071.27,7001.43,280057.02
LOC-03349,Los Angeles (Quake),34.6685,-117.58544,Wood,279572.32,13978.62,335486.79
LOC-03350,Los Angeles (Quake),32.86076,-118.11751,Masonry,142536.27,2850.73,142536.27
LOC-03351,Houston (Flood/Wind),29.33556,-96.39047,Concrete,572773.01,28638.65,572773.01
LOC-03352,Houston (Flood/Wind),28.00553,-95.84802,Concrete,131436.75,6571.84,157724.1
LOC-03353,Houston (Flood/Wind),30.04726,-94.04454,Concrete,206717.36,4134.35,206717.36
LOC-03354,Houston (Flood/Wind),29.8215,-95.23038,Concrete,80866.4,8086.64,80866.4
LOC-03355,Houston (Flood/Wind),30.5663,-95.27992,Masonry,53872.02,5387.2,53872.02
LOC-03356,Houston (Flood/Wind),29.68435,-94.61589,Wood,445913.31,22295.67,445913.31
LOC-03357,Miami (Hurricane),27.07945,-80.00286,Steel,50000.0,1000.0,50000.0
LOC-03358,Houston (Flood/Wind),28.08848,-94.66386,Masonry,1110581.71,22211.63,1110581.71
LOC-03359,Los Angeles (Quake),33.55539,-119.35333,Masonry,312490.67,31249.07,312490.67
LOC-03360,Houston (Flood/Wind),30.59219,-95.38275,Wood,482799.04,24139.95,386239.23
LOC-03361,Houston (Flood/Wind),28.41305,-95.53067,Wood,166804.0,8340.2,200164.8
LOC-03362,Miami (Hurricane),26.25208,-80.16193,Wood,260949.73,26094.97,260949.73
LOC-03363,Los Angeles (Quake),31.93421,-119.25899,Wood,241853.41,4837.07,241853.41
LOC-03364,Miami (Hurricane),26.83262,-81.464,Concrete,62899.31,1257.99,50319.45
LOC-03365,Los Angeles (Quake),33.49998,-117.69119,Concrete,904834.02,45241.7,1085800.83
LOC-03366,Los Angeles (Quake),32.78765,-118.09577,Masonry,89056.53,1781.13,106867.83
LOC-03367,Houston (Flood/Wind),28.99267,-93.92416,Steel,197439.44,19743.94,197439.44
LOC-03368,Houston (Flood/Wind),28.13456,-94.69461,Masonry,197647.7,3952.95,158118.16
LOC-03369,Houston (Flood/Wind),31.48945,-93.79783,Masonry,98377.38,9837.74,118052.86
LOC-03370,Houston (Flood/Wind),28.79158,-94.36528,Wood,673320.45,13466.41,673320.45
LOC-03371,Los Angeles (Quake),34.39573,-116.07836,Wood,1196635.61,119663.56,1196635.61
LOC-03372,Los Angeles (Quake),33.90543,-120.65749,Concrete,679552.36,13591.05,543641.89
LOC-03373,Miami (Hurricane),26.23812,-80.39567,Wood,50512.82,5051.28,50512.82
LOC-03374,Houston (Flood/Wind),28.7772,-95.43253,Steel,684263.7,68426.37,547410.96
LOC-03375,Houston (Flood/Wind),29.70605,-96.28683,Wood,50000.0,1000.0,60000.0
LOC-03376,Los Angeles (Quake),33.12176,-119.16929,Masonry,125244.46,2504.89,125244.46
LOC-03377,Los Angeles (Quake),34.00038,-117.84429,Masonry,1111766.09,111176.61,1111766.09
LOC-03378,Los Angeles (Quake),32.09344,-118.70456,Concrete,79005.91,3950.3,79005.91
LOC-03379,Miami (Hurricane),26.25058,-81.09811,Wood,161470.65,16147.07,161470.65
LOC-03380,Los Angeles (Quake),32.36432,-119.94801,Wood,65848.69,6584.87,65848.69
LOC-03381,Los Angeles (Quake),34.2562,-118.1703,Wood,83240.15,1664.8,83240.15
LOC-03382,Miami (Hurricane),26.58711,-78.54317,Wood,155333.51,7766.68,124266.81
LOC-03383,Miami (Hurricane),25.02557,-80.15892,Masonry,182228.36,9111.42,218674.03
LOC-03384,Los Angeles (Quake),35.93529,-117.31787,Steel,266089.06,5321.78,319306.87
LOC-03385,Los Angeles (Quake),33.43293,-118.4714,Wood,256321.8,5126.44,256321.8
LOC-03386,Los Angeles (Quake),33.97625,-118.13699,Wood,233049.05,23304.91,279658.86
LOC-03387,Houston (Flood/Wind),29.16564,-95.90967,Concrete,201790.71,10089.54,242148.86
LOC-03388,Miami (Hurricane),24.16281,-80.6711,Steel,136029.83,13602.98,108823.86
LOC-03389,Los Angeles (Quake),33.24172,-116.68192,Concrete,1019152.9,20383.06,1019152.9
LOC-03390,Los Angeles (Quake),32.71156,-115.6902,Wood,127405.12,12740.51,101924.1
LOC-03391,Houston (Flood/Wind),30.38588,-95.30758,Wood,277520.47,27752.05,222016.37
LOC-03392,Miami (Hurricane),26.06724,-79.32455,Wood,324496.1,6489.92,389395.32
LOC-03393,Los Angeles (Quake),34.57885,-118.08203,Concrete,116027.52,5801.38,116027.52
LOC-03394,Houston (Flood/Wind),30.9021,-94.95623,Wood,3589005.65,71780.11,2871204.52
LOC-03395,Miami (Hurricane),27.13495,-80.92847,Concrete,229431.46,4588.63,183545.17
LOC-03396,Los Angeles (Quake),35.19437,-118.17783,Concrete,855809.74,85580.97,855809.74
LOC-03397,Houston (Flood/Wind),31.1258,-96.05269,Concrete,1562619.03,78130.95,1562619.03
LOC-03398,Houston (Flood/Wind),29.8788,-93.7545,Wood,2043993.99,40879.88,2043993.99
LOC-03399,Los Angeles (Quake),33.17334,-119.3327,Concrete,134284.71,6714.24,161141.65
LOC-03400,Houston (Flood/Wind),29.72148,-97.49528,Wood,261014.21,5220.28,261014.21
LOC-03401,Houston (Flood/Wind),31.29654,-95.41558,Wood,227301.27,11365.06,227301.27
LOC-03402,Miami (Hurricane),25.93782,-80.28012,Masonry,335164.84,6703.3,402197.81
LOC-03403,Miami (Hurricane),24.43041,-80.5271,Concrete,553926.88,11078.54,553926.88
LOC-03404,Los Angeles (Quake),35.78106,-119.11332,Concrete,97277.44,4863.87,116732.93
LOC-03405,Houston (Flood/Wind),30.26466,-95.68499,Wood,50000.0,1000.0,50000.0
LOC-03406,Miami (Hurricane),26.79742,-80.00674,Wood,767136.78,15342.74,767136.78
LOC-03407,Houston (Flood/Wind),29.34735,-94.04848,Wood,50000.0,5000.0,50000.0
LOC-03408,Houston (Flood/Wind),29.83059,-95.80804,Masonry,829639.17,16592.78,663711.34
LOC-03409,Los Angeles (Quake),34.25032,-117.80019,Wood,276762.19,13838.11,276762.19
LOC-03410,Los Angeles (Quake),36.29534,-118.69298,Concrete,228148.37,11407.42,228148.37
LOC-03411,Los Angeles (Quake),33.13339,-119.17534,Wood,195024.78,3900.5,195024.78
LOC-03412,Houston (Flood/Wind),30.77574,-95.25183,Wood,204103.61,10205.18,204103.61
LOC-03413,Los Angeles (Quake),33.46446,-117.89501,Wood,169081.44,8454.07,169081.44
LOC-03414,Miami (Hurricane),26.63303,-81.1543,Wood,227038.1,22703.81,227038.1
LOC-03415,Houston (Flood/Wind),28.75549,-96.02292,Wood,480977.57,9619.55,577173.08
LOC-03416,Houston (Flood/Wind),29.74684,-94.77163,Wood,983803.3,19676.07,983803.3
LOC-03417,Los Angeles (Quake),32.78487,-118.12867,Wood,189927.12,9496.36,189927.12
LOC-03418,Houston (Flood/Wind),28.71973,-93.72738,Concrete,280306.84,28030.68,280306.84
LOC-03419,Miami (Hurricane),25.43665,-80.34095,Concrete,150645.96,15064.6,180775.16
LOC-03420,Miami (Hurricane),26.84238,-79.63559,Wood,828424.62,16568.49,828424.62
LOC-03421,Houston (Flood/Wind),29.99604,-94.31515,Wood,122295.79,12229.58,122295.79
LOC-03422,Houston (Flood/Wind),28.88344,-95.67717,Masonry,930932.38,46546.62,930932.38
LOC-03423,Houston (Flood/Wind),30.38379,-96.17942,Concrete,1510620.72,75531.04,1510620.72
LOC-03424,Los Angeles (Quake),35.9889,-118.36099,Masonry,86650.09,4332.5,86650.09
LOC-03425,Houston (Flood/Wind),29.21541,-95.14759,Wood,589371.21,58937.12,589371.21
LOC-03426,Miami (Hurricane),24.83986,-81.05449,Wood,434810.26,43481.03,347848.21
LOC-03427,Miami (Hurricane),25.57145,-80.52049,Wood,392639.21,39263.92,392639.21
LOC-03428,Houston (Flood/Wind),30.21822,-96.63326,Wood,173726.31,3474.53,208471.58
LOC-03429,Houston (Flood/Wind),28.78362,-93.82172,Steel,116147.7,2322.95,139377.24
LOC-03430,Houston (Flood/Wind),29.40818,-92.60649,Wood,105446.95,2108.94,105446.95
LOC-03431,Houston (Flood/Wind),29.26552,-96.65417,Wood,668683.72,66868.37,802420.47
LOC-03432,Houston (Flood/Wind),31.59276,-96.7904,Wood,237915.13,11895.76,237915.13
LOC-03433,Los Angeles (Quake),33.09165,-117.59026,Concrete,77052.15,3852.61,92462.57
LOC-03434,Miami (Hurricane),25.76588,-80.22792,Concrete,237016.67,11850.83,237016.67
LOC-03435,Los Angeles (Quake),35.12387,-118.53004,Wood,76361.35,7636.14,61089.08
LOC-03436,Los Angeles (Quake),33.1193,-118.85129,Concrete,501299.48,10025.99,401039.59
LOC-03437,Houston (Flood/Wind),29.89932,-96.14156,Wood,50000.0,1000.0,50000.0
LOC-03438,Miami (Hurricane),25.65952,-79.77903,Wood,359836.6,35983.66,287869.28
LOC-03439,Miami (Hurricane),25.66026,-79.013,Wood,857915.69,85791.57,857915.69
LOC-03440,Houston (Flood/Wind),33.70273,-94.51738,Wood,540596.98,10811.94,540596.98
LOC-03441,Los Angeles (Quake),32.36355,-118.62598,Steel,57320.05,2866.0,57320.05
LOC-03442,Miami (Hurricane),25.70764,-80.17678,Wood,352495.59,17624.78,422994.71
LOC-03443,Houston (Flood/Wind),27.78772,-96.0811,Concrete,88715.34,4435.77,70972.27
LOC-03444,Los Angeles (Quake),33.92608,-118.11248,Wood,169534.3,16953.43,169534.3
LOC-03445,Miami (Hurricane),24.72966,-80.50014,Masonry,50000.0,5000.0,60000.0
LOC-03446,Los Angeles (Quake),32.68967,-117.37484,Concrete,904974.27,18099.49,1085969.13
LOC-03447,Los Angeles (Quake),36.41384,-119.67648,Wood,156170.79,15617.08,156170.79
LOC-03448,Los Angeles (Quake),33.77847,-117.07141,Concrete,331258.96,6625.18,331258.96
LOC-03449,Miami (Hurricane),25.2104,-80.69709,Wood,868337.87,43416.89,868337.87
LOC-03450,Miami (Hurricane),25.00463,-79.68707,Wood,91241.21,1824.82,91241.21
LOC-03451,Miami (Hurricane),26.6767,-80.84914,Concrete,133332.76,2666.66,133332.76
LOC-03452,Los Angeles (Quake),33.44987,-118.34788,Wood,461824.05,23091.2,461824.05
LOC-03453,Houston (Flood/Wind),29.31384,-95.60367,Wood,195498.24,9774.91,234597.89
LOC-03454,Houston (Flood/Wind),31.10475,-96.07354,Concrete,272075.73,27207.57,217660.58
LOC-03455,Miami (Hurricane),25.47395,-79.35414,Wood,722374.6,72237.46,722374.6
LOC-03456,Houston (Flood/Wind),30.00943,-96.03738,Wood,407056.72,8141.13,407056.72
LOC-03457,Miami (Hurricane),25.18117,-80.22157,Wood,640293.39,32014.67,768352.06
LOC-03458,Miami (Hurricane),25.08714,-79.97874,Concrete,253140.4,5062.81,253140.4
LOC-03459,Los Angeles (Quake),34.33576,-117.84442,Wood,196791.1,3935.82,236149.32
LOC-03460,Los Angeles (Quake),32.91857,-117.31107,Wood,325963.42,16298.17,391156.11
LOC-03461,Houston (Flood/Wind),31.22639,-96.3852,Wood,50000.0,2500.0,50000.0
LOC-03462,Los Angeles (Quake),34.60127,-117.94509,Wood,224932.58,4498.65,224932.58
LOC-03463,Houston (Flood/Wind),28.76697,-96.09424,Concrete,498215.66,24910.78,398572.53
LOC-03464,Miami (Hurricane),25.82642,-79.96867,Wood,6166644.04,123332.88,6166644.04
LOC-03465,Los Angeles (Quake),34.08889,-118.68792,Masonry,355458.98,35545.9,355458.98
LOC-03466,Houston (Flood/Wind),29.66965,-95.70799,Wood,150839.98,15084.0,150839.98
LOC-03467,Miami (Hurricane),25.37809,-79.98657,Masonry,866976.9,17339.54,866976.9
LOC-03468,Houston (Flood/Wind),29.65876,-93.79742,Concrete,128142.25,6407.11,128142.25
LOC-03469,Houston (Flood/Wind),30.07498,-94.31679,Wood,151598.25,15159.83,151598.25
LOC-03470,Los Angeles (Quake),33.51224,-118.20212,Concrete,183048.3,18304.83,146438.64
LOC-03471,Miami (Hurricane),25.24958,-79.73555,Wood,906404.47,18128.09,906404.47
LOC-03472,Los Angeles (Quake),33.7971,-117.52911,Wood,323273.0,32327.3,323273.0
LOC-03473,Houston (Flood/Wind),27.60451,-95.10362,Wood,118586.01,11858.6,94868.81
LOC-03474,Houston (Flood/Wind),29.65481,-95.27136,Wood,214061.11,10703.06,171248.89
LOC-03475,Los Angeles (Quake),33.34995,-116.18086,Concrete,248860.5,4977.21,248860.5
LOC-03476,Houston (Flood/Wind),30.27504,-95.33579,Concrete,1800779.58,36015.59,1800779.58
LOC-03477,Los Angeles (Quake),34.20475,-117.66307,Wood,664336.33,33216.82,797203.6
LOC-03478,Miami (Hurricane),26.95555,-79.81461,Wood,197994.54,19799.45,197994.54
LOC-03479,Houston (Flood/Wind),28.41467,-95.58065,Wood,465279.0,23263.95,465279.0
LOC-03480,Houston (Flood/Wind),29.21162,-94.39351,Wood,311525.27,31152.53,311525.27
LOC-03481,Houston (Flood/Wind),30.37255,-95.91197,Wood,144559.73,14455.97,144559.73
LOC-03482,Houston (Flood/Wind),28.91067,-96.00762,Wood,2159067.49,215906.75,2159067.49
LOC-03483,Houston (Flood/Wind),30.33676,-97.71205,Wood,135339.34,2706.79,135339.34
LOC-03484,Los Angeles (Quake),35.57468,-118.52535,Wood,690469.75,69046.98,690469.75
LOC-03485,Miami (Hurricane),26.32157,-79.95383,Wood,158920.76,15892.08,127136.61
LOC-03486,Houston (Flood/Wind),29.74206,-95.46118,Masonry,647245.73,64724.57,517796.58
LOC-03487,Houston (Flood/Wind),30.84498,-95.6698,Concrete,178516.22,3570.32,178516.22
LOC-03488,Los Angeles (Quake),33.99003,-118.56554,Concrete,1365984.42,136598.44,1365984.42
LOC-03489,Miami (Hurricane),25.87303,-80.76003,Wood,232484.77,4649.7,232484.77
LOC-03490,Miami (Hurricane),25.24744,-81.77143,Wood,562483.64,28124.18,562483.64
LOC-03491,Los Angeles (Quake),34.18701,-115.37345,Wood,393699.08,39369.91,472438.9
LOC-03492,Miami (Hurricane),27.12488,-80.13192,Steel,352752.36,17637.62,352752.36
LOC-03493,Houston (Flood/Wind),30.55746,-97.10008,Wood,177827.86,3556.56,177827.86
LOC-03494,Houston (Flood/Wind),30.45449,-97.11048,Wood,159192.56,7959.63,127354.05
LOC-03495,Houston (Flood/Wind),30.34319,-93.35561,Wood,201639.21,10081.96,161311.37
LOC-03496,Houston (Flood/Wind),28.64411,-95.69248,Wood,311305.81,15565.29,311305.81
LOC-03497,Miami (Hurricane),25.84953,-79.99474,Wood,484203.0,24210.15,484203.0
LOC-03498,Los Angeles (Quake),35.82183,-118.49074,Concrete,756003.16,75600.32,756003.16
LOC-03499,Miami (Hurricane),24.98628,-79.51661,Wood,897064.36,89706.44,897064.36
LOC-03500,Los Angeles (Quake),34.19562,-120.35171,Concrete,751650.79,75165.08,601320.64
LOC-03501,Houston (Flood/Wind),29.38067,-94.29314,Concrete,385438.19,19271.91,385438.19
LOC-03502,Miami (Hurricane),25.90588,-81.02111,Steel,568226.0,56822.6,568226.0
LOC-03503,Houston (Flood/Wind),30.89272,-96.362,Concrete,496229.52,24811.48,595475.42
LOC-03504,Houston (Flood/Wind),30.11853,-95.68507,Wood,63143.8,3157.19,63143.8
LOC-03505,Houston (Flood/Wind),30.47757,-95.93416,Wood,251342.47,5026.85,201073.98
LOC-03506,Los Angeles (Quake),34.46833,-116.67078,Concrete,671287.02,67128.7,671287.02
LOC-03507,Los Angeles (Quake),37.45975,-117.81646,Masonry,319383.47,6387.67,319383.47
LOC-03508,Los Angeles (Quake),33.94051,-118.87394,Wood,389451.86,7789.04,389451.86
LOC-03509,Houston (Flood/Wind),29.60768,-96.26943,Concrete,240336.73,12016.84,192269.38
LOC-03510,Houston (Flood/Wind),30.62725,-95.44464,Wood,107531.38,2150.63,107531.38
LOC-03511,Los Angeles (Quake),36.64708,-118.72878,Masonry,891244.6,44562.23,891244.6
LOC-03512,Houston (Flood/Wind),29.20584,-95.90861,Concrete,877380.29,87738.03,877380.29
LOC-03513,Miami (Hurricane),26.44357,-80.10717,Wood,750657.42,37532.87,900788.9
LOC-03514,Los Angeles (Quake),33.71456,-120.00547,Wood,887933.86,17758.68,887933.86
LOC-03515,Miami (Hurricane),25.2154,-80.89696,Wood,1419815.15,70990.76,1703778.18
LOC-03516,Miami (Hurricane),25.45984,-78.83411,Wood,171360.49,17136.05,137088.4
LOC-03517,Houston (Flood/Wind),29.65155,-95.20177,Wood,696173.97,13923.48,556939.17
LOC-03518,Los Angeles (Quake),33.6118,-115.02613,Wood,287142.58,28714.26,344571.09
LOC-03519,Los Angeles (Quake),34.74183,-119.0488,Concrete,292158.93,5843.18,292158.93
LOC-03520,Miami (Hurricane),25.99622,-79.94214,Steel,556990.66,27849.53,556990.66
LOC-03521,Los Angeles (Quake),32.79331,-117.88998,Wood,408436.71,20421.84,408436.71
LOC-03522,Los Angeles (Quake),34.16507,-118.33107,Concrete,53813.61,2690.68,53813.61
LOC-03523,Houston (Flood/Wind),29.22628,-94.24334,Wood,94732.77,4736.64,94732.77
LOC-03524,Miami (Hurricane),26.29038,-80.22568,Steel,451426.16,22571.31,451426.16
LOC-03525,Los Angeles (Quake),32.65384,-117.2378,Masonry,50000.0,2500.0,40000.0
LOC-03526,Miami (Hurricane),26.45182,-79.0506,Wood,583497.4,58349.74,583497.4
LOC-03527,Los Angeles (Quake),36.0723,-119.4389,Masonry,521466.47,52146.65,521466.47
LOC-03528,Houston (Flood/Wind),30.98705,-95.11963,Masonry,313631.34,15681.57,313631.34
LOC-03529,Los Angeles (Quake),34.47584,-118.76189,Masonry,361435.99,36143.6,433723.18
LOC-03530,Los Angeles (Quake),34.60504,-117.1651,Concrete,218928.76,21892.88,218928.76
LOC-03531,Los Angeles (Quake),32.61143,-120.74131,Wood,199974.64,9998.73,239969.57
LOC-03532,Miami (Hurricane),26.31566,-79.8177,Wood,237970.39,23797.04,237970.39
LOC-03533,Los Angeles (Quake),33.46008,-120.90988,Wood,50000.0,2500.0,50000.0
LOC-03534,Houston (Flood/Wind),29.04007,-95.04327,Concrete,117927.79,2358.56,141513.35
LOC-03535,Miami (Hurricane),26.60165,-80.15207,Steel,50000.0,2500.0,40000.0
LOC-03536,Los Angeles (Quake),31.56252,-118.55001,Concrete,50000.0,5000.0,50000.0
LOC-03537,Houston (Flood/Wind),28.52931,-95.04412,Concrete,116977.61,11697.76,116977.61
LOC-03538,Miami (Hurricane),24.27564,-79.66631,Concrete,209481.03,20948.1,209481.03
LOC-03539,Los Angeles (Quake),34.81078,-117.83481,Masonry,108524.96,2170.5,108524.96
LOC-03540,Houston (Flood/Wind),30.88853,-95.64644,Wood,151587.86,3031.76,181905.44
LOC-03541,Los Angeles (Quake),31.67956,-117.01085,Steel,328284.96,16414.25,393941.95
LOC-03542,Miami (Hurricane),24.85991,-80.62618,Wood,360214.37,18010.72,360214.37
LOC-03543,Miami (Hurricane),26.54627,-81.37908,Steel,500827.05,10016.54,500827.05
LOC-03544,Houston (Flood/Wind),28.93677,-95.12258,Wood,1942697.46,97134.87,2331236.95
LOC-03545,Los Angeles (Quake),31.64344,-120.34116,Wood,102692.72,5134.64,82154.17
LOC-03546,Miami (Hurricane),26.90763,-81.39993,Wood,552285.41,11045.71,552285.41
LOC-03547,Los Angeles (Quake),32.34767,-118.05864,Wood,258924.04,5178.48,207139.24
LOC-03548,Houston (Flood/Wind),29.89281,-93.73493,Wood,50000.0,5000.0,50000.0
LOC-03549,Miami (Hurricane),24.4888,-79.64294,Concrete,116835.39,11683.54,93468.31
LOC-03550,Miami (Hurricane),26.10491,-80.46316,Wood,359319.0,35931.9,287455.2
LOC-03551,Houston (Flood/Wind),30.68692,-94.41715,Wood,210440.02,21044.0,168352.01
LOC-03552,Miami (Hurricane),26.88604,-79.90927,Wood,214782.53,4295.65,214782.53
LOC-03553,Houston (Flood/Wind),29.72207,-95.80603,Concrete,59259.6,2962.98,59259.6
LOC-03554,Los Angeles (Quake),35.9163,-118.09084,Concrete,72275.57,3613.78,72275.57
LOC-03555,Miami (Hurricane),23.96831,-78.76169,Concrete,94364.92,1887.3,94364.92
LOC-03556,Houston (Flood/Wind),30.18841,-97.23684,Concrete,190344.63,19034.46,228413.56
LOC-03557,Los Angeles (Quake),32.67979,-118.74531,Wood,106472.59,10647.26,85178.07
LOC-03558,Houston (Flood/Wind),30.40182,-95.51725,Wood,336909.72,33690.97,404291.67
LOC-03559,Miami (Hurricane),26.46787,-82.10291,Masonry,95889.07,1917.78,95889.07
LOC-03560,Miami (Hurricane),25.09947,-81.14786,Concrete,283088.34,14154.42,283088.34
LOC-03561,Los Angeles (Quake),34.56343,-115.87889,Wood,1454835.57,72741.78,1163868.46
LOC-03562,Miami (Hurricane),26.55034,-80.26919,Wood,206320.5,20632.05,206320.5
LOC-03563,Miami (Hurricane),25.3632,-80.73294,Concrete,215000.71,10750.04,258000.85
LOC-03564,Miami (Hurricane),27.14635,-79.51273,Wood,398822.43,39882.24,398822.43
LOC-03565,Miami (Hurricane),25.94518,-78.99676,Wood,587700.73,58770.07,587700.73
LOC-03566,Houston (Flood/Wind),29.4714,-96.74743,Steel,56932.59,1138.65,56932.59
LOC-03567,Los Angeles (Quake),34.3018,-119.07029,Wood,167816.13,16781.61,167816.13
LOC-03568,Miami (Hurricane),27.35049,-79.36501,Wood,75086.87,3754.34,90104.24
LOC-03569,Miami (Hurricane),24.9506,-79.1135,Wood,75052.89,3752.64,75052.89
LOC-03570,Los Angeles (Quake),32.5267,-118.4958,Wood,140146.34,7007.32,140146.34
LOC-03571,Houston (Flood/Wind),29.52725,-96.71268,Wood,624107.71,12482.15,748929.26
LOC-03572,Los Angeles (Quake),32.49827,-114.90061,Wood,716276.79,14325.54,716276.79
LOC-03573,Los Angeles (Quake),34.01457,-119.41515,Wood,281394.99,5627.9,281394.99
LOC-03574,Los Angeles (Quake),32.8997,-119.17322,Wood,99327.2,9932.72,99327.2
LOC-03575,Los Angeles (Quake),34.5919,-117.30368,Wood,50000.0,1000.0,50000.0
LOC-03576,Los Angeles (Quake),34.55519,-118.102,Concrete,260012.49,26001.25,312014.99
LOC-03577,Los Angeles (Quake),33.37789,-119.62253,Concrete,182515.25,3650.3,182515.25
LOC-03578,Los Angeles (Quake),34.64092,-119.02964,Wood,329203.74,6584.07,329203.74
LOC-03579,Houston (Flood/Wind),29.49129,-96.37412,Wood,97908.27,4895.41,97908.27
LOC-03580,Miami (Hurricane),25.88637,-80.27356,Wood,65386.63,1307.73,52309.3
LOC-03581,Miami (Hurricane),25.69503,-81.53643,Concrete,111173.46,2223.47,133408.15
LOC-03582,Miami (Hurricane),25.98679,-81.06783,Wood,234617.61,4692.35,234617.61
LOC-03583,Los Angeles (Quake),34.8395,-118.70449,Steel,183522.05,18352.2,146817.64
LOC-03584,Houston (Flood/Wind),29.78717,-95.03029,Wood,56845.51,1136.91,45476.41
LOC-03585,Los Angeles (Quake),35.58962,-118.38751,Wood,144912.86,14491.29,144912.86
LOC-03586,Miami (Hurricane),27.30208,-79.27893,Wood,473991.67,47399.17,473991.67
LOC-03587,Houston (Flood/Wind),29.67199,-97.29536,Wood,1226135.83,122613.58,980908.67
LOC-03588,Miami (Hurricane),26.34576,-80.08022,Wood,553924.68,11078.49,553924.68
LOC-03589,Houston (Flood/Wind),29.94698,-94.25708,Wood,102463.69,2049.27,81970.95
LOC-03590,Houston (Flood/Wind),27.39037,-94.91995,Wood,513568.14,10271.36,513568.14
LOC-03591,Miami (Hurricane),26.19873,-79.5652,Wood,61336.41,3066.82,61336.41
LOC-03592,Miami (Hurricane),25.9144,-81.20395,Concrete,411399.56,8227.99,411399.56
LOC-03593,Houston (Flood/Wind),29.93532,-94.51587,Wood,106410.72,2128.21,106410.72
LOC-03594,Houston (Flood/Wind),30.65048,-94.3261,Wood,81334.02,1626.68,81334.02
LOC-03595,Los Angeles (Quake),34.14069,-117.04043,Steel,482682.06,9653.64,482682.06
LOC-03596,Los Angeles (Quake),32.72076,-119.95465,Masonry,50000.0,1000.0,50000.0
LOC-03597,Los Angeles (Quake),35.19159,-116.51428,Masonry,351529.75,17576.49,421835.7
LOC-03598,Houston (Flood/Wind),31.15902,-95.43536,Wood,493610.89,9872.22,493610.89
LOC-03599,Miami (Hurricane),24.41998,-81.00723,Wood,2844455.37,284445.54,3413346.44
LOC-03600,Houston (Flood/Wind),30.63776,-95.21824,Wood,217541.64,21754.16,261049.97
LOC-03601,Miami (Hurricane),27.03409,-80.5627,Wood,50000.0,1000.0,50000.0
LOC-03602,Houston (Flood/Wind),30.23828,-96.06594,Wood,235819.42,11790.97,282983.3
LOC-03603,Los Angeles (Quake),33.45762,-116.84531,Masonry,63757.76,6375.78,63757.76
LOC-03604,Los Angeles (Quake),32.52087,-117.03621,Wood,608595.0,30429.75,486876.0
LOC-03605,Houston (Flood/Wind),32.12912,-95.64458,Wood,699910.57,13998.21,699910.57
LOC-03606,Houston (Flood/Wind),29.91395,-95.18408,Wood,375895.83,7517.92,300716.67
LOC-03607,Los Angeles (Quake),33.79191,-117.96655,Masonry,179316.51,17931.65,143453.2
LOC-03608,Miami (Hurricane),25.8318,-80.07125,Masonry,124361.74,12436.17,124361.74
LOC-03609,Miami (Hurricane),24.05325,-80.47203,Wood,50000.0,2500.0,60000.0
LOC-03610,Miami (Hurricane),25.82265,-81.20926,Wood,350353.41,35035.34,350353.41
LOC-03611,Los Angeles (Quake),33.85653,-117.33636,Wood,255640.09,25564.01,255640.09
LOC-03612,Los Angeles (Quake),32.93452,-119.15187,Concrete,372347.74,7446.95,297878.19
LOC-03613,Los Angeles (Quake),35.83004,-119.22525,Wood,161651.38,3233.03,193981.66
LOC-03614,Houston (Flood/Wind),28.83149,-94.02094,Wood,82224.77,4111.24,82224.77
LOC-03615,Houston (Flood/Wind),31.65745,-96.0695,Concrete,181305.94,3626.12,145044.75
LOC-03616,Los Angeles (Quake),34.30596,-117.89991,Wood,418365.78,8367.32,418365.78
LOC-03617,Los Angeles (Quake),33.8842,-116.59105,Wood,237470.3,23747.03,284964.36
LOC-03618,Los Angeles (Quake),35.50466,-119.2386,Wood,189711.69,18971.17,151769.35
LOC-03619,Houston (Flood/Wind),29.69191,-97.12974,Masonry,133225.01,6661.25,133225.01
LOC-03620,Houston (Flood/Wind),29.1111,-98.70469,Wood,140595.53,7029.78,168714.64
LOC-03621,Miami (Hurricane),25.40512,-80.99309,Masonry,473478.71,47347.87,473478.71
LOC-03622,Houston (Flood/Wind),31.38186,-95.07476,Wood,122110.83,12211.08,122110.83
LOC-03623,Los Angeles (Quake),35.38561,-119.21548,Wood,112117.64,5605.88,134541.17
LOC-03624,Los Angeles (Quake),35.27352,-117.38189,Wood,560046.55,56004.66,672055.86
LOC-03625,Miami (Hurricane),26.23706,-79.80657,Wood,62665.49,6266.55,62665.49
LOC-03626,Miami (Hurricane),26.40392,-79.70118,Wood,515302.68,10306.05,618363.21
LOC-03627,Los Angeles (Quake),35.0292,-117.17681,Concrete,123349.98,6167.5,123349.98
LOC-03628,Miami (Hurricane),25.6095,-80.48456,Wood,508265.37,10165.31,508265.37
LOC-03629,Miami (Hurricane),26.30567,-78.25119,Wood,456110.23,22805.51,456110.23
LOC-03630,Miami (Hurricane),24.50181,-79.70131,Masonry,359038.34,35903.83,359038.34
LOC-03631,Miami (Hurricane),26.86351,-81.2317,Wood,242608.14,12130.41,242608.14
LOC-03632,Miami (Hurricane),26.01487,-77.8303,Wood,438669.29,21933.46,526403.15
LOC-03633,Miami (Hurricane),25.06181,-80.97161,Concrete,326213.3,16310.66,326213.3
LOC-03634,Houston (Flood/Wind),31.73339,-94.86031,Concrete,1027107.12,102710.71,1027107.12
LOC-03635,Miami (Hurricane),26.40719,-79.28982,Wood,339715.97,33971.6,271772.77
LOC-03636,Miami (Hurricane),24.76662,-80.74534,Wood,437994.8,8759.9,437994.8
LOC-03637,Miami (Hurricane),25.11124,-80.58368,Masonry,93068.14,9306.81,93068.14
LOC-03638,Miami (Hurricane),26.41232,-80.38632,Wood,218691.69,21869.17,218691.69
LOC-03639,Houston (Flood/Wind),29.36312,-95.54741,Concrete,417048.49,41704.85,417048.49
LOC-03640,Houston (Flood/Wind),29.01978,-93.23205,Masonry,470575.68,9411.51,470575.68
LOC-03641,Miami (Hurricane),25.68086,-79.6641,Wood,574160.5,11483.21,574160.5
LOC-03642,Houston (Flood/Wind),28.4222,-95.8696,Wood,542022.83,27101.14,542022.83
LOC-03643,Los Angeles (Quake),35.34812,-119.65412,Steel,702634.4,70263.44,702634.4
LOC-03644,Miami (Hurricane),26.17178,-80.09169,Wood,107027.53,5351.38,85622.02
LOC-03645,Miami (Hurricane),26.74799,-80.56673,Wood,700090.19,35004.51,700090.19
LOC-03646,Miami (Hurricane),24.67624,-80.51388,Wood,1048054.79,20961.1,1048054.79
LOC-03647,Miami (Hurricane),26.04033,-79.96514,Wood,201242.02,4024.84,201242.02
LOC-03648,Los Angeles (Quake),35.26673,-116.03981,Wood,102963.99,10296.4,102963.99
LOC-03649,Los Angeles (Quake),35.08748,-119.47695,Wood,112985.96,2259.72,112985.96
LOC-03650,Los Angeles (Quake),34.27009,-117.54743,Steel,241856.5,24185.65,193485.2
LOC-03651,Los Angeles (Quake),35.36013,-117.00818,Wood,1747289.68,87364.48,1747289.68
LOC-03652,Los Angeles (Quake),32.9801,-118.74799,Wood,878444.72,17568.89,702755.77
LOC-03653,Los Angeles (Quake),32.58658,-117.08456,Wood,757882.39,37894.12,909458.87
LOC-03654,Houston (Flood/Wind),31.38585,-93.73442,Steel,549005.42,54900.54,549005.42
LOC-03655,Miami (Hurricane),25.07591,-81.04462,Wood,50000.0,1000.0,50000.0
LOC-03656,Los Angeles (Quake),33.61829,-119.12288,Masonry,69758.85,6975.88,69758.85
LOC-03657,Houston (Flood/Wind),29.62952,-94.92377,Concrete,570512.11,11410.24,570512.11
LOC-03658,Miami (Hurricane),25.83962,-80.206,Wood,655348.86,13106.98,524279.08
LOC-03659,Miami (Hurricane),26.9857,-79.89734,Wood,292232.36,5844.65,292232.36
LOC-03660,Miami (Hurricane),24.81984,-79.13005,Concrete,193583.34,19358.33,193583.34
LOC-03661,Miami (Hurricane),24.68743,-79.9375,Wood,81775.93,4088.8,65420.74
LOC-03662,Houston (Flood/Wind),30.90981,-94.66185,Wood,91470.67,9147.07,73176.54
LOC-03663,Houston (Flood/Wind),28.69375,-95.5069,Steel,126213.71,2524.27,126213.71
LOC-03664,Miami (Hurricane),25.66027,-81.32921,Concrete,380642.68,19032.13,304514.14
LOC-03665,Los Angeles (Quake),33.90621,-118.54114,Concrete,138083.58,2761.67,138083.58
LOC-03666,Los Angeles (Quake),35.7354,-118.89916,Masonry,159717.67,15971.77,159717.67
LOC-03667,Los Angeles (Quake),32.26789,-119.21922,Wood,855601.96,17112.04,684481.57
LOC-03668,Los Angeles (Quake),35.43519,-117.87589,Concrete,109705.61,5485.28,109705.61
LOC-03669,Miami (Hurricane),25.90907,-80.90353,Wood,787952.04,78795.2,787952.04
LOC-03670,Miami (Hurricane),26.89536,-79.05548,Wood,738691.2,73869.12,886429.44
LOC-03671,Houston (Flood/Wind),29.07856,-96.1927,Masonry,368981.16,18449.06,368981.16
LOC-03672,Houston (Flood/Wind),31.32315,-96.43269,Wood,78894.37,1577.89,78894.37
LOC-03673,Houston (Flood/Wind),30.75298,-93.73832,Concrete,453843.96,45384.4,453843.96
LOC-03674,Los Angeles (Quake),34.7119,-118.12299,Masonry,2519880.23,125994.01,2519880.23
LOC-03675,Miami (Hurricane),26.64637,-80.58353,Concrete,53696.07,5369.61,53696.07
LOC-03676,Miami (Hurricane),27.08322,-79.90971,Concrete,1276159.11,25523.18,1531390.94
LOC-03677,Miami (Hurricane),25.28286,-80.40775,Wood,284485.82,28448.58,284485.82
LOC-03678,Houston (Flood/Wind),29.84584,-95.50224,Concrete,732777.85,14655.56,879333.42
LOC-03679,Miami (Hurricane),26.98208,-78.94889,Wood,658766.11,65876.61,658766.11
LOC-03680,Houston (Flood/Wind),30.50604,-95.44688,Wood,434200.29,21710.01,521040.35
LOC-03681,Los Angeles (Quake),34.95349,-117.61998,Wood,50000.0,1000.0,50000.0
LOC-03682,Houston (Flood/Wind),29.24871,-93.47372,Wood,469811.51,46981.15,469811.51
LOC-03683,Miami (Hurricane),26.07666,-80.31193,Wood,50000.0,1000.0,50000.0
LOC-03684,Miami (Hurricane),25.53701,-80.35993,Wood,185613.73,18561.37,222736.48
LOC-03685,Houston (Flood/Wind),31.73997,-97.34472,Wood,601833.3,60183.33,601833.3
LOC-03686,Houston (Flood/Wind),30.90913,-96.98384,Wood,341166.57,6823.33,341166.57
LOC-03687,Houston (Flood/Wind),29.26409,-96.30814,Concrete,150146.19,7507.31,180175.43
LOC-03688,Los Angeles (Quake),35.13385,-119.4772,Wood,653455.21,32672.76,653455.21
LOC-03689,Los Angeles (Quake),33.45881,-118.19853,Wood,1165737.32,116573.73,1398884.79
LOC-03690,Houston (Flood/Wind),29.69574,-97.01307,Concrete,186345.54,18634.55,186345.54
LOC-03691,Houston (Flood/Wind),28.48455,-94.49571,Concrete,728392.34,14567.85,728392.34
LOC-03692,Houston (Flood/Wind),29.40457,-95.35535,Masonry,50000.0,5000.0,50000.0
LOC-03693,Los Angeles (Quake),35.03736,-117.13109,Concrete,312210.76,15610.54,312210.76
LOC-03694,Houston (Flood/Wind),31.16147,-95.39908,Masonry,281052.25,5621.04,281052.25
LOC-03695,Houston (Flood/Wind),29.47297,-95.65892,Wood,230504.62,11525.23,230504.62
LOC-03696,Miami (Hurricane),25.92485,-80.12597,Concrete,99742.36,1994.85,99742.36
LOC-03697,Miami (Hurricane),25.74521,-79.03796,Wood,497742.53,49774.25,497742.53
LOC-03698,Houston (Flood/Wind),27.81871,-95.01904,Steel,94254.18,1885.08,113105.02
LOC-03699,Houston (Flood/Wind),29.53376,-96.00066,Wood,109922.07,10992.21,109922.07
LOC-03700,Miami (Hurricane),25.8668,-79.62262,Concrete,294406.55,14720.33,294406.55
LOC-03701,Houston (Flood/Wind),29.5709,-96.93098,Masonry,186521.35,9326.07,186521.35
LOC-03702,Houston (Flood/Wind),30.48344,-94.30026,Wood,193528.81,9676.44,154823.05
LOC-03703,Los Angeles (Quake),33.76175,-119.94094,Wood,620569.55,62056.96,496455.64
LOC-03704,Miami (Hurricane),26.20996,-80.45178,Wood,886632.1,17732.64,886632.1
LOC-03705,Los Angeles (Quake),33.57784,-117.77903,Wood,163260.27,16326.03,130608.22
LOC-03706,Houston (Flood/Wind),30.30533,-94.52554,Wood,168314.41,8415.72,201977.29
LOC-03707,Miami (Hurricane),26.18762,-79.76271,Wood,1808504.56,90425.23,1446803.65
LOC-03708,Los Angeles (Quake),34.36346,-117.41569,Wood,138525.66,13852.57,138525.66
LOC-03709,Miami (Hurricane),26.62731,-81.13113,Masonry,269086.64,13454.33,269086.64
LOC-03710,Miami (Hurricane),25.6504,-80.1707,Concrete,175323.95,17532.39,175323.95
LOC-03711,Houston (Flood/Wind),29.61582,-95.17721,Concrete,573890.31,28694.52,459112.25
LOC-03712,Los Angeles (Quake),36.65677,-118.84001,Wood,77147.54,7714.75,92577.04
LOC-03713,Miami (Hurricane),27.0278,-80.12396,Wood,95379.66,1907.59,76303.73
LOC-03714,Los Angeles (Quake),33.05346,-117.68943,Concrete,430553.62,21527.68,430553.62
LOC-03715,Miami (Hurricane),25.48316,-80.60136,Concrete,437203.6,43720.36,437203.6
LOC-03716,Los Angeles (Quake),33.43294,-118.42896,Masonry,273571.8,5471.44,273571.8
LOC-03717,Los Angeles (Quake),34.74581,-119.04447,Wood,2803562.04,280356.2,2803562.04
LOC-03718,Houston (Flood/Wind),30.41679,-95.90406,Wood,327797.61,16389.88,327797.61
LOC-03719,Houston (Flood/Wind),28.03618,-94.78372,Concrete,730603.37,36530.17,730603.37
LOC-03720,Houston (Flood/Wind),29.19962,-94.39807,Concrete,199054.63,19905.46,238865.56
LOC-03721,Miami (Hurricane),24.46835,-79.61482,Wood,164407.11,16440.71,164407.11
LOC-03722,Miami (Hurricane),26.40765,-80.48947,Wood,177617.41,3552.35,177617.41
LOC-03723,Miami (Hurricane),25.78717,-80.18983,Wood,618365.97,61836.6,618365.97
LOC-03724,Miami (Hurricane),25.63143,-81.10257,Wood,50000.0,1000.0,50000.0
LOC-03725,Los Angeles (Quake),34.08947,-118.26456,Wood,436922.71,43692.27,436922.71
LOC-03726,Houston (Flood/Wind),30.74429,-94.83743,Wood,369880.68,36988.07,369880.68
LOC-03727,Houston (Flood/Wind),31.39608,-95.66086,Wood,162554.89,3251.1,162554.89
LOC-03728,Houston (Flood/Wind),28.73966,-94.20123,Wood,281788.23,28178.82,338145.87
LOC-03729,Los Angeles (Quake),31.89451,-119.41872,Concrete,132211.58,13221.16,132211.58
LOC-03730,Los Angeles (Quake),35.73257,-118.04645,Wood,599487.29,11989.75,719384.74
LOC-03731,Miami (Hurricane),25.93677,-79.42829,Concrete,452951.56,22647.58,452951.56
LOC-03732,Miami (Hurricane),24.60466,-81.0083,Masonry,118650.3,2373.01,118650.3
LOC-03733,Los Angeles (Quake),33.63506,-118.53855,Wood,293678.81,5873.58,293678.81
LOC-03734,Houston (Flood/Wind),30.29406,-98.08091,Masonry,97719.61,4885.98,117263.54
LOC-03735,Miami (Hurricane),26.86898,-80.54229,Concrete,233687.14,23368.71,233687.14
LOC-03736,Miami (Hurricane),25.23474,-80.47356,Masonry,62239.8,3111.99,62239.8
LOC-03737,Miami (Hurricane),27.3685,-80.12715,Wood,88472.4,4423.62,88472.4
LOC-03738,Houston (Flood/Wind),28.79778,-97.517,Steel,124469.85,12446.98,99575.88
LOC-03739,Los Angeles (Quake),35.44966,-118.71633,Wood,67749.05,3387.45,67749.05
LOC-03740,Los Angeles (Quake),34.89885,-119.1703,Wood,178057.84,3561.16,178057.84
LOC-03741,Houston (Flood/Wind),30.3608,-93.17766,Wood,309021.54,6180.43,370825.84
LOC-03742,Miami (Hurricane),24.44355,-80.64997,Concrete,126990.95,12699.1,101592.76
LOC-03743,Miami (Hurricane),27.42423,-80.62037,Wood,480163.19,9603.26,480163.19
LOC-03744,Houston (Flood/Wind),28.42202,-96.86933,Masonry,146158.35,7307.92,146158.35
LOC-03745,Los Angeles (Quake),34.5348,-118.02736,Wood,368737.75,36873.77,368737.75
LOC-03746,Los Angeles (Quake),34.72416,-118.96011,Wood,396779.7,19838.99,396779.7
LOC-03747,Los Angeles (Quake),34.02237,-117.52442,Wood,537758.35,53775.84,537758.35
LOC-03748,Houston (Flood/Wind),29.77575,-94.48933,Wood,174086.14,17408.61,174086.14
LOC-03749,Houston (Flood/Wind),31.73338,-94.17171,Wood,153861.35,15386.13,153861.35
LOC-03750,Miami (Hurricane),26.07609,-80.31164,Wood,555293.79,55529.38,555293.79
LOC-03751,Houston (Flood/Wind),29.61723,-96.41424,Concrete,675942.01,67594.2,675942.01
LOC-03752,Los Angeles (Quake),32.45481,-119.67122,Concrete,195871.31,3917.43,195871.31
LOC-03753,Miami (Hurricane),26.75855,-79.79197,Wood,880891.88,17617.84,704713.51
LOC-03754,Miami (Hurricane),25.42218,-78.4176,Wood,272927.69,5458.55,272927.69
LOC-03755,Miami (Hurricane),26.2448,-78.9484,Wood,670707.55,33535.38,804849.05
LOC-03756,Houston (Flood/Wind),30.70009,-95.81701,Wood,203116.56,4062.33,203116.56
LOC-03757,Los Angeles (Quake),33.36762,-118.8189,Concrete,488498.54,48849.85,586198.25
LOC-03758,Houston (Flood/Wind),29.05821,-92.66592,Wood,1072556.47,107255.65,1287067.77
LOC-03759,Houston (Flood/Wind),28.56875,-96.23711,Masonry,157972.62,3159.45,126378.09
LOC-03760,Houston (Flood/Wind),28.01941,-95.10655,Wood,256796.12,12839.81,256796.12
LOC-03761,Los Angeles (Quake),32.59975,-119.55178,Concrete,605385.92,12107.72,605385.92
LOC-03762,Houston (Flood/Wind),29.61893,-95.36881,Wood,267830.19,5356.6,267830.19
LOC-03763,Miami (Hurricane),26.06082,-79.7442,Wood,725175.95,72517.6,580140.76
LOC-03764,Los Angeles (Quake),35.21561,-119.17997,Wood,169941.43,16994.14,169941.43
LOC-03765,Los Angeles (Quake),33.06966,-119.19136,Wood,191676.52,9583.83,153341.21
LOC-03766,Los Angeles (Quake),35.97185,-118.03461,Wood,389768.56,38976.86,389768.56
LOC-03767,Los Angeles (Quake),34.23862,-118.57491,Concrete,410912.56,20545.63,410912.56
LOC-03768,Los Angeles (Quake),34.50331,-116.74871,Wood,673844.44,33692.22,673844.44
LOC-03769,Miami (Hurricane),26.66393,-79.11287,Concrete,350596.51,17529.83,350596.51
LOC-03770,Los Angeles (Quake),35.59632,-118.12246,Concrete,761708.35,76170.83,761708.35
LOC-03771,Miami (Hurricane),25.39365,-79.6038,Wood,216721.78,21672.18,260066.14
LOC-03772,Miami (Hurricane),25.01867,-80.66974,Wood,260871.38,5217.43,260871.38
LOC-03773,Houston (Flood/Wind),29.82957,-95.16088,Concrete,301498.07,30149.81,301498.07
LOC-03774,Houston (Flood/Wind),29.72501,-93.90586,Wood,90924.06,9092.41,90924.06
LOC-03775,Los Angeles (Quake),34.69052,-117.21342,Masonry,170164.33,17016.43,170164.33
LOC-03776,Miami (Hurricane),26.06104,-80.24434,Wood,95593.29,1911.87,95593.29
LOC-03777,Miami (Hurricane),25.19826,-79.74612,Masonry,151577.96,7578.9,151577.96
LOC-03778,Miami (Hurricane),23.85218,-79.71768,Wood,1269524.84,25390.5,1015619.87
LOC-03779,Houston (Flood/Wind),28.28228,-95.88102,Wood,55834.08,5583.41,67000.89
LOC-03780,Houston (Flood/Wind),28.86347,-95.8952,Concrete,190020.05,9501.0,190020.05
LOC-03781,Miami (Hurricane),27.42446,-80.02865,Concrete,281022.47,5620.45,281022.47
LOC-03782,Miami (Hurricane),24.44514,-81.54267,Wood,588031.76,58803.18,470425.41
LOC-03783,Los Angeles (Quake),32.65858,-119.40684,Steel,50000.0,1000.0,50000.0
LOC-03784,Miami (Hurricane),25.05183,-80.68456,Wood,970912.06,19418.24,970912.06
LOC-03785,Los Angeles (Quake),33.53532,-117.55721,Wood,203654.49,20365.45,244385.39
LOC-03786,Miami (Hurricane),26.62205,-80.92203,Wood,270618.54,27061.85,270618.54
LOC-03787,Los Angeles (Quake),34.19797,-118.94153,Wood,1318754.01,131875.4,1318754.01
LOC-03788,Houston (Flood/Wind),28.43714,-93.64335,Wood,362648.62,18132.43,362648.62
LOC-03789,Houston (Flood/Wind),29.1716,-93.9627,Wood,363844.01,36384.4,291075.21
LOC-03790,Los Angeles (Quake),34.39364,-119.35345,Wood,381447.09,19072.35,381447.09
LOC-03791,Los Angeles (Quake),33.14401,-117.72901,Wood,50000.0,1000.0,50000.0
LOC-03792,Houston (Flood/Wind),29.81274,-97.35338,Concrete,428193.78,8563.88,428193.78
LOC-03793,Houston (Flood/Wind),28.41823,-95.08465,Concrete,188055.39,18805.54,188055.39
LOC-03794,Miami (Hurricane),25.81756,-79.51536,Concrete,875256.66,87525.67,875256.66
LOC-03795,Miami (Hurricane),26.29158,-78.48903,Wood,245246.73,12262.34,245246.73
LOC-03796,Houston (Flood/Wind),26.81303,-95.67674,Wood,128741.13,2574.82,128741.13
LOC-03797,Houston (Flood/Wind),30.77753,-93.51316,Concrete,112569.16,5628.46,90055.33
LOC-03798,Houston (Flood/Wind),29.52974,-94.02755,Wood,192881.62,19288.16,231457.95
LOC-03799,Los Angeles (Quake),35.47334,-117.7197,Wood,359546.37,7190.93,287637.1
LOC-03800,Houston (Flood/Wind),29.68579,-95.64323,Concrete,167035.03,16703.5,167035.03
LOC-03801,Miami (Hurricane),25.89854,-80.65338,Concrete,837004.08,83700.41,1004404.9
LOC-03802,Houston (Flood/Wind),31.18561,-94.81196,Concrete,90610.83,1812.22,108733.0
LOC-03803,Miami (Hurricane),27.73657,-79.69454,Wood,80814.13,4040.71,96976.96
LOC-03804,Miami (Hurricane),26.39157,-79.258,Wood,100305.21,2006.1,100305.21
LOC-03805,Miami (Hurricane),25.73931,-80.121,Wood,153956.17,15395.62,184747.4
LOC-03806,Los Angeles (Quake),33.50984,-117.8335,Wood,656486.53,32824.33,525189.22
LOC-03807,Los Angeles (Quake),34.8332,-119.72215,Masonry,1535414.99,76770.75,1535414.99
LOC-03808,Los Angeles (Quake),34.02049,-119.67786,Wood,159969.02,3199.38,159969.02
LOC-03809,Los Angeles (Quake),33.92562,-117.63178,Wood,336628.02,16831.4,269302.42
LOC-03810,Los Angeles (Quake),36.31416,-117.10969,Wood,257145.1,25714.51,205716.08
LOC-03811,Los Angeles (Quake),34.29934,-116.12814,Wood,411598.2,8231.96,493917.84
LOC-03812,Miami (Hurricane),24.96693,-79.45572,Wood,1484366.11,148436.61,1484366.11
LOC-03813,Los Angeles (Quake),32.14411,-117.41701,Wood,412535.54,20626.78,412535.54
LOC-03814,Los Angeles (Quake),33.26777,-118.54583,Concrete,432705.16,8654.1,432705.16
LOC-03815,Los Angeles (Quake),35.03079,-118.04243,Masonry,189194.1,18919.41,189194.1
LOC-03816,Los Angeles (Quake),32.78598,-117.31876,Wood,525826.7,10516.53,525826.7
LOC-03817,Los Angeles (Quake),35.49584,-119.79395,Wood,714755.71,35737.79,857706.86
LOC-03818,Los Angeles (Quake),34.86378,-121.80195,Masonry,1012116.91,50605.85,1214540.3
LOC-03819,Miami (Hurricane),24.77808,-79.60398,Concrete,230682.46,23068.25,230682.46
LOC-03820,Miami (Hurricane),24.69043,-80.97568,Wood,486618.41,9732.37,389294.73
LOC-03821,Houston (Flood/Wind),29.29887,-94.46024,Steel,67715.25,1354.3,67715.25
LOC-03822,Los Angeles (Quake),32.3965,-119.14701,Masonry,603517.77,60351.78,603517.77
LOC-03823,Los Angeles (Quake),31.41948,-117.42476,Wood,126490.05,6324.5,126490.05
LOC-03824,Houston (Flood/Wind),26.72155,-94.32347,Wood,89680.4,8968.04,89680.4
LOC-03825,Miami (Hurricane),27.31452,-80.6876,Wood,50000.0,2500.0,50000.0
LOC-03826,Houston (Flood/Wind),28.7961,-94.81237,Wood,224376.56,11218.83,269251.88
LOC-03827,Los Angeles (Quake),32.75781,-117.93163,Wood,1119838.03,111983.8,1343805.64
LOC-03828,Houston (Flood/Wind),30.54076,-94.9161,Wood,659077.53,32953.88,659077.53
LOC-03829,Miami (Hurricane),26.11423,-78.99127,Wood,470981.54,47098.15,565177.84
LOC-03830,Los Angeles (Quake),33.4811,-118.44704,Wood,50000.0,1000.0,60000.0
LOC-03831,Houston (Flood/Wind),29.54425,-94.86041,Concrete,900972.19,90097.22,720777.75
LOC-03832,Los Angeles (Quake),34.75025,-118.52882,Wood,12075840.55,241516.81,12075840.55
LOC-03833,Los Angeles (Quake),33.53861,-117.71909,Wood,299154.45,5983.09,299154.45
LOC-03834,Houston (Flood/Wind),30.35118,-95.14521,Wood,225815.96,4516.32,225815.96
LOC-03835,Los Angeles (Quake),34.91234,-118.69047,Wood,1647525.6,32950.51,1977030.72
LOC-03836,Houston (Flood/Wind),30.64991,-95.45598,Wood,155121.34,3102.43,155121.34
LOC-03837,Los Angeles (Quake),34.22734,-118.38399,Concrete,50000.0,1000.0,50000.0
LOC-03838,Houston (Flood/Wind),29.08582,-97.05264,Wood,451708.8,22585.44,451708.8
LOC-03839,Miami (Hurricane),25.19973,-82.02755,Wood,163388.49,3267.77,163388.49
LOC-03840,Miami (Hurricane),25.82892,-80.02559,Concrete,128015.46,12801.55,128015.46
LOC-03841,Los Angeles (Quake),34.22742,-117.30109,Wood,3184514.66,318451.47,3184514.66
LOC-03842,Houston (Flood/Wind),31.51416,-98.14499,Concrete,1611137.2,161113.72,1611137.2
LOC-03843,Los Angeles (Quake),32.47675,-117.57254,Concrete,376756.53,18837.83,376756.53
LOC-03844,Miami (Hurricane),26.54263,-79.58448,Masonry,1288201.01,64410.05,1545841.21
LOC-03845,Miami (Hurricane),26.11746,-79.21761,Wood,291227.88,14561.39,291227.88
LOC-03846,Los Angeles (Quake),34.44336,-118.00967,Concrete,285895.86,14294.79,285895.86
LOC-03847,Miami (Hurricane),25.55345,-79.00625,Masonry,157653.74,15765.37,157653.74
LOC-03848,Los Angeles (Quake),33.72813,-116.80941,Wood,292842.74,29284.27,351411.29
LOC-03849,Los Angeles (Quake),36.63411,-117.18154,Wood,186141.59,18614.16,186141.59
LOC-03850,Los Angeles (Quake),34.47951,-119.79145,Wood,890209.89,89020.99,712167.91
LOC-03851,Miami (Hurricane),26.23489,-79.8078,Wood,332145.47,33214.55,265716.37
LOC-03852,Houston (Flood/Wind),29.17059,-94.76313,Wood,3111002.98,311100.3,3111002.98
LOC-03853,Miami (Hurricane),25.47058,-80.78781,Wood,166049.83,3321.0,166049.83
LOC-03854,Los Angeles (Quake),33.02001,-119.62527,Wood,97938.13,4896.91,117525.76
LOC-03855,Los Angeles (Quake),34.61816,-118.91692,Wood,266137.3,13306.87,319364.76
LOC-03856,Miami (Hurricane),25.80734,-79.04203,Wood,451050.57,45105.06,451050.57
LOC-03857,Houston (Flood/Wind),29.14867,-95.14205,Wood,102188.32,2043.77,102188.32
LOC-03858,Houston (Flood/Wind),30.73602,-96.3455,Concrete,126215.07,6310.75,126215.07
LOC-03859,Houston (Flood/Wind),30.99098,-97.42016,Wood,357401.42,35740.14,428881.7
LOC-03860,Los Angeles (Quake),34.89223,-118.76619,Wood,218158.26,4363.17,218158.26
LOC-03861,Los Angeles (Quake),35.04428,-117.56132,Wood,50000.0,1000.0,40000.0
LOC-03862,Los Angeles (Quake),33.67352,-117.64395,Concrete,1125513.61,112551.36,1125513.61
LOC-03863,Los Angeles (Quake),34.70217,-119.81029,Wood,356336.1,7126.72,427603.32
LOC-03864,Miami (Hurricane),24.93031,-78.82663,Wood,852175.07,17043.5,1022610.08
LOC-03865,Houston (Flood/Wind),29.49576,-96.56541,Concrete,232420.82,23242.08,278904.98
LOC-03866,Miami (Hurricane),23.31918,-80.31271,Wood,623721.91,31186.1,623721.91
LOC-03867,Miami (Hurricane),26.62925,-80.31422,Concrete,1108545.87,22170.92,1108545.87
LOC-03868,Houston (Flood/Wind),30.84676,-95.79151,Wood,57077.17,2853.86,57077.17
LOC-03869,Los Angeles (Quake),35.26765,-118.60225,Steel,330090.22,6601.8,396108.26
LOC-03870,Houston (Flood/Wind),29.94645,-93.92815,Wood,358115.07,17905.75,286492.06
LOC-03871,Los Angeles (Quake),35.5481,-120.74352,Concrete,337263.53,33726.35,337263.53
LOC-03872,Houston (Flood/Wind),30.23752,-95.67733,Concrete,100474.72,5023.74,120569.67
LOC-03873,Miami (Hurricane),24.55063,-80.73022,Wood,97751.43,1955.03,97751.43
LOC-03874,Los Angeles (Quake),35.55864,-117.61459,Concrete,1188413.13,23768.26,1426095.75
LOC-03875,Miami (Hurricane),25.30233,-80.50637,Wood,151877.6,3037.55,182253.12
LOC-03876,Los Angeles (Quake),33.51426,-119.88267,Wood,212361.57,4247.23,212361.57
LOC-03877,Houston (Flood/Wind),28.34782,-95.06678,Concrete,270510.69,13525.53,270510.69
LOC-03878,Los Angeles (Quake),35.70608,-117.80079,Wood,176212.41,8810.62,176212.41
LOC-03879,Miami (Hurricane),24.3111,-79.46322,Wood,675639.73,13512.79,675639.73
LOC-03880,Los Angeles (Quake),34.30548,-119.2576,Wood,546376.5,27318.82,546376.5
LOC-03881,Houston (Flood/Wind),29.78304,-94.65725,Masonry,1083331.87,21666.64,1083331.87
LOC-03882,Los Angeles (Quake),34.41681,-117.25906,Wood,315643.72,31564.37,315643.72
LOC-03883,Miami (Hurricane),26.82812,-78.83853,Masonry,50000.0,1000.0,50000.0
LOC-03884,Houston (Flood/Wind),30.19458,-95.2876,Concrete,50000.0,1000.0,50000.0
LOC-03885,Houston (Flood/Wind),29.03005,-95.84394,Masonry,324333.39,6486.67,324333.39
LOC-03886,Miami (Hurricane),25.52098,-80.62021,Wood,1107518.8,55375.94,1107518.8
LOC-03887,Houston (Flood/Wind),31.35649,-95.91433,Wood,772069.31,15441.39,617655.45
LOC-03888,Houston (Flood/Wind),30.07418,-96.44427,Masonry,156799.44,3135.99,156799.44
LOC-03889,Los Angeles (Quake),34.79243,-116.97669,Masonry,252822.82,5056.46,252822.82
LOC-03890,Miami (Hurricane),26.22987,-80.64684,Wood,305543.62,30554.36,244434.9
LOC-03891,Miami (Hurricane),24.90515,-82.0961,Wood,1630022.97,81501.15,1630022.97
LOC-03892,Los Angeles (Quake),33.68058,-117.46055,Wood,264681.0,26468.1,264681.0
LOC-03893,Los Angeles (Quake),34.53199,-120.2943,Wood,182096.02,9104.8,218515.23
LOC-03894,Houston (Flood/Wind),29.18041,-95.74148,Wood,508442.97,25422.15,610131.56
LOC-03895,Miami (Hurricane),25.42029,-79.94268,Wood,421750.58,21087.53,421750.58
LOC-03896,Miami (Hurricane),26.04135,-80.09463,Wood,436865.43,43686.54,349492.34
LOC-03897,Miami (Hurricane),25.79855,-79.9282,Steel,181324.54,9066.23,181324.54
LOC-03898,Houston (Flood/Wind),29.49015,-94.67061,Masonry,292657.68,29265.77,234126.15
LOC-03899,Houston (Flood/Wind),30.68101,-94.56615,Wood,261682.43,13084.12,261682.43
LOC-03900,Miami (Hurricane),25.86997,-79.26691,Concrete,130849.67,6542.48,130849.67
LOC-03901,Houston (Flood/Wind),28.76859,-94.3782,Concrete,625770.56,31288.53,500616.45
LOC-03902,Miami (Hurricane),24.59329,-80.40428,Wood,176105.48,8805.27,211326.58
LOC-03903,Miami (Hurricane),23.9542,-80.67122,Wood,237304.1,11865.2,237304.1
LOC-03904,Miami (Hurricane),24.93793,-79.85681,Wood,303556.91,6071.14,303556.91
LOC-03905,Los Angeles (Quake),34.23442,-118.47959,Wood,222779.8,4455.6,222779.8
LOC-03906,Los Angeles (Quake),33.65124,-118.6242,Wood,92750.68,4637.53,74200.54
LOC-03907,Houston (Flood/Wind),30.83278,-94.74335,Wood,274822.78,13741.14,274822.78
LOC-03908,Los Angeles (Quake),33.37384,-117.28966,Masonry,820910.54,16418.21,820910.54
LOC-03909,Miami (Hurricane),25.74939,-80.33549,Wood,95855.77,4792.79,95855.77
LOC-03910,Los Angeles (Quake),33.82322,-117.72565,Wood,212903.01,4258.06,212903.01
LOC-03911,Los Angeles (Quake),34.43534,-118.01102,Wood,136783.21,6839.16,136783.21
LOC-03912,Los Angeles (Quake),33.23669,-118.45768,Wood,93635.52,1872.71,93635.52
LOC-03913,Houston (Flood/Wind),29.78983,-93.48225,Concrete,552637.6,11052.75,442110.08
LOC-03914,Los Angeles (Quake),34.28481,-117.70013,Concrete,152574.55,3051.49,152574.55
LOC-03915,Miami (Hurricane),25.99242,-80.2015,Wood,263207.65,13160.38,210566.12
LOC-03916,Houston (Flood/Wind),29.96475,-94.8546,Wood,402550.28,20127.51,402550.28
LOC-03917,Houston (Flood/Wind),29.65574,-96.05227,Concrete,180575.81,9028.79,180575.81
LOC-03918,Houston (Flood/Wind),28.9417,-95.45924,Concrete,50000.0,1000.0,50000.0
LOC-03919,Los Angeles (Quake),34.11923,-118.4271,Wood,76537.23,1530.74,91844.67
LOC-03920,Houston (Flood/Wind),27.67629,-94.47505,Wood,558460.54,11169.21,670152.65
LOC-03921,Houston (Flood/Wind),30.35778,-97.70981,Wood,50000.0,2500.0,40000.0
LOC-03922,Los Angeles (Quake),33.80491,-117.52651,Wood,1156493.83,57824.69,925195.06
LOC-03923,Houston (Flood/Wind),29.05576,-94.32339,Concrete,525009.35,10500.19,525009.35
LOC-03924,Houston (Flood/Wind),28.70927,-93.50565,Wood,50000.0,2500.0,50000.0
LOC-03925,Houston (Flood/Wind),30.99007,-95.7825,Wood,320943.67,6418.87,256754.94
LOC-03926,Houston (Flood/Wind),28.99569,-94.09218,Masonry,331812.77,33181.28,331812.77
LOC-03927,Los Angeles (Quake),33.05106,-119.36158,Wood,262284.89,26228.49,262284.89
LOC-03928,Miami (Hurricane),26.00762,-80.22861,Masonry,494494.42,49449.44,494494.42
LOC-03929,Houston (Flood/Wind),31.05854,-94.15007,Wood,573751.94,11475.04,573751.94
LOC-03930,Houston (Flood/Wind),29.23352,-95.92248,Concrete,50000.0,2500.0,50000.0
LOC-03931,Los Angeles (Quake),31.58243,-118.44938,Masonry,61461.3,1229.23,73753.56
LOC-03932,Los Angeles (Quake),33.47939,-117.22735,Masonry,287574.18,5751.48,287574.18
LOC-03933,Miami (Hurricane),26.91605,-80.2493,Wood,253485.85,5069.72,253485.85
LOC-03934,Miami (Hurricane),24.66482,-80.31574,Wood,198481.26,19848.13,198481.26
LOC-03935,Miami (Hurricane),26.17702,-80.2936,Wood,1345036.23,67251.81,1076028.98
LOC-03936,Miami (Hurricane),26.02929,-79.92114,Steel,717177.62,35858.88,573742.09
LOC-03937,Houston (Flood/Wind),29.97385,-93.61661,Masonry,1144764.99,57238.25,1144764.99
LOC-03938,Los Angeles (Quake),34.97114,-118.76035,Concrete,245707.02,4914.14,196565.61
LOC-03939,Houston (Flood/Wind),29.3828,-94.30864,Wood,305867.11,30586.71,305867.11
LOC-03940,Miami (Hurricane),27.48155,-80.07984,Wood,192865.91,9643.3,154292.73
LOC-03941,Houston (Flood/Wind),29.45932,-95.92466,Concrete,717444.87,35872.24,717444.87
LOC-03942,Miami (Hurricane),25.87088,-80.0192,Steel,382204.48,7644.09,305763.59
LOC-03943,Los Angeles (Quake),32.53903,-117.93442,Wood,300821.59,30082.16,300821.59
LOC-03944,Houston (Flood/Wind),30.57429,-95.25444,Wood,165945.27,16594.53,132756.21
LOC-03945,Houston (Flood/Wind),29.88437,-94.18331,Wood,515991.29,10319.83,515991.29
LOC-03946,Houston (Flood/Wind),28.94033,-95.06394,Wood,50000.0,5000.0,50000.0
LOC-03947,Los Angeles (Quake),33.5747,-116.97634,Concrete,475938.59,9518.77,475938.59
LOC-03948,Houston (Flood/Wind),30.92853,-94.44203,Wood,172524.0,8626.2,138019.2
LOC-03949,Los Angeles (Quake),34.25818,-116.01887,Masonry,619791.46,30989.57,619791.46
LOC-03950,Los Angeles (Quake),35.98326,-116.40246,Concrete,675822.29,13516.45,675822.29
LOC-03951,Miami (Hurricane),28.65078,-79.23294,Wood,179202.67,8960.13,179202.67
LOC-03952,Los Angeles (Quake),35.02453,-117.34922,Wood,747869.58,14957.39,897443.5
LOC-03953,Los Angeles (Quake),35.5769,-116.85309,Wood,383465.3,19173.27,460158.37
LOC-03954,Houston (Flood/Wind),28.39686,-95.33945,Wood,159636.82,3192.74,159636.82
LOC-03955,Miami (Hurricane),25.73663,-80.33521,Concrete,679343.52,67934.35,679343.52
LOC-03956,Miami (Hurricane),24.67658,-78.60521,Wood,355944.94,35594.49,355944.94
LOC-03957,Los Angeles (Quake),31.55459,-117.04203,Wood,191314.99,19131.5,191314.99
LOC-03958,Houston (Flood/Wind),29.45733,-95.16177,Concrete,50000.0,1000.0,40000.0
LOC-03959,Houston (Flood/Wind),28.25309,-96.62132,Wood,50997.34,2549.87,50997.34
LOC-03960,Los Angeles (Quake),33.58729,-120.36945,Wood,733392.41,36669.62,880070.89
LOC-03961,Miami (Hurricane),25.0328,-79.90292,Masonry,1519486.7,151948.67,1823384.04
LOC-03962,Los Angeles (Quake),35.58505,-119.13565,Concrete,1442832.49,72141.62,1731398.99
LOC-03963,Miami (Hurricane),25.20704,-81.98715,Wood,226977.17,4539.54,226977.17
LOC-03964,Houston (Flood/Wind),31.56179,-96.40235,Wood,72235.76,3611.79,86682.92
LOC-03965,Los Angeles (Quake),32.90989,-117.30743,Wood,358874.76,35887.48,358874.76
LOC-03966,Los Angeles (Quake),33.44766,-116.60612,Wood,1047471.01,104747.1,1047471.01
LOC-03967,Houston (Flood/Wind),29.08217,-96.91348,Masonry,332439.75,16621.99,398927.7
LOC-03968,Houston (Flood/Wind),28.1172,-95.01775,Concrete,50000.0,1000.0,40000.0
LOC-03969,Los Angeles (Quake),35.42809,-119.56213,Wood,373555.82,7471.12,298844.66
LOC-03970,Los Angeles (Quake),34.28123,-121.02668,Wood,923564.02,92356.4,923564.02
LOC-03971,Miami (Hurricane),24.64819,-80.57412,Concrete,585601.96,29280.1,585601.96
LOC-03972,Los Angeles (Quake),32.82164,-118.99252,Masonry,201574.78,20157.48,241889.74
LOC-03973,Houston (Flood/Wind),30.71657,-95.33248,Wood,151885.92,7594.3,151885.92
LOC-03974,Miami (Hurricane),26.51716,-79.15967,Concrete,1012261.87,101226.19,1012261.87
LOC-03975,Miami (Hurricane),25.12938,-81.59078,Wood,238760.32,11938.02,238760.32
LOC-03976,Los Angeles (Quake),34.57335,-120.26797,Masonry,170032.85,17003.28,170032.85
LOC-03977,Los Angeles (Quake),33.21506,-119.06826,Concrete,935390.87,93539.09,935390.87
LOC-03978,Houston (Flood/Wind),27.28305,-96.59663,Concrete,280869.54,5617.39,280869.54
LOC-03979,Houston (Flood/Wind),31.51548,-95.87262,Concrete,227416.02,4548.32,227416.02
LOC-03980,Houston (Flood/Wind),29.19757,-96.53263,Wood,790761.97,79076.2,790761.97
LOC-03981,Houston (Flood/Wind),29.71873,-95.31483,Concrete,61948.79,6194.88,61948.79
LOC-03982,Houston (Flood/Wind),29.21762,-94.82157,Wood,613824.35,30691.22,736589.22
LOC-03983,Houston (Flood/Wind),30.60428,-96.74914,Wood,76694.87,7669.49,76694.87
LOC-03984,Miami (Hurricane),24.98405,-80.58406,Wood,238948.01,4778.96,238948.01
LOC-03985,Houston (Flood/Wind),30.06147,-95.84304,Wood,187159.13,18715.91,149727.3
LOC-03986,Los Angeles (Quake),34.19631,-118.52148,Wood,287104.14,28710.41,287104.14
LOC-03987,Los Angeles (Quake),33.54263,-117.74904,Wood,68459.12,6845.91,68459.12
LOC-03988,Houston (Flood/Wind),29.6974,-95.24218,Masonry,2103981.18,105199.06,2103981.18
LOC-03989,Los Angeles (Quake),35.91441,-119.4001,Concrete,277053.0,13852.65,332463.6
LOC-03990,Los Angeles (Quake),34.26256,-118.9924,Wood,117947.81,5897.39,117947.81
LOC-03991,Miami (Hurricane),25.89348,-79.0108,Wood,154876.82,3097.54,154876.82
LOC-03992,Houston (Flood/Wind),29.68532,-95.81568,Wood,185732.34,18573.23,185732.34
LOC-03993,Houston (Flood/Wind),31.99959,-95.50377,Wood,82753.22,1655.06,82753.22
LOC-03994,Miami (Hurricane),25.23832,-78.75368,Masonry,260110.53,13005.53,260110.53
LOC-03995,Miami (Hurricane),25.96211,-80.18588,Concrete,115774.01,2315.48,138928.81
LOC-03996,Houston (Flood/Wind),30.16774,-95.07118,Concrete,942174.67,47108.73,942174.67
LOC-03997,Los Angeles (Quake),33.60729,-116.00648,Wood,172857.45,17285.74,172857.45
LOC-03998,Los Angeles (Quake),32.62559,-119.07807,Wood,254938.48,5098.77,254938.48
LOC-03999,Houston (Flood/Wind),30.08299,-95.07265,Wood,450011.15,45001.12,450011.15
LOC-04000,Houston (Flood/Wind),30.61895,-95.16701,Masonry,50000.0,2500.0,50000.0
LOC-04001,Miami (Hurricane),27.0115,-80.31785,Steel,194094.81,3881.9,194094.81
LOC-04002,Miami (Hurricane),26.75556,-79.34548,Wood,375479.35,18773.97,450575.22
LOC-04003,Houston (Flood/Wind),29.36514,-97.05781,Steel,320776.28,6415.53,256621.02
LOC-04004,Houston (Flood/Wind),30.09464,-95.57829,Wood,192755.24,9637.76,192755.24
LOC-04005,Houston (Flood/Wind),31.04706,-96.48896,Concrete,1034545.86,51727.29,827636.69
LOC-04006,Houston (Flood/Wind),28.80393,-94.47717,Concrete,89194.54,4459.73,89194.54
LOC-04007,Houston (Flood/Wind),29.40608,-93.16017,Wood,324851.31,6497.03,389821.58
LOC-04008,Houston (Flood/Wind),30.01259,-96.12501,Masonry,141556.62,7077.83,169867.94
LOC-04009,Los Angeles (Quake),32.89157,-118.03855,Steel,231861.61,11593.08,231861.61
LOC-04010,Miami (Hurricane),25.64126,-81.79019,Masonry,90825.63,1816.51,90825.63
LOC-04011,Miami (Hurricane),25.86719,-79.94672,Wood,421891.75,8437.84,506270.11
LOC-04012,Houston (Flood/Wind),30.03139,-95.8795,Wood,205270.48,20527.05,205270.48
LOC-04013,Miami (Hurricane),24.9003,-80.97346,Wood,859082.37,42954.12,859082.37
LOC-04014,Houston (Flood/Wind),29.3257,-96.51906,Concrete,1200575.99,120057.6,1200575.99
LOC-04015,Miami (Hurricane),26.9883,-79.8595,Wood,1722233.69,34444.67,1722233.69
LOC-04016,Miami (Hurricane),24.87116,-79.10721,Wood,391100.65,39110.06,391100.65
LOC-04017,Los Angeles (Quake),33.56283,-119.9117,Wood,224940.89,22494.09,224940.89
LOC-04018,Houston (Flood/Wind),30.11408,-94.21603,Wood,287406.09,5748.12,287406.09
LOC-04019,Los Angeles (Quake),35.09519,-117.7561,Wood,419077.65,8381.55,335262.12
LOC-04020,Los Angeles (Quake),34.17777,-118.27288,Concrete,50000.0,1000.0,50000.0
LOC-04021,Los Angeles (Quake),31.56548,-118.40706,Wood,340264.44,34026.44,340264.44
LOC-04022,Houston (Flood/Wind),30.56136,-93.97851,Wood,275787.63,5515.75,275787.63
LOC-04023,Houston (Flood/Wind),29.8001,-94.74484,Wood,334225.55,16711.28,334225.55
LOC-04024,Houston (Flood/Wind),29.89213,-94.50333,Masonry,179157.75,17915.78,143326.2
LOC-04025,Los Angeles (Quake),34.71398,-118.38171,Wood,116683.7,5834.18,116683.7
LOC-04026,Miami (Hurricane),24.44063,-80.32739,Wood,969759.81,48487.99,969759.81
LOC-04027,Miami (Hurricane),25.36153,-81.21019,Steel,495546.12,49554.61,495546.12
LOC-04028,Houston (Flood/Wind),29.19884,-96.22641,Wood,650330.92,32516.55,780397.1
LOC-04029,Miami (Hurricane),26.22743,-80.29199,Wood,166407.27,3328.15,199688.73
LOC-04030,Houston (Flood/Wind),28.63464,-95.72719,Wood,511208.44,10224.17,511208.44
LOC-04031,Houston (Flood/Wind),30.96855,-95.28487,Masonry,646492.77,12929.86,646492.77
LOC-04032,Houston (Flood/Wind),29.12082,-96.61542,Wood,246854.19,12342.71,197483.35
LOC-04033,Los Angeles (Quake),33.00799,-116.3798,Wood,173293.53,8664.68,138634.82
LOC-04034,Houston (Flood/Wind),32.1943,-96.05822,Wood,1355578.8,135557.88,1084463.04
LOC-04035,Houston (Flood/Wind),31.24362,-97.82042,Wood,235664.17,11783.21,282797.0
LOC-04036,Los Angeles (Quake),35.15648,-116.28233,Wood,486280.07,48628.01,486280.07
LOC-04037,Houston (Flood/Wind),29.61144,-93.72483,Concrete,276082.82,5521.66,276082.82
LOC-04038,Houston (Flood/Wind),28.06288,-95.16865,Wood,2017445.3,40348.91,2017445.3
LOC-04039,Houston (Flood/Wind),28.83779,-94.48878,Wood,267980.61,5359.61,267980.61
LOC-04040,Los Angeles (Quake),34.80505,-118.73975,Wood,636522.64,31826.13,636522.64
LOC-04041,Los Angeles (Quake),32.38559,-117.19344,Wood,508176.78,10163.54,609812.14
LOC-04042,Houston (Flood/Wind),29.11213,-95.8445,Concrete,326510.41,16325.52,391812.49
LOC-04043,Houston (Flood/Wind),31.62032,-95.90017,Concrete,191786.85,19178.68,230144.21
LOC-04044,Houston (Flood/Wind),29.81256,-93.91413,Concrete,133075.5,13307.55,133075.5
LOC-04045,Miami (Hurricane),24.62523,-80.59058,Concrete,171357.89,17135.79,171357.89
LOC-04046,Miami (Hurricane),26.48034,-78.75829,Wood,448401.37,22420.07,448401.37
LOC-04047,Los Angeles (Quake),33.81108,-120.4608,Wood,68647.78,6864.78,82377.33
LOC-04048,Houston (Flood/Wind),29.78578,-96.46822,Wood,167016.78,3340.34,167016.78
LOC-04049,Miami (Hurricane),26.09964,-81.13676,Concrete,254080.58,25408.06,254080.58
LOC-04050,Houston (Flood/Wind),29.382,-95.76271,Masonry,288612.89,5772.26,288612.89
LOC-04051,Miami (Hurricane),26.55457,-80.94063,Wood,106906.33,2138.13,106906.33
LOC-04052,Houston (Flood/Wind),30.54928,-95.52601,Concrete,320353.97,6407.08,256283.18
LOC-04053,Miami (Hurricane),24.96088,-80.80675,Concrete,769982.91,15399.66,923979.49
LOC-04054,Houston (Flood/Wind),28.76833,-94.43802,Concrete,426276.12,42627.61,426276.12
LOC-04055,Miami (Hurricane),25.59081,-79.73078,Wood,596272.28,29813.61,596272.28
LOC-04056,Los Angeles (Quake),34.50055,-119.9896,Wood,861411.14,86141.11,861411.14
LOC-04057,Houston (Flood/Wind),27.88154,-95.19284,Wood,1619838.92,32396.78,1619838.92
LOC-04058,Miami (Hurricane),27.13213,-79.37986,Steel,311978.88,6239.58,249583.1
LOC-04059,Los Angeles (Quake),33.66553,-120.30194,Wood,671060.11,33553.01,671060.11
LOC-04060,Los Angeles (Quake),35.68376,-118.29415,Wood,263749.14,5274.98,263749.14
LOC-04061,Miami (Hurricane),25.59045,-81.06884,Wood,231675.87,23167.59,185340.7
LOC-04062,Miami (Hurricane),25.2533,-79.01514,Wood,1523446.87,76172.34,1523446.87
LOC-04063,Los Angeles (Quake),32.99445,-117.50795,Wood,233499.12,11674.96,233499.12
LOC-04064,Los Angeles (Quake),35.63293,-117.10856,Concrete,190754.77,9537.74,152603.82
LOC-04065,Los Angeles (Quake),33.79847,-117.89026,Masonry,164105.71,16410.57,164105.71
LOC-04066,Miami (Hurricane),26.31437,-81.03462,Concrete,234900.09,4698.0,281880.11
LOC-04067,Los Angeles (Quake),34.73829,-120.21675,Concrete,1340908.58,134090.86,1340908.58
LOC-04068,Miami (Hurricane),23.63301,-80.77401,Wood,929773.68,18595.47,929773.68
LOC-04069,Miami (Hurricane),25.90357,-80.86568,Wood,160336.03,8016.8,192403.23
LOC-04070,Los Angeles (Quake),34.69541,-116.91391,Wood,73945.49,1478.91,88734.58
LOC-04071,Los Angeles (Quake),37.45006,-118.80875,Wood,230244.12,4604.88,230244.12
LOC-04072,Houston (Flood/Wind),28.65751,-94.45829,Wood,50468.04,1009.36,50468.04
LOC-04073,Los Angeles (Quake),33.2497,-119.93107,Concrete,951103.95,19022.08,1141324.74
LOC-04074,Los Angeles (Quake),32.71504,-117.49496,Steel,162801.07,3256.02,162801.07
LOC-04075,Houston (Flood/Wind),31.03996,-95.77667,Wood,94891.33,1897.83,94891.33
LOC-04076,Houston (Flood/Wind),29.03595,-95.8169,Wood,1270397.3,127039.73,1524476.75
LOC-04077,Los Angeles (Quake),35.82366,-117.44735,Masonry,145158.93,2903.18,174190.72
LOC-04078,Houston (Flood/Wind),29.59127,-95.07052,Steel,85518.25,8551.82,68414.6
LOC-04079,Miami (Hurricane),24.66815,-80.18722,Concrete,324457.85,32445.78,324457.85
LOC-04080,Miami (Hurricane),27.86239,-80.05517,Wood,215157.64,21515.76,215157.64
LOC-04081,Miami (Hurricane),26.38997,-79.7041,Masonry,147364.23,2947.28,147364.23
LOC-04082,Houston (Flood/Wind),28.85766,-94.92312,Concrete,2197542.0,219754.2,1758033.6
LOC-04083,Los Angeles (Quake),31.86917,-118.13888,Wood,1079291.28,107929.13,1079291.28
LOC-04084,Miami (Hurricane),26.1014,-81.31782,Wood,93292.01,9329.2,93292.01
LOC-04085,Los Angeles (Quake),32.62928,-119.86625,Wood,370791.01,18539.55,444949.21
LOC-04086,Houston (Flood/Wind),29.81049,-94.81394,Wood,251105.93,12555.3,301327.12
LOC-04087,Los Angeles (Quake),33.38055,-118.50407,Masonry,176494.9,8824.74,176494.9
LOC-04088,Houston (Flood/Wind),32.42222,-95.25512,Masonry,115205.94,11520.59,115205.94
LOC-04089,Los Angeles (Quake),35.51329,-117.1637,Wood,339751.16,16987.56,339751.16
LOC-04090,Houston (Flood/Wind),29.61112,-96.46415,Wood,680431.51,34021.58,816517.81
LOC-04091,Miami (Hurricane),24.27192,-80.01163,Steel,262062.28,5241.25,314474.73
LOC-04092,Houston (Flood/Wind),31.01295,-95.38344,Wood,152307.2,3046.14,152307.2
LOC-04093,Los Angeles (Quake),35.18852,-118.45946,Wood,50000.0,5000.0,40000.0
LOC-04094,Houston (Flood/Wind),28.60466,-96.40371,Masonry,587599.05,11751.98,587599.05
LOC-04095,Miami (Hurricane),24.90855,-80.49937,Wood,221109.85,4422.2,221109.85
LOC-04096,Houston (Flood/Wind),28.37461,-95.2839,Wood,183725.03,3674.5,183725.03
LOC-04097,Miami (Hurricane),25.61903,-79.99037,Wood,274145.44,5482.91,219316.36
LOC-04098,Los Angeles (Quake),32.86956,-118.55219,Concrete,1297728.46,64886.42,1557274.15
LOC-04099,Miami (Hurricane),25.222,-80.05534,Concrete,725504.4,72550.44,725504.4
LOC-04100,Miami (Hurricane),25.15062,-80.46874,Wood,1015243.66,50762.18,1015243.66
LOC-04101,Miami (Hurricane),25.62629,-80.66216,Steel,210319.43,4206.39,210319.43
LOC-04102,Los Angeles (Quake),35.78802,-118.27386,Concrete,278812.42,13940.62,334574.9
LOC-04103,Los Angeles (Quake),31.11521,-118.36126,Masonry,90958.48,9095.85,90958.48
LOC-04104,Miami (Hurricane),25.42648,-80.62301,Steel,249405.23,12470.26,199524.18
LOC-04105,Miami (Hurricane),25.53234,-80.3676,Wood,50000.0,5000.0,50000.0
LOC-04106,Los Angeles (Quake),34.43192,-118.22686,Wood,133307.97,13330.8,159969.57
LOC-04107,Houston (Flood/Wind),29.82833,-97.86976,Concrete,124504.51,6225.23,124504.51
LOC-04108,Miami (Hurricane),27.15671,-79.80461,Wood,426064.41,8521.29,426064.41
LOC-04109,Los Angeles (Quake),34.80844,-118.92565,Wood,296193.62,5923.87,355432.35
LOC-04110,Los Angeles (Quake),33.80302,-117.58789,Wood,89152.18,1783.04,89152.18
LOC-04111,Miami (Hurricane),27.18744,-81.25567,Concrete,1149300.77,57465.04,1379160.93
LOC-04112,Los Angeles (Quake),33.20425,-120.25191,Wood,171646.69,17164.67,171646.69
LOC-04113,Houston (Flood/Wind),29.33934,-95.48645,Concrete,89048.88,8904.89,106858.66
LOC-04114,Los Angeles (Quake),36.99426,-116.99129,Wood,202897.57,4057.95,162318.06
LOC-04115,Miami (Hurricane),26.08385,-80.91896,Concrete,134717.35,2694.35,134717.35
LOC-04116,Miami (Hurricane),25.95618,-79.75088,Concrete,797026.77,15940.54,797026.77
LOC-04117,Houston (Flood/Wind),28.85255,-95.73923,Wood,82236.89,4111.84,82236.89
LOC-04118,Houston (Flood/Wind),27.37202,-94.84151,Concrete,199258.34,9962.92,199258.34
LOC-04119,Los Angeles (Quake),33.70652,-116.83497,Wood,50000.0,5000.0,50000.0
LOC-04120,Houston (Flood/Wind),32.5032,-93.80248,Wood,201853.45,20185.34,161482.76
LOC-04121,Los Angeles (Quake),33.03003,-118.54838,Concrete,442023.64,8840.47,353618.91
LOC-04122,Los Angeles (Quake),34.86034,-117.10336,Wood,370292.02,18514.6,370292.02
LOC-04123,Los Angeles (Quake),33.38967,-118.04778,Wood,127717.87,2554.36,127717.87
LOC-04124,Los Angeles (Quake),32.40702,-117.67133,Masonry,171694.22,3433.88,171694.22
LOC-04125,Houston (Flood/Wind),28.69243,-97.27281,Wood,181348.86,9067.44,145079.09
LOC-04126,Miami (Hurricane),24.95547,-79.51141,Concrete,974434.53,19488.69,974434.53
LOC-04127,Houston (Flood/Wind),29.76097,-95.02992,Wood,312319.37,15615.97,249855.5
LOC-04128,Miami (Hurricane),24.72999,-80.19296,Wood,79625.4,7962.54,63700.32
LOC-04129,Miami (Hurricane),24.93775,-80.72688,Concrete,561342.66,28067.13,561342.66
LOC-04130,Houston (Flood/Wind),27.55317,-95.06759,Steel,213236.43,21323.64,213236.43
LOC-04131,Los Angeles (Quake),34.31024,-119.95248,Concrete,434206.04,43420.6,434206.04
LOC-04132,Miami (Hurricane),26.22539,-79.61639,Wood,111212.46,2224.25,111212.46
LOC-04133,Los Angeles (Quake),34.72512,-119.404,Wood,562500.97,56250.1,450000.77
LOC-04134,Houston (Flood/Wind),30.83342,-96.24484,Wood,1062259.09,106225.91,1062259.09
LOC-04135,Houston (Flood/Wind),29.15303,-96.54403,Wood,715795.31,35789.77,715795.31
LOC-04136,Houston (Flood/Wind),30.26429,-94.75698,Wood,2218294.43,221829.44,2218294.43
LOC-04137,Los Angeles (Quake),34.32202,-119.11967,Wood,50000.0,1000.0,40000.0
LOC-04138,Miami (Hurricane),26.18594,-79.74766,Concrete,77678.17,1553.56,93213.81
LOC-04139,Los Angeles (Quake),35.74844,-118.50976,Concrete,287048.96,28704.9,287048.96
LOC-04140,Houston (Flood/Wind),29.85395,-95.9635,Masonry,289095.51,28909.55,289095.51
LOC-04141,Miami (Hurricane),26.91816,-78.98157,Wood,643463.73,12869.27,643463.73
LOC-04142,Los Angeles (Quake),34.85568,-117.49269,Wood,423640.94,42364.09,423640.94
LOC-04143,Houston (Flood/Wind),28.70641,-93.45197,Wood,111701.88,2234.04,89361.5
LOC-04144,Miami (Hurricane),26.25131,-79.90191,Wood,231670.99,4633.42,278005.18
LOC-04145,Los Angeles (Quake),31.08406,-119.5219,Wood,544766.28,27238.31,435813.03
LOC-04146,Houston (Flood/Wind),30.57424,-95.75452,Wood,65536.79,6553.68,52429.43
LOC-04147,Los Angeles (Quake),33.1854,-117.71444,Concrete,381791.56,7635.83,381791.56
LOC-04148,Miami (Hurricane),26.03079,-81.31103,Wood,778042.05,77804.2,778042.05
LOC-04149,Miami (Hurricane),26.10635,-81.37234,Wood,570095.99,57009.6,456076.79
LOC-04150,Miami (Hurricane),27.28435,-80.47865,Wood,169967.84,3399.36,169967.84
LOC-04151,Houston (Flood/Wind),29.37644,-95.24146,Wood,293682.31,5873.65,293682.31
LOC-04152,Miami (Hurricane),26.86527,-79.19942,Concrete,105102.09,2102.04,105102.09
LOC-04153,Houston (Flood/Wind),28.37729,-95.93468,Wood,50000.0,1000.0,40000.0
LOC-04154,Miami (Hurricane),26.41849,-80.31571,Wood,243887.62,4877.75,292665.14
LOC-04155,Houston (Flood/Wind),30.77394,-97.88382,Wood,203079.51,10153.98,243695.41
LOC-04156,Houston (Flood/Wind),30.89967,-95.08035,Wood,682079.61,13641.59,682079.61
LOC-04157,Houston (Flood/Wind),29.09583,-94.85703,Steel,1489491.52,29789.83,1489491.52
LOC-04158,Los Angeles (Quake),35.07337,-118.93506,Concrete,762181.23,76218.12,762181.23
LOC-04159,Los Angeles (Quake),35.95743,-118.70476,Wood,1535527.64,76776.38,1535527.64
LOC-04160,Houston (Flood/Wind),28.93932,-94.72442,Concrete,100313.14,10031.31,120375.76
LOC-04161,Houston (Flood/Wind),29.91368,-97.29114,Wood,225123.38,22512.34,180098.7
LOC-04162,Houston (Flood/Wind),31.57329,-95.93064,Steel,255702.06,25570.21,255702.06
LOC-04163,Houston (Flood/Wind),29.91897,-95.98026,Wood,713964.57,14279.29,856757.48
LOC-04164,Miami (Hurricane),27.53093,-81.96639,Masonry,265255.11,26525.51,265255.11
LOC-04165,Los Angeles (Quake),34.59888,-118.77876,Concrete,289466.17,5789.32,289466.17
LOC-04166,Los Angeles (Quake),36.50672,-119.73862,Concrete,288306.04,14415.3,288306.04
LOC-04167,Miami (Hurricane),26.02344,-81.17852,Wood,372344.83,7446.9,372344.83
LOC-04168,Miami (Hurricane),26.46538,-81.10234,Wood,557297.13,27864.86,668756.56
LOC-04169,Miami (Hurricane),25.49726,-79.66132,Concrete,343064.64,6861.29,411677.57
LOC-04170,Los Angeles (Quake),33.50126,-118.53058,Wood,518124.68,51812.47,518124.68
LOC-04171,Houston (Flood/Wind),30.4124,-94.07448,Wood,311977.35,6239.55,311977.35
LOC-04172,Los Angeles (Quake),33.21518,-120.37931,Wood,594596.1,11891.92,594596.1
LOC-04173,Los Angeles (Quake),34.8071,-117.58181,Masonry,199175.08,19917.51,199175.08
LOC-04174,Los Angeles (Quake),33.98687,-118.24175,Wood,212020.7,10601.03,212020.7
LOC-04175,Miami (Hurricane),25.99808,-80.24905,Concrete,313920.94,6278.42,313920.94
LOC-04176,Houston (Flood/Wind),30.27992,-93.41614,Wood,355647.7,35564.77,355647.7
LOC-04177,Los Angeles (Quake),33.94159,-119.17208,Wood,372357.23,18617.86,372357.23
LOC-04178,Los Angeles (Quake),32.49252,-117.75268,Wood,152220.43,15222.04,152220.43
LOC-04179,Los Angeles (Quake),34.82321,-118.70643,Wood,110994.01,2219.88,88795.21
LOC-04180,Houston (Flood/Wind),27.88268,-94.87257,Wood,50000.0,5000.0,60000.0
LOC-04181,Houston (Flood/Wind),30.57542,-94.95189,Wood,416952.72,20847.64,416952.72
LOC-04182,Miami (Hurricane),25.78541,-80.67666,Concrete,87571.43,1751.43,105085.72
LOC-04183,Houston (Flood/Wind),29.20359,-96.23893,Wood,345065.67,17253.28,345065.67
LOC-04184,Miami (Hurricane),26.01504,-80.45166,Wood,54632.82,2731.64,54632.82
LOC-04185,Miami (Hurricane),25.40564,-81.19844,Wood,456176.54,45617.65,456176.54
LOC-04186,Houston (Flood/Wind),29.57771,-94.63419,Wood,882080.63,88208.06,705664.51
LOC-04187,Houston (Flood/Wind),29.14483,-92.98831,Masonry,626348.05,31317.4,626348.05
LOC-04188,Miami (Hurricane),26.70401,-80.8988,Wood,178068.42,17806.84,142454.74
LOC-04189,Houston (Flood/Wind),30.47588,-95.49269,Concrete,68709.31,6870.93,68709.31
LOC-04190,Miami (Hurricane),25.79529,-79.81557,Wood,1762384.98,176238.5,1409907.98
LOC-04191,Houston (Flood/Wind),29.32465,-93.85785,Concrete,926209.78,18524.2,740967.83
LOC-04192,Houston (Flood/Wind),28.26277,-95.32833,Wood,1038365.4,51918.27,830692.32
LOC-04193,Los Angeles (Quake),34.77882,-118.4338,Wood,137731.27,6886.56,165277.53
LOC-04194,Los Angeles (Quake),33.26296,-118.13384,Wood,126886.34,12688.63,126886.34
LOC-04195,Los Angeles (Quake),35.26562,-117.64451,Concrete,1305052.93,130505.29,1305052.93
LOC-04196,Houston (Flood/Wind),28.50153,-93.56484,Masonry,216126.72,4322.53,216126.72
LOC-04197,Los Angeles (Quake),35.14555,-119.55393,Wood,125670.07,6283.5,125670.07
LOC-04198,Miami (Hurricane),25.44108,-79.87444,Concrete,221093.67,4421.87,176874.93
LOC-04199,Houston (Flood/Wind),29.66789,-96.53437,Wood,506164.37,50616.44,506164.37
LOC-04200,Los Angeles (Quake),34.15658,-116.83858,Wood,78496.16,3924.81,78496.16
LOC-04201,Miami (Hurricane),25.64211,-79.36488,Concrete,164947.42,8247.37,164947.42
LOC-04202,Miami (Hurricane),26.32896,-80.12621,Concrete,692966.04,34648.3,831559.25
LOC-04203,Houston (Flood/Wind),30.92529,-93.98077,Concrete,78763.76,7876.38,94516.51
LOC-04204,Houston (Flood/Wind),31.48038,-95.01122,Wood,50000.0,1000.0,50000.0
LOC-04205,Los Angeles (Quake),34.19168,-119.51521,Wood,242095.24,12104.76,242095.24
LOC-04206,Houston (Flood/Wind),29.08847,-95.90771,Wood,85174.1,1703.48,85174.1
LOC-04207,Houston (Flood/Wind),27.93475,-95.775,Masonry,570159.62,57015.96,570159.62
LOC-04208,Houston (Flood/Wind),30.80845,-93.73204,Concrete,343426.44,17171.32,274741.15
LOC-04209,Houston (Flood/Wind),31.85891,-96.73547,Masonry,83177.47,1663.55,83177.47
LOC-04210,Los Angeles (Quake),34.35667,-118.75796,Wood,170886.23,17088.62,170886.23
LOC-04211,Los Angeles (Quake),35.66144,-119.56997,Concrete,133209.2,2664.18,133209.2
LOC-04212,Los Angeles (Quake),34.66442,-117.38266,Steel,99481.83,1989.64,79585.46
LOC-04213,Los Angeles (Quake),35.051,-119.87582,Wood,853114.74,85311.47,853114.74
LOC-04214,Miami (Hurricane),25.97218,-81.01109,Wood,323090.36,6461.81,323090.36
LOC-04215,Miami (Hurricane),27.33654,-79.97923,Wood,113834.43,11383.44,136601.32
LOC-04216,Miami (Hurricane),25.83742,-79.09331,Wood,75537.15,7553.71,90644.57
LOC-04217,Miami (Hurricane),26.01363,-79.97078,Wood,136204.74,13620.47,136204.74
LOC-04218,Miami (Hurricane),25.06939,-81.81101,Wood,375094.44,37509.44,375094.44
LOC-04219,Miami (Hurricane),26.29737,-81.22605,Steel,280404.28,14020.21,336485.13
LOC-04220,Los Angeles (Quake),32.20317,-117.96528,Wood,406181.79,40618.18,487418.15
LOC-04221,Houston (Flood/Wind),31.92548,-95.26244,Wood,52733.07,1054.66,42186.46
LOC-04222,Los Angeles (Quake),35.56735,-118.72287,Wood,1331143.53,133114.35,1331143.53
LOC-04223,Los Angeles (Quake),32.92075,-116.59138,Concrete,726692.05,14533.84,726692.05
LOC-04224,Los Angeles (Quake),33.61093,-118.61207,Wood,828554.9,41427.75,828554.9
LOC-04225,Los Angeles (Quake),34.99936,-118.9187,Wood,2108502.44,105425.12,2530202.93
LOC-04226,Los Angeles (Quake),34.07005,-117.41849,Wood,275194.55,5503.89,220155.64
LOC-04227,Miami (Hurricane),25.05749,-80.31894,Wood,203628.84,4072.58,203628.84
LOC-04228,Miami (Hurricane),26.12893,-81.40733,Concrete,116727.63,2334.55,93382.1
LOC-04229,Los Angeles (Quake),34.45206,-116.26715,Wood,1436278.26,143627.83,1149022.61
LOC-04230,Houston (Flood/Wind),29.5475,-96.48138,Wood,85232.69,8523.27,85232.69
LOC-04231,Miami (Hurricane),25.83647,-79.10524,Masonry,71877.1,3593.86,71877.1
LOC-04232,Los Angeles (Quake),33.92005,-118.24941,Concrete,276524.06,13826.2,276524.06
LOC-04233,Houston (Flood/Wind),29.17634,-95.57527,Wood,1926760.49,192676.05,1926760.49
LOC-04234,Houston (Flood/Wind),31.42699,-94.69203,Concrete,349761.36,34976.14,419713.63
LOC-04235,Miami (Hurricane),26.11877,-80.85825,Concrete,53346.65,1066.93,64015.98
LOC-04236,Houston (Flood/Wind),28.90337,-95.17031,Concrete,468108.09,46810.81,468108.09
LOC-04237,Houston (Flood/Wind),28.70629,-97.42848,Wood,857281.79,85728.18,857281.79
LOC-04238,Los Angeles (Quake),34.90453,-118.78561,Wood,261314.22,26131.42,261314.22
LOC-04239,Los Angeles (Quake),33.29651,-117.18853,Wood,98487.88,9848.79,78790.3
LOC-04240,Miami (Hurricane),26.36846,-80.2574,Concrete,98664.51,4933.23,78931.61
LOC-04241,Los Angeles (Quake),34.51417,-119.45214,Wood,248992.13,24899.21,248992.13
LOC-04242,Miami (Hurricane),24.03682,-79.79324,Wood,753921.29,37696.06,753921.29
LOC-04243,Houston (Flood/Wind),28.56031,-95.41439,Masonry,271233.1,13561.66,325479.72
LOC-04244,Miami (Hurricane),24.44181,-81.60422,Concrete,585161.91,58516.19,585161.91
LOC-04245,Los Angeles (Quake),34.29914,-120.78308,Concrete,182268.69,18226.87,182268.69
LOC-04246,Houston (Flood/Wind),30.09447,-96.41214,Concrete,213256.64,4265.13,213256.64
LOC-04247,Miami (Hurricane),26.74417,-81.02492,Wood,208929.95,10446.5,208929.95
LOC-04248,Houston (Flood/Wind),30.03766,-97.20807,Steel,299413.92,29941.39,359296.71
LOC-04249,Houston (Flood/Wind),29.86712,-95.47673,Concrete,806662.09,16133.24,806662.09
LOC-04250,Miami (Hurricane),24.79858,-79.63239,Wood,292745.1,5854.9,292745.1
LOC-04251,Houston (Flood/Wind),29.20462,-93.84549,Wood,264268.14,5285.36,264268.14
LOC-04252,Houston (Flood/Wind),30.27892,-95.42085,Wood,1792613.77,89630.69,1434091.02
LOC-04253,Houston (Flood/Wind),28.39046,-96.27503,Wood,337367.26,33736.73,337367.26
LOC-04254,Houston (Flood/Wind),28.29671,-94.87533,Concrete,67249.93,1345.0,67249.93
LOC-04255,Houston (Flood/Wind),28.89108,-96.88083,Concrete,105349.59,2106.99,105349.59
LOC-04256,Houston (Flood/Wind),28.95924,-94.51906,Masonry,133668.19,13366.82,133668.19
LOC-04257,Houston (Flood/Wind),29.36851,-96.02955,Wood,767098.48,76709.85,920518.17
LOC-04258,Houston (Flood/Wind),27.02856,-95.96133,Wood,664998.6,66499.86,664998.6
LOC-04259,Los Angeles (Quake),32.9769,-117.98707,Concrete,183435.92,3668.72,183435.92
LOC-04260,Los Angeles (Quake),34.9088,-118.86637,Wood,762178.58,15243.57,762178.58
LOC-04261,Houston (Flood/Wind),30.18188,-95.9491,Concrete,119130.54,5956.53,119130.54
LOC-04262,Los Angeles (Quake),33.26245,-118.47311,Wood,1353099.58,135309.96,1623719.49
LOC-04263,Los Angeles (Quake),35.60681,-117.35836,Wood,2684109.12,134205.46,2684109.12
LOC-04264,Houston (Flood/Wind),29.94168,-96.57329,Wood,110579.64,2211.59,132695.57
LOC-04265,Miami (Hurricane),27.20925,-78.80958,Wood,1020396.05,51019.8,1020396.05
LOC-04266,Los Angeles (Quake),33.63041,-117.58969,Wood,432584.55,43258.46,519101.46
LOC-04267,Miami (Hurricane),25.15256,-80.5746,Wood,81704.9,4085.24,81704.9
LOC-04268,Los Angeles (Quake),34.57176,-118.78436,Wood,503219.68,10064.39,603863.62
LOC-04269,Miami (Hurricane),25.65437,-79.01374,Wood,222119.75,4442.39,222119.75
LOC-04270,Houston (Flood/Wind),29.54676,-94.93979,Wood,413053.41,8261.07,413053.41
LOC-04271,Los Angeles (Quake),34.86669,-118.00073,Wood,232734.44,4654.69,232734.44
LOC-04272,Houston (Flood/Wind),29.11364,-96.47364,Wood,151088.27,3021.77,120870.61
LOC-04273,Houston (Flood/Wind),30.17004,-96.35049,Wood,816349.97,81635.0,979619.97
LOC-04274,Houston (Flood/Wind),30.272,-93.55513,Masonry,292795.56,14639.78,234236.45
LOC-04275,Houston (Flood/Wind),29.76184,-96.6712,Wood,239157.39,11957.87,239157.39
LOC-04276,Miami (Hurricane),25.82241,-81.26337,Wood,1441592.21,72079.61,1441592.21
LOC-04277,Los Angeles (Quake),34.86936,-118.5961,Wood,256712.12,5134.24,205369.69
LOC-04278,Miami (Hurricane),24.33754,-79.48202,Wood,942650.53,47132.53,754120.43
LOC-04279,Miami (Hurricane),26.13038,-79.58844,Wood,144651.13,7232.56,144651.13
LOC-04280,Houston (Flood/Wind),30.4887,-93.75611,Wood,1023524.54,20470.49,1023524.54
LOC-04281,Los Angeles (Quake),34.85099,-118.26697,Wood,505062.16,10101.24,505062.16
LOC-04282,Los Angeles (Quake),32.7395,-117.87548,Masonry,225487.63,4509.75,225487.63
LOC-04283,Houston (Flood/Wind),30.69414,-95.88691,Concrete,1050079.14,105007.91,1260094.97
LOC-04284,Miami (Hurricane),26.72271,-80.24727,Wood,537425.57,26871.28,429940.45
LOC-04285,Houston (Flood/Wind),29.67782,-94.81762,Concrete,50000.0,5000.0,60000.0
LOC-04286,Los Angeles (Quake),32.73895,-119.52304,Wood,454536.22,9090.72,363628.97
LOC-04287,Los Angeles (Quake),34.85089,-116.01794,Wood,1038600.81,51930.04,1246320.97
LOC-04288,Los Angeles (Quake),35.07124,-119.03458,Wood,222099.28,4441.99,222099.28
LOC-04289,Miami (Hurricane),24.45631,-79.78425,Masonry,428748.4,21437.42,428748.4
LOC-04290,Miami (Hurricane),24.34208,-80.35759,Wood,532548.59,10650.97,532548.59
LOC-04291,Houston (Flood/Wind),29.95781,-95.16593,Concrete,67484.39,3374.22,67484.39
LOC-04292,Houston (Flood/Wind),29.34539,-96.24776,Wood,165181.69,16518.17,132145.35
LOC-04293,Los Angeles (Quake),32.92187,-119.21323,Wood,346684.1,17334.2,416020.92
LOC-04294,Miami (Hurricane),25.26155,-79.86395,Wood,226059.67,11302.98,226059.67
LOC-04295,Houston (Flood/Wind),29.6495,-95.50378,Wood,91001.62,1820.03,91001.62
LOC-04296,Houston (Flood/Wind),29.93692,-93.95609,Steel,155817.54,3116.35,124654.03
LOC-04297,Miami (Hurricane),25.23675,-78.8626,Masonry,76370.43,1527.41,61096.34
LOC-04298,Miami (Hurricane),24.04704,-80.77083,Masonry,127953.02,6397.65,127953.02
LOC-04299,Miami (Hurricane),25.97672,-80.51646,Wood,211366.33,10568.32,253639.6
LOC-04300,Houston (Flood/Wind),29.61252,-94.97584,Wood,280673.95,28067.4,280673.95
LOC-04301,Houston (Flood/Wind),29.96581,-95.40962,Concrete,113460.25,2269.2,90768.2
LOC-04302,Miami (Hurricane),25.33613,-79.20536,Wood,50000.0,2500.0,50000.0
LOC-04303,Houston (Flood/Wind),30.46699,-96.92705,Masonry,1700789.43,170078.94,1700789.43
LOC-04304,Houston (Flood/Wind),30.73245,-95.1732,Concrete,121799.48,12179.95,121799.48
LOC-04305,Los Angeles (Quake),33.0439,-118.93083,Wood,1682145.19,33642.9,1345716.15
LOC-04306,Houston (Flood/Wind),30.74955,-93.69621,Wood,201843.02,20184.3,201843.02
LOC-04307,Los Angeles (Quake),34.36091,-118.01449,Wood,154204.66,7710.23,123363.73
LOC-04308,Houston (Flood/Wind),28.96214,-95.51679,Masonry,490390.74,9807.81,490390.74
LOC-04309,Miami (Hurricane),26.28516,-79.29866,Concrete,141680.9,2833.62,141680.9
LOC-04310,Los Angeles (Quake),34.09427,-119.12763,Wood,257302.1,25730.21,257302.1
LOC-04311,Los Angeles (Quake),33.86408,-119.86435,Wood,1047545.02,20950.9,1257054.03
LOC-04312,Houston (Flood/Wind),28.74902,-95.34265,Wood,219257.04,10962.85,263108.44
LOC-04313,Los Angeles (Quake),33.72881,-116.72866,Wood,129417.48,6470.87,155300.97
LOC-04314,Miami (Hurricane),25.63643,-79.51165,Wood,166207.9,3324.16,166207.9
LOC-04315,Houston (Flood/Wind),30.78904,-95.69318,Wood,376481.86,37648.19,376481.86
LOC-04316,Miami (Hurricane),24.89295,-79.28006,Wood,399523.92,39952.39,479428.7
LOC-04317,Los Angeles (Quake),33.61095,-118.96424,Masonry,60563.97,1211.28,60563.97
LOC-04318,Los Angeles (Quake),33.32331,-116.25047,Concrete,733877.85,14677.56,880653.42
LOC-04319,Miami (Hurricane),26.25167,-79.09176,Wood,121172.03,6058.6,96937.62
LOC-04320,Los Angeles (Quake),34.53557,-117.88962,Wood,129786.11,12978.61,103828.89
LOC-04321,Houston (Flood/Wind),31.25287,-94.30568,Wood,50000.0,5000.0,40000.0
LOC-04322,Miami (Hurricane),25.98189,-80.95581,Wood,158248.1,15824.81,189897.72
LOC-04323,Houston (Flood/Wind),28.82433,-95.82414,Concrete,369317.17,7386.34,369317.17
LOC-04324,Miami (Hurricane),26.40022,-81.83636,Wood,310210.48,31021.05,310210.48
LOC-04325,Houston (Flood/Wind),30.29009,-94.69778,Wood,822248.19,16444.96,822248.19
LOC-04326,Los Angeles (Quake),32.30163,-117.27366,Concrete,480242.8,48024.28,480242.8
LOC-04327,Los Angeles (Quake),33.92644,-118.20897,Concrete,172407.17,17240.72,172407.17
LOC-04328,Houston (Flood/Wind),29.24137,-96.04506,Wood,234259.72,11712.99,187407.78
LOC-04329,Miami (Hurricane),26.58341,-81.24833,Wood,184125.59,3682.51,184125.59
LOC-04330,Miami (Hurricane),25.73095,-80.13004,Wood,211494.69,21149.47,211494.69
LOC-04331,Houston (Flood/Wind),30.53819,-94.27589,Wood,471372.77,23568.64,565647.32
LOC-04332,Los Angeles (Quake),34.31886,-118.11817,Concrete,517011.0,10340.22,517011.0
LOC-04333,Miami (Hurricane),24.04619,-82.23716,Wood,428322.32,42832.23,428322.32
LOC-04334,Los Angeles (Quake),34.03188,-117.55346,Concrete,98875.0,4943.75,98875.0
LOC-04335,Los Angeles (Quake),32.38363,-119.2031,Wood,2587901.33,51758.03,3105481.6
LOC-04336,Houston (Flood/Wind),30.30345,-92.667,Wood,71023.86,1420.48,85228.63
LOC-04337,Miami (Hurricane),25.85437,-80.11812,Concrete,132616.07,2652.32,106092.85
LOC-04338,Houston (Flood/Wind),30.28519,-96.18849,Wood,50000.0,5000.0,50000.0
LOC-04339,Miami (Hurricane),26.15724,-79.86465,Wood,302081.58,15104.08,362497.9
LOC-04340,Miami (Hurricane),26.30438,-80.33219,Concrete,50436.96,1008.74,50436.96
LOC-04341,Houston (Flood/Wind),30.3812,-95.32682,Concrete,447542.0,22377.1,447542.0
LOC-04342,Miami (Hurricane),25.8267,-80.41926,Wood,85518.69,8551.87,102622.43
LOC-04343,Houston (Flood/Wind),28.70176,-97.16478,Wood,453528.64,9070.57,453528.64
LOC-04344,Houston (Flood/Wind),28.4862,-95.89666,Concrete,434171.59,8683.43,347337.27
LOC-04345,Miami (Hurricane),26.7459,-80.71483,Wood,85300.2,8530.02,68240.16
LOC-04346,Miami (Hurricane),25.3535,-79.31027,Wood,449149.9,8983.0,449149.9
LOC-04347,Los Angeles (Quake),34.29686,-118.08063,Wood,340115.73,6802.31,340115.73
LOC-04348,Houston (Flood/Wind),30.54858,-96.06279,Wood,248763.19,4975.26,248763.19
LOC-04349,Los Angeles (Quake),33.66737,-119.68089,Concrete,72275.89,3613.79,72275.89
LOC-04350,Los Angeles (Quake),35.22859,-117.25907,Wood,113449.93,11344.99,90759.95
LOC-04351,Houston (Flood/Wind),29.79924,-95.76754,Wood,342151.58,17107.58,342151.58
LOC-04352,Houston (Flood/Wind),28.23762,-95.05067,Wood,1561882.76,156188.28,1561882.76
LOC-04353,Miami (Hurricane),25.62357,-80.42761,Concrete,95723.29,4786.16,95723.29
LOC-04354,Houston (Flood/Wind),32.92282,-95.68317,Concrete,482351.56,48235.16,482351.56
LOC-04355,Houston (Flood/Wind),30.05287,-96.03081,Wood,363302.41,36330.24,363302.41
LOC-04356,Miami (Hurricane),26.56773,-79.70725,Concrete,255351.29,12767.56,204281.03
LOC-04357,Los Angeles (Quake),32.01399,-118.87354,Wood,132956.8,6647.84,132956.8
LOC-04358,Los Angeles (Quake),32.61438,-118.97629,Concrete,67960.08,6796.01,81552.09
LOC-04359,Houston (Flood/Wind),29.80192,-95.8658,Wood,124720.12,6236.01,99776.09
LOC-04360,Houston (Flood/Wind),28.60167,-96.24709,Wood,422894.92,8457.9,422894.92
LOC-04361,Miami (Hurricane),24.69142,-81.51371,Concrete,256890.18,12844.51,256890.18
LOC-04362,Miami (Hurricane),25.93482,-79.18192,Concrete,225298.07,4505.96,180238.46
LOC-04363,Los Angeles (Quake),33.39295,-116.75187,Wood,522811.23,26140.56,522811.23
LOC-04364,Houston (Flood/Wind),28.39504,-95.76872,Wood,297199.42,5943.99,237759.53
LOC-04365,Los Angeles (Quake),34.28647,-117.76874,Masonry,417032.25,41703.22,417032.25
LOC-04366,Los Angeles (Quake),33.74654,-119.04077,Masonry,736382.53,36819.13,589106.03
LOC-04367,Houston (Flood/Wind),30.23595,-94.89805,Concrete,348275.3,17413.76,348275.3
LOC-04368,Houston (Flood/Wind),29.83142,-96.87841,Concrete,323028.82,16151.44,323028.82
LOC-04369,Los Angeles (Quake),32.91897,-119.86967,Wood,1874867.02,37497.34,1499893.62
LOC-04370,Los Angeles (Quake),34.42565,-115.45044,Concrete,540971.76,27048.59,540971.76
LOC-04371,Los Angeles (Quake),33.65371,-119.17005,Wood,284285.56,14214.28,284285.56
LOC-04372,Miami (Hurricane),25.22337,-79.69896,Wood,132747.39,2654.95,132747.39
LOC-04373,Miami (Hurricane),24.85718,-81.80573,Wood,50000.0,1000.0,50000.0
LOC-04374,Miami (Hurricane),26.59358,-80.40577,Concrete,267022.5,13351.12,267022.5
LOC-04375,Los Angeles (Quake),34.80604,-117.98477,Masonry,1852286.53,185228.65,1481829.22
LOC-04376,Los Angeles (Quake),32.84773,-119.04935,Wood,131426.17,2628.52,105140.94
LOC-04377,Miami (Hurricane),26.87866,-80.43198,Concrete,189139.92,3782.8,189139.92
LOC-04378,Miami (Hurricane),26.60277,-79.65066,Steel,657763.88,65776.39,526211.1
LOC-04379,Los Angeles (Quake),34.21811,-118.53758,Masonry,626894.45,12537.89,626894.45
LOC-04380,Miami (Hurricane),26.16655,-80.26401,Steel,2062363.79,206236.38,1649891.03
LOC-04381,Miami (Hurricane),25.58083,-79.94072,Wood,1017282.61,101728.26,813826.09
LOC-04382,Houston (Flood/Wind),30.38661,-94.56566,Wood,691907.73,69190.77,553526.19
LOC-04383,Houston (Flood/Wind),29.17981,-94.50092,Masonry,50000.0,1000.0,50000.0
LOC-04384,Houston (Flood/Wind),29.23474,-93.96418,Wood,308140.24,15407.01,308140.24
LOC-04385,Houston (Flood/Wind),29.76786,-96.56109,Wood,120173.61,12017.36,120173.61
LOC-04386,Miami (Hurricane),26.35025,-78.52639,Wood,214915.03,4298.3,214915.03
LOC-04387,Los Angeles (Quake),34.44164,-119.0233,Wood,111767.12,11176.71,134120.54
LOC-04388,Miami (Hurricane),27.67058,-80.3481,Wood,76978.23,3848.91,76978.23
LOC-04389,Los Angeles (Quake),33.61688,-118.84706,Wood,453096.8,9061.94,453096.8
LOC-04390,Miami (Hurricane),26.34943,-80.61711,Concrete,407338.28,8146.77,407338.28
LOC-04391,Houston (Flood/Wind),30.54921,-94.813,Concrete,233769.44,4675.39,280523.33
LOC-04392,Miami (Hurricane),25.53638,-79.72951,Masonry,50000.0,1000.0,50000.0
LOC-04393,Los Angeles (Quake),33.96711,-119.20915,Wood,226325.19,22632.52,226325.19
LOC-04394,Los Angeles (Quake),37.28449,-116.5583,Concrete,56587.11,1131.74,56587.11
LOC-04395,Miami (Hurricane),25.76873,-81.59838,Masonry,2124589.03,212458.9,2549506.84
LOC-04396,Los Angeles (Quake),33.1264,-116.10853,Wood,669407.12,33470.36,535525.7
LOC-04397,Miami (Hurricane),24.74124,-80.9443,Masonry,443094.53,22154.73,443094.53
LOC-04398,Los Angeles (Quake),33.43305,-116.17303,Wood,261915.69,26191.57,209532.56
LOC-04399,Houston (Flood/Wind),29.56507,-94.18907,Concrete,454179.85,22708.99,454179.85
LOC-04400,Los Angeles (Quake),37.08421,-119.01023,Wood,423946.71,8478.93,423946.71
LOC-04401,Houston (Flood/Wind),29.67913,-94.49144,Steel,171110.59,17111.06,171110.59
LOC-04402,Los Angeles (Quake),33.44019,-117.52467,Wood,1176903.9,58845.2,1176903.9
LOC-04403,Houston (Flood/Wind),29.56222,-94.45672,Wood,1625040.74,32500.81,1625040.74
LOC-04404,Miami (Hurricane),25.72989,-79.5673,Wood,151117.8,3022.36,151117.8
LOC-04405,Houston (Flood/Wind),29.5668,-94.32271,Wood,903254.63,18065.09,722603.7
LOC-04406,Houston (Flood/Wind),29.64982,-96.37747,Masonry,219596.29,21959.63,263515.55
LOC-04407,Houston (Flood/Wind),30.92743,-93.87224,Wood,87557.83,1751.16,87557.83
LOC-04408,Miami (Hurricane),25.97865,-78.87081,Wood,5600024.96,280001.25,5600024.96
LOC-04409,Los Angeles (Quake),34.82976,-117.11878,Wood,102573.54,2051.47,102573.54
LOC-04410,Los Angeles (Quake),33.08167,-116.20154,Wood,796045.28,15920.91,796045.28
LOC-04411,Los Angeles (Quake),35.2598,-116.31966,Wood,135239.12,13523.91,135239.12
LOC-04412,Los Angeles (Quake),33.20459,-118.06645,Wood,116641.71,5832.09,116641.71
LOC-04413,Los Angeles (Quake),32.78013,-118.76522,Wood,161183.28,3223.67,161183.28
LOC-04414,Houston (Flood/Wind),30.51915,-94.77626,Concrete,348066.41,6961.33,417679.69
LOC-04415,Houston (Flood/Wind),30.02461,-94.75521,Wood,238692.96,23869.3,286431.55
LOC-04416,Los Angeles (Quake),34.22109,-121.44433,Wood,505666.09,10113.32,505666.09
LOC-04417,Houston (Flood/Wind),29.66861,-94.85565,Wood,121311.69,12131.17,121311.69
LOC-04418,Houston (Flood/Wind),30.96026,-94.5942,Masonry,443486.97,22174.35,443486.97
LOC-04419,Los Angeles (Quake),35.41484,-118.08865,Concrete,814046.18,81404.62,976855.42
LOC-04420,Miami (Hurricane),25.17029,-79.27885,Concrete,253082.02,12654.1,253082.02
LOC-04421,Los Angeles (Quake),34.19253,-117.69003,Wood,2908025.3,145401.26,2908025.3
LOC-04422,Los Angeles (Quake),35.00198,-116.06322,Concrete,601659.96,30083.0,601659.96
LOC-04423,Los Angeles (Quake),33.69101,-119.67325,Wood,361322.8,36132.28,361322.8
LOC-04424,Houston (Flood/Wind),29.78801,-96.4597,Wood,110532.84,11053.28,132639.41
LOC-04425,Houston (Flood/Wind),29.60168,-95.35575,Masonry,122849.8,2457.0,122849.8
LOC-04426,Los Angeles (Quake),35.00001,-118.42638,Wood,116217.83,11621.78,116217.83
LOC-04427,Miami (Hurricane),24.69349,-79.65364,Concrete,103452.96,10345.3,103452.96
LOC-04428,Houston (Flood/Wind),28.11442,-95.99446,Concrete,358850.94,35885.09,358850.94
LOC-04429,Los Angeles (Quake),33.1253,-119.12087,Wood,445246.14,22262.31,445246.14
LOC-04430,Houston (Flood/Wind),28.79664,-94.16108,Wood,71177.9,1423.56,71177.9
LOC-04431,Miami (Hurricane),25.21103,-79.73849,Concrete,69021.68,1380.43,82826.02
LOC-04432,Los Angeles (Quake),34.79877,-117.64773,Masonry,407346.71,40734.67,407346.71
LOC-04433,Los Angeles (Quake),33.55476,-116.20143,Wood,238252.03,4765.04,238252.03
LOC-04434,Los Angeles (Quake),32.46981,-117.09145,Wood,196559.15,3931.18,235870.98
LOC-04435,Miami (Hurricane),26.15042,-80.79739,Wood,91398.77,9139.88,91398.77
LOC-04436,Houston (Flood/Wind),30.4835,-97.01918,Masonry,639127.47,31956.37,639127.47
LOC-04437,Miami (Hurricane),25.54974,-80.77634,Concrete,104001.65,10400.17,104001.65
LOC-04438,Miami (Hurricane),26.42797,-79.72546,Wood,104368.08,5218.4,83494.46
LOC-04439,Los Angeles (Quake),34.34162,-118.69781,Concrete,212700.03,21270.0,170160.02
LOC-04440,Houston (Flood/Wind),30.19098,-96.01075,Wood,57625.3,5762.53,57625.3
LOC-04441,Los Angeles (Quake),36.48154,-121.23673,Concrete,595750.4,59575.04,595750.4
LOC-04442,Houston (Flood/Wind),32.06043,-96.53649,Wood,839461.87,83946.19,1007354.24
LOC-04443,Miami (Hurricane),26.3168,-80.78324,Wood,112021.55,11202.16,89617.24
LOC-04444,Houston (Flood/Wind),29.04915,-97.33223,Concrete,458227.47,22911.37,458227.47
LOC-04445,Los Angeles (Quake),34.39475,-117.04237,Wood,919238.18,18384.76,919238.18
LOC-04446,Miami (Hurricane),26.32647,-82.03604,Concrete,862954.19,86295.42,690363.35
LOC-04447,Los Angeles (Quake),33.60261,-116.89393,Wood,139350.65,6967.53,111480.52
LOC-04448,Los Angeles (Quake),34.81869,-116.93981,Wood,1329254.88,132925.49,1329254.88
LOC-04449,Los Angeles (Quake),32.20046,-119.44765,Masonry,1359837.8,135983.78,1087870.24
LOC-04450,Miami (Hurricane),26.31868,-79.92292,Wood,776124.9,15522.5,776124.9
LOC-04451,Los Angeles (Quake),33.44151,-116.77675,Wood,225138.7,11256.94,270166.44
LOC-04452,Miami (Hurricane),24.08417,-80.44635,Concrete,304761.36,15238.07,304761.36
LOC-04453,Houston (Flood/Wind),30.79808,-94.86106,Wood,246784.18,24678.42,197427.34
LOC-04454,Los Angeles (Quake),34.12107,-116.70882,Wood,192394.88,9619.74,153915.9
LOC-04455,Los Angeles (Quake),35.6597,-116.85928,Wood,392709.21,7854.18,392709.21
LOC-04456,Houston (Flood/Wind),30.4584,-95.35975,Concrete,264990.98,13249.55,264990.98
LOC-04457,Los Angeles (Quake),33.16812,-117.22124,Wood,421182.28,21059.11,421182.28
LOC-04458,Miami (Hurricane),25.05565,-80.75195,Wood,1002041.01,100204.1,801632.8
LOC-04459,Houston (Flood/Wind),30.69763,-94.58256,Steel,1942779.67,97138.98,1942779.67
LOC-04460,Miami (Hurricane),26.13341,-79.57402,Wood,528180.84,10563.62,528180.84
LOC-04461,Los Angeles (Quake),33.05752,-119.80655,Wood,8149979.58,162999.59,9779975.49
LOC-04462,Houston (Flood/Wind),29.54925,-94.24308,Concrete,60674.67,1213.49,72809.6
LOC-04463,Los Angeles (Quake),35.4836,-115.28364,Masonry,1581992.64,79099.63,1581992.64
LOC-04464,Houston (Flood/Wind),30.01273,-95.13887,Wood,315092.59,15754.63,315092.59
LOC-04465,Houston (Flood/Wind),28.69232,-93.48075,Wood,50000.0,2500.0,50000.0
LOC-04466,Miami (Hurricane),26.30024,-81.25245,Masonry,208033.3,10401.66,166426.64
LOC-04467,Los Angeles (Quake),34.80295,-119.15124,Concrete,280979.17,28097.92,280979.17
LOC-04468,Houston (Flood/Wind),29.03091,-94.90573,Wood,229154.89,22915.49,229154.89
LOC-04469,Los Angeles (Quake),33.83396,-120.2494,Wood,407305.04,40730.5,407305.04
LOC-04470,Miami (Hurricane),24.8037,-80.94744,Wood,501156.47,50115.65,601387.76
LOC-04471,Miami (Hurricane),24.38944,-79.15037,Wood,344673.41,6893.47,344673.41
LOC-04472,Los Angeles (Quake),32.64376,-117.21899,Wood,258066.02,12903.3,258066.02
LOC-04473,Los Angeles (Quake),35.24293,-116.44319,Wood,141423.43,2828.47,141423.43
LOC-04474,Houston (Flood/Wind),30.18098,-96.15053,Wood,50000.0,2500.0,50000.0
LOC-04475,Miami (Hurricane),25.61161,-80.10922,Wood,85558.64,4277.93,85558.64
LOC-04476,Los Angeles (Quake),34.77616,-117.36232,Masonry,305214.88,15260.74,305214.88
LOC-04477,Los Angeles (Quake),34.42742,-118.70325,Wood,159716.43,3194.33,159716.43
LOC-04478,Los Angeles (Quake),35.71774,-119.15117,Wood,777519.08,77751.91,777519.08
LOC-04479,Los Angeles (Quake),33.3873,-116.85738,Wood,439090.38,21954.52,439090.38
LOC-04480,Houston (Flood/Wind),29.26848,-94.85027,Wood,206003.94,4120.08,206003.94
LOC-04481,Los Angeles (Quake),36.14689,-117.46253,Wood,178508.04,3570.16,178508.04
LOC-04482,Houston (Flood/Wind),30.55542,-95.12251,Steel,125374.06,12537.41,100299.25
LOC-04483,Los Angeles (Quake),33.66446,-117.86158,Wood,343778.69,34377.87,275022.96
LOC-04484,Houston (Flood/Wind),29.9994,-97.0317,Concrete,59203.0,1184.06,59203.0
LOC-04485,Los Angeles (Quake),32.99632,-118.00968,Wood,233302.7,23330.27,279963.24
LOC-04486,Los Angeles (Quake),34.08794,-116.94072,Wood,718779.95,35939.0,718779.95
LOC-04487,Houston (Flood/Wind),31.34056,-95.40111,Wood,405961.23,8119.22,405961.23
LOC-04488,Miami (Hurricane),24.71974,-81.77718,Wood,135512.57,6775.63,135512.57
LOC-04489,Miami (Hurricane),26.12424,-79.29461,Wood,412235.34,20611.77,329788.27
LOC-04490,Miami (Hurricane),26.05517,-81.44986,Masonry,1050043.86,21000.88,1050043.86
LOC-04491,Miami (Hurricane),26.69109,-79.99022,Wood,76142.37,3807.12,91370.85
LOC-04492,Miami (Hurricane),25.49397,-79.60433,Wood,432777.1,21638.86,432777.1
LOC-04493,Miami (Hurricane),25.10879,-81.17205,Concrete,618159.36,12363.19,494527.49
LOC-04494,Los Angeles (Quake),33.81324,-118.05158,Masonry,229075.02,11453.75,229075.02
LOC-04495,Los Angeles (Quake),33.50806,-118.95507,Wood,723284.05,14465.68,723284.05
LOC-04496,Los Angeles (Quake),32.77853,-117.96941,Wood,123516.31,2470.33,148219.57
LOC-04497,Los Angeles (Quake),35.57581,-117.11869,Concrete,136505.42,6825.27,109204.33
LOC-04498,Houston (Flood/Wind),29.24462,-95.98729,Steel,282533.45,5650.67,282533.45
LOC-04499,Los Angeles (Quake),35.12379,-117.17813,Concrete,190253.8,9512.69,190253.8
LOC-04500,Houston (Flood/Wind),30.36463,-95.32841,Wood,60860.95,1217.22,60860.95
LOC-04501,Houston (Flood/Wind),27.88228,-96.25603,Wood,127880.21,12788.02,153456.25
LOC-04502,Miami (Hurricane),26.18265,-80.374,Concrete,338319.49,33831.95,405983.39
LOC-04503,Houston (Flood/Wind),30.79153,-94.49381,Concrete,207741.17,10387.06,166192.94
LOC-04504,Houston (Flood/Wind),30.88983,-95.50342,Concrete,156648.39,15664.84,156648.39
LOC-04505,Los Angeles (Quake),34.90941,-115.62353,Wood,240440.21,4808.8,240440.21
LOC-04506,Los Angeles (Quake),35.20286,-117.30322,Wood,127415.44,6370.77,127415.44
LOC-04507,Houston (Flood/Wind),28.16344,-95.55583,Masonry,594315.6,59431.56,594315.6
LOC-04508,Miami (Hurricane),26.8287,-80.31079,Wood,231804.9,11590.24,231804.9
LOC-04509,Houston (Flood/Wind),29.14022,-95.55964,Wood,374154.95,7483.1,374154.95
LOC-04510,Houston (Flood/Wind),29.23629,-94.26037,Concrete,215308.22,4306.16,172246.58
LOC-04511,Miami (Hurricane),26.41133,-80.23706,Wood,342492.85,17124.64,342492.85
LOC-04512,Houston (Flood/Wind),29.2486,-94.51539,Wood,894482.26,17889.65,715585.81
LOC-04513,Miami (Hurricane),26.51823,-79.32031,Wood,188333.24,18833.32,150666.59
LOC-04514,Los Angeles (Quake),34.85067,-117.04876,Wood,268900.04,26890.0,268900.04
LOC-04515,Houston (Flood/Wind),29.40215,-96.39871,Wood,984884.46,49244.22,787907.57
LOC-04516,Los Angeles (Quake),34.08116,-117.01549,Concrete,273357.95,5467.16,218686.36
LOC-04517,Houston (Flood/Wind),30.61916,-95.18658,Wood,261512.32,13075.62,209209.86
LOC-04518,Los Angeles (Quake),34.15797,-116.35999,Masonry,578577.7,28928.88,578577.7
LOC-04519,Los Angeles (Quake),32.87579,-117.38826,Concrete,288131.08,14406.55,288131.08
LOC-04520,Houston (Flood/Wind),30.86913,-95.68114,Masonry,267172.96,13358.65,267172.96
LOC-04521,Los Angeles (Quake),36.02958,-118.67903,Masonry,576869.68,57686.97,576869.68
LOC-04522,Los Angeles (Quake),32.42497,-118.23086,Wood,694482.41,69448.24,833378.9
LOC-04523,Los Angeles (Quake),34.3712,-115.90276,Steel,58022.43,5802.24,46417.95
LOC-04524,Los Angeles (Quake),34.04251,-118.27451,Concrete,74763.64,1495.27,74763.64
LOC-04525,Houston (Flood/Wind),30.73378,-95.92437,Steel,305705.76,30570.58,244564.61
LOC-04526,Miami (Hurricane),25.80376,-82.39253,Wood,789817.7,39490.89,631854.16
LOC-04527,Houston (Flood/Wind),30.53981,-94.51883,Concrete,214048.33,10702.42,171238.67
LOC-04528,Miami (Hurricane),26.2734,-78.94602,Wood,189031.89,3780.64,189031.89
LOC-04529,Miami (Hurricane),25.94731,-79.14037,Masonry,258500.34,12925.02,206800.27
LOC-04530,Houston (Flood/Wind),30.65336,-96.71276,Concrete,679372.21,13587.44,543497.77
LOC-04531,Los Angeles (Quake),33.60427,-120.12996,Masonry,446051.93,8921.04,446051.93
LOC-04532,Houston (Flood/Wind),29.90285,-96.43567,Wood,352796.25,7055.93,282237.0
LOC-04533,Miami (Hurricane),26.64493,-79.87977,Wood,129437.75,2588.75,103550.2
LOC-04534,Los Angeles (Quake),32.28569,-118.77335,Masonry,234622.78,23462.28,187698.23
LOC-04535,Houston (Flood/Wind),30.41083,-92.76713,Wood,341732.47,17086.62,410078.96
LOC-04536,Miami (Hurricane),26.65953,-80.94246,Concrete,50000.0,1000.0,50000.0
LOC-04537,Los Angeles (Quake),35.3154,-116.5418,Wood,66143.19,1322.86,52914.55
LOC-04538,Houston (Flood/Wind),29.35637,-95.82664,Wood,99131.3,1982.63,99131.3
LOC-04539,Miami (Hurricane),26.14176,-80.16903,Wood,294526.62,29452.66,294526.62
LOC-04540,Houston (Flood/Wind),31.27196,-95.4209,Wood,84648.91,8464.89,101578.69
LOC-04541,Los Angeles (Quake),34.10268,-117.66941,Wood,695071.21,34753.56,834085.46
LOC-04542,Houston (Flood/Wind),28.19201,-94.64477,Wood,250043.78,5000.88,250043.78
LOC-04543,Los Angeles (Quake),33.50179,-119.00711,Wood,250818.79,12540.94,250818.79
LOC-04544,Houston (Flood/Wind),29.91343,-95.54257,Concrete,205164.8,4103.3,205164.8
LOC-04545,Houston (Flood/Wind),30.78758,-94.704,Wood,630216.38,31510.82,504173.1
LOC-04546,Los Angeles (Quake),31.61074,-118.21689,Steel,236879.92,11844.0,236879.92
LOC-04547,Miami (Hurricane),26.43197,-79.41672,Masonry,346361.38,6927.23,346361.38
LOC-04548,Miami (Hurricane),25.99717,-78.78126,Wood,432582.32,43258.23,432582.32
LOC-04549,Los Angeles (Quake),34.64955,-117.2458,Wood,127279.41,6363.97,127279.41
LOC-04550,Miami (Hurricane),26.12383,-80.67938,Wood,247583.57,24758.36,297100.29
LOC-04551,Houston (Flood/Wind),29.14411,-94.90842,Masonry,121019.76,12101.98,96815.8
LOC-04552,Miami (Hurricane),25.90484,-78.8285,Concrete,85624.38,8562.44,102749.26
LOC-04553,Houston (Flood/Wind),30.19597,-96.12646,Concrete,197482.54,3949.65,197482.54
LOC-04554,Miami (Hurricane),26.29283,-81.54256,Concrete,216451.31,10822.57,259741.58
LOC-04555,Los Angeles (Quake),34.07594,-117.52574,Concrete,371843.64,18592.18,371843.64
LOC-04556,Los Angeles (Quake),32.7836,-117.80823,Concrete,342683.39,6853.67,342683.39
LOC-04557,Miami (Hurricane),25.12009,-80.77499,Concrete,164292.55,3285.85,164292.55
LOC-04558,Los Angeles (Quake),32.62791,-121.06632,Masonry,356433.21,7128.66,356433.21
LOC-04559,Los Angeles (Quake),33.37404,-116.69908,Concrete,64250.21,1285.0,64250.21
LOC-04560,Los Angeles (Quake),33.51121,-118.83036,Wood,550404.35,55040.44,550404.35
LOC-04561,Los Angeles (Quake),34.9906,-116.78111,Wood,1572447.09,78622.35,1886936.51
LOC-04562,Miami (Hurricane),25.0741,-80.29937,Wood,242623.4,4852.47,291148.08
LOC-04563,Los Angeles (Quake),33.46853,-119.58266,Wood,791038.23,15820.76,632830.58
LOC-04564,Miami (Hurricane),25.28141,-80.0337,Wood,621169.25,62116.92,496935.4
LOC-04565,Houston (Flood/Wind),30.10987,-94.89149,Concrete,330737.76,33073.78,330737.76
LOC-04566,Houston (Flood/Wind),30.24954,-95.55286,Concrete,714555.35,14291.11,571644.28
LOC-04567,Miami (Hurricane),26.07707,-79.77977,Wood,112253.16,11225.32,112253.16
LOC-04568,Houston (Flood/Wind),29.50334,-94.03508,Masonry,268501.97,13425.1,268501.97
LOC-04569,Los Angeles (Quake),33.96259,-119.90004,Masonry,362321.38,7246.43,362321.38
LOC-04570,Houston (Flood/Wind),29.47738,-95.40289,Concrete,246766.28,12338.31,296119.54
LOC-04571,Los Angeles (Quake),34.92843,-119.41843,Wood,606212.0,30310.6,606212.0
LOC-04572,Miami (Hurricane),25.46449,-80.8604,Wood,129078.55,6453.93,129078.55
LOC-04573,Houston (Flood/Wind),30.60725,-94.68618,Concrete,86867.89,4343.39,104241.47
LOC-04574,Miami (Hurricane),26.12203,-80.42976,Wood,2156659.97,43133.2,1725327.98
LOC-04575,Los Angeles (Quake),34.26267,-119.79921,Masonry,163517.55,3270.35,196221.06
LOC-04576,Miami (Hurricane),25.87461,-79.97819,Wood,1607091.35,160709.13,1285673.08
LOC-04577,Miami (Hurricane),26.33155,-80.06729,Wood,198760.01,3975.2,198760.01
LOC-04578,Houston (Flood/Wind),29.07427,-97.2776,Concrete,356199.78,35619.98,356199.78
LOC-04579,Miami (Hurricane),26.52295,-80.25622,Wood,50000.0,1000.0,50000.0
LOC-04580,Houston (Flood/Wind),30.43049,-94.84299,Concrete,155675.68,7783.78,124540.54
LOC-04581,Miami (Hurricane),24.67122,-80.11195,Wood,165015.53,3300.31,198018.64
LOC-04582,Los Angeles (Quake),35.32442,-116.4343,Wood,270032.47,5400.65,324038.96
LOC-04583,Houston (Flood/Wind),29.23338,-96.14254,Wood,244485.36,12224.27,195588.29
LOC-04584,Houston (Flood/Wind),31.91981,-95.02251,Wood,470414.09,23520.7,470414.09
LOC-04585,Houston (Flood/Wind),28.72097,-95.32982,Wood,159731.48,3194.63,191677.78
LOC-04586,Miami (Hurricane),25.94448,-80.03623,Concrete,300594.86,6011.9,300594.86
LOC-04587,Los Angeles (Quake),33.99108,-118.24692,Wood,93255.48,1865.11,111906.58
LOC-04588,Los Angeles (Quake),32.13166,-118.84277,Steel,185546.45,3710.93,185546.45
LOC-04589,Los Angeles (Quake),33.16073,-119.50863,Wood,263237.65,13161.88,210590.12
LOC-04590,Houston (Flood/Wind),29.33895,-96.28716,Masonry,284543.68,14227.18,284543.68
LOC-04591,Houston (Flood/Wind),28.60339,-96.30885,Concrete,52460.93,5246.09,41968.75
LOC-04592,Houston (Flood/Wind),30.46315,-93.41757,Concrete,650497.85,32524.89,780597.42
LOC-04593,Los Angeles (Quake),33.82431,-117.60378,Concrete,252626.47,12631.32,252626.47
LOC-04594,Houston (Flood/Wind),30.44889,-96.67616,Wood,433045.84,21652.29,433045.84
LOC-04595,Houston (Flood/Wind),29.93529,-96.08579,Wood,1213339.76,24266.8,1456007.71
LOC-04596,Houston (Flood/Wind),29.34182,-94.34247,Concrete,434612.19,21730.61,347689.75
LOC-04597,Los Angeles (Quake),35.32569,-118.20602,Wood,386415.46,19320.77,386415.46
LOC-04598,Houston (Flood/Wind),29.88298,-95.47789,Concrete,161235.52,3224.71,193482.62
LOC-04599,Miami (Hurricane),25.81937,-78.97883,Wood,228929.83,4578.6,228929.83
LOC-04600,Houston (Flood/Wind),28.45266,-95.93679,Wood,50000.0,1000.0,50000.0
LOC-04601,Los Angeles (Quake),33.3527,-118.1424,Wood,131274.52,6563.73,131274.52
LOC-04602,Miami (Hurricane),24.83427,-79.76915,Concrete,126330.13,2526.6,126330.13
LOC-04603,Miami (Hurricane),25.86249,-79.965,Concrete,286951.79,14347.59,286951.79
LOC-04604,Miami (Hurricane),25.80673,-78.70547,Wood,157017.51,15701.75,188421.01
LOC-04605,Houston (Flood/Wind),29.84046,-94.04523,Wood,622910.32,31145.52,498328.25
LOC-04606,Los Angeles (Quake),36.09255,-120.40278,Wood,369596.05,36959.61,295676.84
LOC-04607,Houston (Flood/Wind),30.94668,-97.40138,Wood,306656.8,30665.68,306656.8
LOC-04608,Houston (Flood/Wind),29.244,-94.70022,Masonry,165190.68,16519.07,165190.68
LOC-04609,Los Angeles (Quake),32.77907,-119.88821,Wood,4473909.61,89478.19,4473909.61
LOC-04610,Miami (Hurricane),26.92757,-79.04844,Concrete,487253.84,24362.69,389803.07
LOC-04611,Los Angeles (Quake),34.10059,-116.75914,Wood,1605088.84,160508.88,1926106.61
LOC-04612,Houston (Flood/Wind),28.7113,-94.99983,Wood,939198.44,93919.84,939198.44
LOC-04613,Houston (Flood/Wind),28.79981,-95.56653,Wood,112186.46,11218.65,112186.46
LOC-04614,Miami (Hurricane),25.46002,-80.26683,Wood,200910.91,20091.09,200910.91
LOC-04615,Los Angeles (Quake),31.03874,-118.6193,Steel,301239.53,6024.79,301239.53
LOC-04616,Miami (Hurricane),25.16285,-79.7291,Wood,139216.38,6960.82,139216.38
LOC-04617,Miami (Hurricane),26.04476,-79.34398,Wood,719340.44,35967.02,575472.35
LOC-04618,Miami (Hurricane),26.22296,-81.2615,Concrete,306527.26,15326.36,306527.26
LOC-04619,Houston (Flood/Wind),29.03807,-95.56041,Wood,573351.37,57335.14,458681.1
LOC-04620,Houston (Flood/Wind),28.11314,-95.63818,Wood,761800.38,15236.01,761800.38
LOC-04621,Houston (Flood/Wind),28.7158,-94.87996,Masonry,144690.84,14469.08,144690.84
LOC-04622,Miami (Hurricane),26.31227,-80.81984,Wood,140971.47,14097.15,112777.17
LOC-04623,Houston (Flood/Wind),30.88937,-95.46751,Concrete,343468.37,17173.42,412162.04
LOC-04624,Miami (Hurricane),25.09609,-81.33499,Wood,184632.63,3692.65,184632.63
LOC-04625,Houston (Flood/Wind),31.71767,-95.71511,Wood,381841.73,19092.09,381841.73
LOC-04626,Miami (Hurricane),25.0994,-80.59869,Masonry,515863.09,51586.31,515863.09
LOC-04627,Miami (Hurricane),25.25126,-79.7245,Wood,434111.08,43411.11,520933.3
LOC-04628,Houston (Flood/Wind),29.7341,-93.18753,Wood,328660.43,16433.02,262928.34
LOC-04629,Houston (Flood/Wind),30.38593,-95.33558,Wood,620257.56,12405.15,620257.56
LOC-04630,Houston (Flood/Wind),28.96113,-96.87481,Wood,1143940.44,22878.81,1143940.44
LOC-04631,Houston (Flood/Wind),30.71899,-95.66569,Wood,762769.56,38138.48,762769.56
LOC-04632,Los Angeles (Quake),32.89067,-119.56636,Wood,137368.66,2747.37,137368.66
LOC-04633,Los Angeles (Quake),32.10753,-115.57265,Wood,784047.13,15680.94,940856.55
LOC-04634,Los Angeles (Quake),33.79793,-120.29247,Wood,63298.35,1265.97,50638.68
LOC-04635,Miami (Hurricane),26.60472,-80.48276,Concrete,801702.89,40085.14,641362.31
LOC-04636,Houston (Flood/Wind),29.63847,-93.09146,Steel,80614.75,4030.74,80614.75
LOC-04637,Los Angeles (Quake),34.65242,-117.2199,Concrete,462363.96,9247.28,462363.96
LOC-04638,Houston (Flood/Wind),28.38072,-94.63977,Wood,87705.85,4385.29,70164.68
LOC-04639,Houston (Flood/Wind),29.12721,-95.10397,Concrete,222160.54,22216.05,177728.43
LOC-04640,Houston (Flood/Wind),29.61596,-94.51019,Wood,931900.3,18638.01,931900.3
LOC-04641,Los Angeles (Quake),34.64219,-119.40645,Masonry,98743.47,1974.87,98743.47
LOC-04642,Houston (Flood/Wind),30.46166,-96.67326,Wood,1001823.35,50091.17,1001823.35
LOC-04643,Miami (Hurricane),25.94693,-80.87953,Wood,141746.77,2834.94,170096.12
LOC-04644,Miami (Hurricane),25.59151,-80.27334,Wood,1533392.39,153339.24,1533392.39
LOC-04645,Los Angeles (Quake),33.70406,-119.24283,Concrete,385293.67,7705.87,385293.67
LOC-04646,Los Angeles (Quake),33.89009,-117.59842,Wood,272001.37,5440.03,217601.1
LOC-04647,Houston (Flood/Wind),31.37065,-97.01195,Wood,705250.51,14105.01,564200.41
LOC-04648,Los Angeles (Quake),33.06608,-119.98939,Wood,1257007.98,25140.16,1508409.58
LOC-04649,Houston (Flood/Wind),29.20844,-96.31895,Wood,1950692.05,195069.2,1950692.05
LOC-04650,Houston (Flood/Wind),30.50557,-95.0821,Concrete,110236.26,5511.81,88189.01
LOC-04651,Los Angeles (Quake),33.97243,-118.55696,Concrete,7051162.0,705116.2,5640929.6
LOC-04652,Los Angeles (Quake),32.73849,-118.35032,Wood,303967.37,15198.37,243173.9
LOC-04653,Los Angeles (Quake),35.25207,-117.92557,Steel,638676.36,12773.53,510941.09
LOC-04654,Houston (Flood/Wind),29.85733,-95.0664,Wood,373650.4,18682.52,448380.48
LOC-04655,Los Angeles (Quake),32.89704,-117.0658,Wood,212238.82,10611.94,212238.82
LOC-04656,Los Angeles (Quake),36.41304,-117.2313,Concrete,333239.72,33323.97,266591.78
LOC-04657,Los Angeles (Quake),35.8774,-117.55517,Concrete,682447.18,13648.94,682447.18
LOC-04658,Miami (Hurricane),25.50347,-80.32979,Concrete,198922.99,9946.15,159138.39
LOC-04659,Houston (Flood/Wind),30.72671,-93.5338,Masonry,200715.95,10035.8,200715.95
LOC-04660,Miami (Hurricane),25.6445,-78.44881,Wood,117103.04,5855.15,117103.04
LOC-04661,Houston (Flood/Wind),31.65937,-95.80004,Wood,166642.92,16664.29,166642.92
LOC-04662,Houston (Flood/Wind),31.6726,-94.99234,Wood,615566.76,30778.34,738680.12
LOC-04663,Miami (Hurricane),26.35352,-80.65161,Wood,175496.73,3509.93,175496.73
LOC-04664,Miami (Hurricane),26.54965,-80.76724,Wood,837867.04,83786.7,1005440.44
LOC-04665,Miami (Hurricane),25.82743,-79.48554,Masonry,214431.7,10721.59,214431.7
LOC-04666,Houston (Flood/Wind),29.17861,-96.64211,Wood,633599.77,63359.98,760319.73
LOC-04667,Miami (Hurricane),26.19664,-79.3127,Wood,655724.99,32786.25,655724.99
LOC-04668,Los Angeles (Quake),32.38786,-119.39749,Wood,98329.36,9832.94,98329.36
LOC-04669,Miami (Hurricane),26.33177,-80.01694,Concrete,75703.77,1514.08,60563.01
LOC-04670,Los Angeles (Quake),33.26879,-119.27789,Wood,130213.43,13021.34,130213.43
LOC-04671,Los Angeles (Quake),33.26186,-120.60095,Concrete,177713.94,8885.7,177713.94
LOC-04672,Los Angeles (Quake),34.91838,-120.49102,Wood,839712.13,41985.61,839712.13
LOC-04673,Los Angeles (Quake),33.48159,-118.16482,Wood,140067.45,2801.35,140067.45
LOC-04674,Los Angeles (Quake),36.01587,-119.43323,Masonry,168864.47,3377.29,135091.58
LOC-04675,Miami (Hurricane),25.91959,-78.95792,Wood,374017.97,7480.36,374017.97
LOC-04676,Houston (Flood/Wind),29.99595,-96.52138,Concrete,691707.51,69170.75,691707.51
LOC-04677,Miami (Hurricane),26.02905,-80.71398,Concrete,179171.53,8958.58,215005.84
LOC-04678,Los Angeles (Quake),34.99232,-118.34712,Wood,645693.33,32284.67,516554.67
LOC-04679,Houston (Flood/Wind),31.16032,-96.24771,Wood,844904.85,84490.49,844904.85
LOC-04680,Houston (Flood/Wind),30.35272,-96.29744,Wood,205169.63,10258.48,164135.7
LOC-04681,Los Angeles (Quake),34.36121,-116.98452,Wood,257992.57,25799.26,257992.57
LOC-04682,Houston (Flood/Wind),29.59863,-95.17178,Wood,264018.32,5280.37,264018.32
LOC-04683,Los Angeles (Quake),34.2576,-117.93507,Wood,421998.94,42199.89,421998.94
LOC-04684,Houston (Flood/Wind),30.69808,-94.70951,Wood,100170.86,10017.09,80136.69
LOC-04685,Los Angeles (Quake),34.97057,-117.96295,Concrete,251025.17,5020.5,251025.17
LOC-04686,Los Angeles (Quake),34.97055,-118.81103,Masonry,220007.75,22000.78,264009.3
LOC-04687,Houston (Flood/Wind),29.44948,-95.92692,Wood,145903.48,2918.07,145903.48
LOC-04688,Los Angeles (Quake),35.63171,-117.11616,Wood,258783.37,12939.17,258783.37
LOC-04689,Miami (Hurricane),26.14467,-82.02165,Wood,264499.93,13225.0,264499.93
LOC-04690,Houston (Flood/Wind),29.42024,-94.2618,Wood,253158.41,12657.92,253158.41
LOC-04691,Miami (Hurricane),25.73033,-81.03238,Wood,93438.09,4671.9,93438.09
LOC-04692,Houston (Flood/Wind),29.96851,-94.74294,Concrete,232915.89,23291.59,232915.89
LOC-04693,Houston (Flood/Wind),32.35043,-93.63423,Concrete,127606.5,12760.65,127606.5
LOC-04694,Houston (Flood/Wind),29.36368,-95.62578,Wood,441590.03,44159.0,353272.02
LOC-04695,Miami (Hurricane),24.41714,-79.46135,Steel,244188.85,12209.44,195351.08
LOC-04696,Miami (Hurricane),26.32537,-80.58483,Concrete,322896.22,6457.92,322896.22
LOC-04697,Houston (Flood/Wind),30.41858,-92.67801,Wood,571279.28,11425.59,457023.43
LOC-04698,Houston (Flood/Wind),30.04522,-93.91126,Wood,796597.88,79659.79,796597.88
LOC-04699,Miami (Hurricane),25.24598,-81.19916,Masonry,2905183.04,290518.3,2905183.04
LOC-04700,Miami (Hurricane),25.06999,-80.65307,Concrete,1427751.94,71387.6,1427751.94
LOC-04701,Houston (Flood/Wind),31.09698,-97.09651,Wood,673336.84,67333.68,673336.84
LOC-04702,Miami (Hurricane),26.05582,-81.30295,Wood,404721.04,40472.1,323776.84
LOC-04703,Los Angeles (Quake),35.65448,-116.6689,Masonry,106950.82,10695.08,106950.82
LOC-04704,Los Angeles (Quake),33.33574,-119.37003,Wood,51950.4,5195.04,51950.4
LOC-04705,Los Angeles (Quake),34.13148,-117.58071,Concrete,59736.07,5973.61,71683.28
LOC-04706,Miami (Hurricane),25.51015,-80.22386,Wood,2758824.86,137941.24,3310589.83
LOC-04707,Miami (Hurricane),24.89508,-80.44455,Wood,167173.72,16717.37,200608.47
LOC-04708,Miami (Hurricane),24.73691,-78.89681,Wood,249206.04,24920.6,249206.04
LOC-04709,Los Angeles (Quake),33.10632,-117.93893,Wood,50000.0,5000.0,50000.0
LOC-04710,Los Angeles (Quake),37.60023,-119.52594,Concrete,741695.57,74169.56,593356.45
LOC-04711,Los Angeles (Quake),33.16083,-119.54863,Wood,409579.72,40957.97,409579.72
LOC-04712,Miami (Hurricane),24.40754,-80.37827,Concrete,55535.48,2776.77,55535.48
LOC-04713,Los Angeles (Quake),34.86181,-119.45597,Concrete,228897.51,22889.75,274677.01
LOC-04714,Los Angeles (Quake),34.69129,-118.26508,Concrete,111735.92,5586.8,134083.11
LOC-04715,Miami (Hurricane),23.71513,-80.78278,Wood,71199.23,1423.98,56959.39
LOC-04716,Miami (Hurricane),23.6622,-80.81006,Concrete,1414400.65,28288.01,1131520.52
LOC-04717,Miami (Hurricane),25.238,-81.66588,Wood,50000.0,2500.0,60000.0
LOC-04718,Los Angeles (Quake),32.22292,-118.28986,Wood,443214.67,8864.29,531857.61
LOC-04719,Los Angeles (Quake),33.70213,-119.395,Steel,859588.26,17191.77,687670.61
LOC-04720,Miami (Hurricane),25.49796,-80.74068,Concrete,513282.13,25664.11,615938.56
LOC-04721,Miami (Hurricane),24.66407,-81.51629,Wood,3811857.12,76237.14,3049485.7
LOC-04722,Los Angeles (Quake),33.15296,-119.05644,Concrete,218244.01,21824.4,218244.01
LOC-04723,Miami (Hurricane),25.35043,-81.04326,Concrete,2179598.96,108979.95,2615518.75
LOC-04724,Los Angeles (Quake),35.3424,-117.03795,Concrete,91695.84,1833.92,91695.84
LOC-04725,Los Angeles (Quake),32.29704,-118.329,Wood,1834616.15,183461.62,1834616.15
LOC-04726,Los Angeles (Quake),35.55176,-116.31376,Wood,520581.26,10411.63,520581.26
LOC-04727,Miami (Hurricane),26.41492,-80.691,Steel,146497.05,14649.71,175796.46
LOC-04728,Houston (Flood/Wind),30.06062,-94.52506,Steel,1037207.3,103720.73,1037207.3
LOC-04729,Houston (Flood/Wind),28.74795,-94.18298,Concrete,127645.49,6382.27,102116.39
LOC-04730,Los Angeles (Quake),33.1335,-117.85062,Steel,60479.75,3023.99,60479.75
LOC-04731,Los Angeles (Quake),34.22557,-116.65093,Wood,200063.78,4001.28,200063.78
LOC-04732,Miami (Hurricane),25.53942,-80.92012,Wood,483635.15,9672.7,483635.15
LOC-04733,Miami (Hurricane),25.07509,-80.58967,Concrete,92462.48,9246.25,110954.98
LOC-04734,Houston (Flood/Wind),30.42429,-96.19787,Wood,373521.2,18676.06,448225.44
LOC-04735,Los Angeles (Quake),35.33487,-118.56205,Wood,1757803.14,175780.31,1757803.14
LOC-04736,Miami (Hurricane),25.17144,-80.60346,Concrete,3179299.51,317929.95,3179299.51
LOC-04737,Houston (Flood/Wind),28.55072,-95.58235,Concrete,313359.4,15667.97,313359.4
LOC-04738,Miami (Hurricane),25.54492,-79.51862,Wood,720609.26,72060.93,720609.26
LOC-04739,Los Angeles (Quake),32.98891,-116.5488,Concrete,464621.54,9292.43,557545.85
LOC-04740,Miami (Hurricane),26.52683,-80.30487,Steel,82246.82,4112.34,82246.82
LOC-04741,Houston (Flood/Wind),28.82772,-94.16782,Concrete,976763.78,19535.28,781411.02
LOC-04742,Miami (Hurricane),25.70397,-79.09365,Steel,184773.13,3695.46,147818.51
LOC-04743,Los Angeles (Quake),35.64056,-117.62589,Wood,538230.62,26911.53,645876.75
LOC-04744,Los Angeles (Quake),35.23495,-117.46765,Wood,367720.12,7354.4,367720.12
LOC-04745,Los Angeles (Quake),35.63387,-117.83211,Wood,224390.23,11219.51,224390.23
LOC-04746,Miami (Hurricane),25.79704,-79.45037,Wood,583618.6,58361.86,583618.6
LOC-04747,Miami (Hurricane),26.31825,-80.09095,Masonry,349505.38,17475.27,349505.38
LOC-04748,Miami (Hurricane),26.80583,-80.96182,Concrete,76649.85,1533.0,76649.85
LOC-04749,Houston (Flood/Wind),31.50922,-94.94335,Wood,566009.07,56600.91,452807.25
LOC-04750,Houston (Flood/Wind),29.33885,-96.16085,Concrete,891195.94,89119.59,712956.75
LOC-04751,Houston (Flood/Wind),28.52329,-95.48944,Wood,288437.63,5768.75,288437.63
LOC-04752,Miami (Hurricane),26.56266,-80.1557,Wood,62102.43,1242.05,74522.91
LOC-04753,Los Angeles (Quake),34.67561,-118.35235,Wood,68163.37,3408.17,68163.37
LOC-04754,Los Angeles (Quake),35.34955,-118.59729,Wood,1143255.06,57162.75,1143255.06
LOC-04755,Houston (Flood/Wind),31.56063,-96.7002,Wood,100843.99,5042.2,100843.99
LOC-04756,Houston (Flood/Wind),27.69108,-96.59157,Wood,477392.71,9547.85,477392.71
LOC-04757,Los Angeles (Quake),31.61737,-118.80306,Masonry,406482.23,8129.64,325185.78
LOC-04758,Los Angeles (Quake),33.22988,-118.09861,Wood,337967.89,33796.79,270374.31
LOC-04759,Houston (Flood/Wind),30.82303,-94.44737,Wood,1480321.46,148032.15,1184257.17
LOC-04760,Miami (Hurricane),26.08534,-80.20248,Wood,50000.0,2500.0,50000.0
LOC-04761,Houston (Flood/Wind),29.32045,-96.16825,Wood,50000.0,2500.0,60000.0
LOC-04762,Los Angeles (Quake),35.61415,-117.77225,Steel,693266.25,69326.62,693266.25
LOC-04763,Miami (Hurricane),24.89219,-80.54896,Wood,83558.85,8355.89,83558.85
LOC-04764,Miami (Hurricane),25.43285,-79.11969,Masonry,698654.46,13973.09,698654.46
LOC-04765,Los Angeles (Quake),34.10846,-119.02612,Wood,986202.38,98620.24,788961.9
LOC-04766,Miami (Hurricane),25.42447,-80.34149,Wood,405512.14,8110.24,486614.57
LOC-04767,Los Angeles (Quake),33.91929,-118.15962,Masonry,624404.17,31220.21,624404.17
LOC-04768,Los Angeles (Quake),34.32558,-118.57082,Wood,696453.36,34822.67,557162.69
LOC-04769,Los Angeles (Quake),33.09104,-118.0164,Wood,309173.5,15458.68,309173.5
LOC-04770,Miami (Hurricane),24.99906,-78.76518,Concrete,292632.2,5852.64,351158.63
LOC-04771,Los Angeles (Quake),34.71412,-117.48362,Concrete,302774.7,15138.73,302774.7
LOC-04772,Houston (Flood/Wind),28.78827,-95.29121,Wood,3634652.01,72693.04,3634652.01
LOC-04773,Miami (Hurricane),25.66419,-80.85211,Wood,174966.62,3499.33,174966.62
LOC-04774,Houston (Flood/Wind),30.3024,-95.12324,Wood,718723.57,35936.18,718723.57
LOC-04775,Miami (Hurricane),24.18984,-79.48803,Masonry,223013.84,4460.28,223013.84
LOC-04776,Los Angeles (Quake),31.21478,-120.08145,Concrete,390507.16,7810.14,390507.16
LOC-04777,Los Angeles (Quake),34.68859,-115.19222,Concrete,141095.49,2821.91,141095.49
LOC-04778,Houston (Flood/Wind),30.35835,-95.26361,Concrete,101434.17,5071.71,101434.17
LOC-04779,Houston (Flood/Wind),27.94082,-95.52914,Masonry,1331918.87,133191.89,1331918.87
LOC-04780,Los Angeles (Quake),36.36492,-117.83979,Wood,165693.92,8284.7,165693.92
LOC-04781,Miami (Hurricane),24.53704,-79.42915,Wood,1407287.37,140728.74,1407287.37
LOC-04782,Houston (Flood/Wind),30.32289,-95.28652,Masonry,114431.74,5721.59,91545.4
LOC-04783,Miami (Hurricane),25.73757,-80.0977,Steel,182349.57,18234.96,218819.49
LOC-04784,Los Angeles (Quake),35.10062,-117.84656,Concrete,225287.33,22528.73,270344.79
LOC-04785,Los Angeles (Quake),32.88274,-119.05356,Concrete,364259.53,18212.98,364259.53
LOC-04786,Houston (Flood/Wind),28.63371,-96.18801,Masonry,1211868.98,24237.38,1211868.98
LOC-04787,Miami (Hurricane),25.05567,-80.48108,Wood,1013569.06,20271.38,1013569.06
LOC-04788,Los Angeles (Quake),34.48901,-119.28363,Wood,64270.48,3213.52,51416.39
LOC-04789,Los Angeles (Quake),33.45839,-118.99585,Wood,810443.26,81044.33,972531.91
LOC-04790,Miami (Hurricane),25.26362,-81.84157,Masonry,922123.99,46106.2,922123.99
LOC-04791,Miami (Hurricane),26.27382,-80.84138,Wood,131039.7,6551.98,104831.76
LOC-04792,Houston (Flood/Wind),27.62198,-95.50006,Concrete,148402.8,2968.06,148402.8
LOC-04793,Miami (Hurricane),25.09251,-79.73864,Concrete,2247923.5,44958.47,2247923.5
LOC-04794,Los Angeles (Quake),35.14667,-117.77657,Concrete,557911.86,27895.59,557911.86
LOC-04795,Houston (Flood/Wind),30.00765,-94.75839,Masonry,545854.51,27292.73,545854.51
LOC-04796,Miami (Hurricane),25.69164,-79.46719,Wood,343158.17,6863.16,343158.17
LOC-04797,Houston (Flood/Wind),30.59392,-94.42842,Wood,64847.82,1296.96,64847.82
LOC-04798,Miami (Hurricane),26.71886,-80.54445,Wood,79005.03,1580.1,63204.02
LOC-04799,Houston (Flood/Wind),29.77819,-95.22243,Wood,378761.62,18938.08,378761.62
LOC-04800,Miami (Hurricane),25.76921,-78.44093,Wood,1600538.82,160053.88,1600538.82
LOC-04801,Houston (Flood/Wind),28.4582,-95.91528,Concrete,62812.19,6281.22,62812.19
LOC-04802,Los Angeles (Quake),35.37622,-119.23089,Wood,313961.24,15698.06,251168.99
LOC-04803,Miami (Hurricane),26.22372,-78.55178,Wood,315587.69,15779.38,378705.22
LOC-04804,Los Angeles (Quake),33.9777,-119.59338,Masonry,643864.03,32193.2,515091.22
LOC-04805,Houston (Flood/Wind),29.95576,-95.43548,Wood,326089.25,16304.46,326089.25
LOC-04806,Los Angeles (Quake),34.62912,-117.73754,Concrete,1494637.93,149463.79,1494637.93
LOC-04807,Miami (Hurricane),25.10414,-80.88208,Masonry,191929.41,19192.94,191929.41
LOC-04808,Miami (Hurricane),26.33342,-80.82014,Masonry,381317.38,38131.74,381317.38
LOC-04809,Houston (Flood/Wind),31.09847,-94.50037,Wood,121998.32,12199.83,97598.65
LOC-04810,Houston (Flood/Wind),30.29252,-95.88168,Concrete,289791.91,28979.19,289791.91
LOC-04811,Miami (Hurricane),26.57444,-78.57655,Wood,761182.44,38059.12,761182.44
LOC-04812,Miami (Hurricane),25.38171,-81.11298,Concrete,520189.36,26009.47,520189.36
LOC-04813,Houston (Flood/Wind),29.99324,-95.36797,Wood,1823928.42,182392.84,2188714.11
LOC-04814,Los Angeles (Quake),34.34264,-120.36682,Masonry,337592.01,6751.84,405110.41
LOC-04815,Houston (Flood/Wind),31.29535,-94.87429,Concrete,1665379.67,83268.98,1332303.74
LOC-04816,Los Angeles (Quake),34.85746,-116.7556,Wood,161409.76,16140.98,161409.76
LOC-04817,Los Angeles (Quake),32.85138,-118.17666,Wood,1071039.39,107103.94,1071039.39
LOC-04818,Los Angeles (Quake),34.41362,-117.45144,Concrete,163847.21,16384.72,163847.21
LOC-04819,Houston (Flood/Wind),29.35755,-95.94351,Wood,217326.18,21732.62,217326.18
LOC-04820,Miami (Hurricane),26.54592,-80.39496,Wood,95607.09,4780.35,95607.09
LOC-04821,Houston (Flood/Wind),29.16719,-94.81414,Wood,570289.63,28514.48,684347.56
LOC-04822,Houston (Flood/Wind),29.569,-94.22871,Wood,289277.27,14463.86,289277.27
LOC-04823,Miami (Hurricane),25.36904,-79.47545,Wood,134804.62,13480.46,134804.62
LOC-04824,Miami (Hurricane),25.44624,-80.15371,Wood,127183.54,2543.67,152620.25
LOC-04825,Los Angeles (Quake),35.70914,-117.07192,Wood,223260.7,22326.07,267912.84
LOC-04826,Houston (Flood/Wind),30.58928,-96.74333,Wood,293873.26,5877.47,235098.61
LOC-04827,Miami (Hurricane),26.00207,-80.89398,Steel,85279.8,4263.99,85279.8
LOC-04828,Miami (Hurricane),25.22633,-78.82441,Masonry,204040.45,4080.81,204040.45
LOC-04829,Los Angeles (Quake),35.40077,-115.8624,Wood,865558.1,43277.9,1038669.72
LOC-04830,Houston (Flood/Wind),28.75157,-96.03784,Wood,577124.8,57712.48,577124.8
LOC-04831,Houston (Flood/Wind),28.96966,-96.12669,Steel,432108.35,21605.42,432108.35
LOC-04832,Miami (Hurricane),26.07218,-79.85434,Wood,50000.0,5000.0,50000.0
LOC-04833,Los Angeles (Quake),32.36555,-118.18247,Wood,212416.27,4248.33,212416.27
LOC-04834,Los Angeles (Quake),33.92276,-118.69166,Wood,89869.5,4493.47,89869.5
LOC-04835,Miami (Hurricane),26.3911,-81.81496,Concrete,386350.13,38635.01,309080.1
LOC-04836,Houston (Flood/Wind),28.92043,-95.15713,Wood,693263.24,13865.26,693263.24
LOC-04837,Miami (Hurricane),25.61396,-79.77832,Wood,111792.83,11179.28,111792.83
LOC-04838,Miami (Hurricane),25.10822,-81.39362,Masonry,636384.52,31819.23,509107.61
LOC-04839,Miami (Hurricane),24.00797,-79.60621,Concrete,286339.37,28633.94,286339.37
LOC-04840,Houston (Flood/Wind),29.30285,-94.83093,Masonry,302942.32,15147.12,242353.86
LOC-04841,Los Angeles (Quake),31.67204,-119.31027,Wood,503750.39,10075.01,503750.39
LOC-04842,Miami (Hurricane),25.4214,-78.44707,Wood,198581.63,19858.16,198581.63
LOC-04843,Houston (Flood/Wind),29.83218,-94.22826,Wood,418053.57,8361.07,334442.86
LOC-04844,Houston (Flood/Wind),28.39526,-94.82001,Masonry,390662.85,19533.14,390662.85
LOC-04845,Los Angeles (Quake),34.62065,-117.63551,Wood,293603.78,5872.08,293603.78
LOC-04846,Miami (Hurricane),27.43024,-80.07864,Concrete,225262.11,11263.11,225262.11
LOC-04847,Los Angeles (Quake),34.70303,-120.22463,Wood,854010.85,42700.54,683208.68
LOC-04848,Miami (Hurricane),26.18046,-79.30272,Wood,740919.11,37045.96,740919.11
LOC-04849,Los Angeles (Quake),34.05896,-114.47179,Wood,1189031.53,23780.63,1426837.84
LOC-04850,Los Angeles (Quake),33.56783,-116.86847,Masonry,72211.22,3610.56,72211.22
LOC-04851,Houston (Flood/Wind),31.50958,-95.68319,Wood,170477.96,8523.9,170477.96
LOC-04852,Los Angeles (Quake),34.11542,-114.85493,Wood,1606186.82,32123.74,1606186.82
LOC-04853,Miami (Hurricane),25.97363,-80.17899,Wood,522845.56,10456.91,522845.56
LOC-04854,Los Angeles (Quake),35.66018,-118.16822,Wood,822570.49,16451.41,822570.49
LOC-04855,Miami (Hurricane),26.68446,-80.7527,Concrete,838433.47,83843.35,838433.47
LOC-04856,Miami (Hurricane),25.75657,-79.8958,Concrete,482391.94,24119.6,385913.55
LOC-04857,Houston (Flood/Wind),30.30463,-96.51821,Wood,763077.33,15261.55,915692.79
LOC-04858,Los Angeles (Quake),36.64334,-117.66499,Wood,347371.85,17368.59,347371.85
LOC-04859,Los Angeles (Quake),34.43126,-116.84647,Wood,102863.07,2057.26,102863.07
LOC-04860,Houston (Flood/Wind),28.54238,-95.01012,Wood,308633.2,6172.66,308633.2
LOC-04861,Miami (Hurricane),26.84351,-80.06529,Wood,129081.8,6454.09,129081.8
LOC-04862,Los Angeles (Quake),33.54154,-118.73761,Wood,121322.34,12132.23,121322.34
LOC-04863,Houston (Flood/Wind),29.33451,-96.84628,Wood,237193.58,11859.68,189754.87
LOC-04864,Miami (Hurricane),25.40417,-81.23269,Wood,697935.01,69793.5,558348.01
LOC-04865,Miami (Hurricane),25.77454,-80.35795,Wood,1492211.77,149221.18,1492211.77
LOC-04866,Houston (Flood/Wind),30.19152,-95.18909,Concrete,280198.97,5603.98,280198.97
LOC-04867,Los Angeles (Quake),34.77485,-117.41786,Wood,208963.88,4179.28,250756.66
LOC-04868,Houston (Flood/Wind),29.94494,-96.756,Wood,222493.4,4449.87,222493.4
LOC-04869,Miami (Hurricane),26.14444,-81.17846,Wood,455745.18,9114.9,455745.18
LOC-04870,Houston (Flood/Wind),31.81582,-94.13294,Wood,194005.05,9700.25,194005.05
LOC-04871,Houston (Flood/Wind),29.77079,-96.49079,Concrete,246412.06,4928.24,246412.06
LOC-04872,Miami (Hurricane),26.33783,-79.23327,Concrete,855782.87,85578.29,855782.87
LOC-04873,Miami (Hurricane),26.79174,-79.05559,Concrete,244467.15,24446.71,244467.15
LOC-04874,Los Angeles (Quake),32.50909,-118.78821,Concrete,245379.96,4907.6,196303.97
LOC-04875,Houston (Flood/Wind),31.03299,-94.96962,Wood,413336.29,20666.81,330669.04
LOC-04876,Miami (Hurricane),26.6067,-79.53934,Wood,1395856.88,27917.14,1395856.88
LOC-04877,Houston (Flood/Wind),29.64408,-95.21287,Concrete,107073.78,10707.38,107073.78
LOC-04878,Houston (Flood/Wind),31.20731,-95.75291,Concrete,249583.98,24958.4,299500.77
LOC-04879,Miami (Hurricane),25.42405,-80.16702,Wood,80926.43,4046.32,80926.43
LOC-04880,Houston (Flood/Wind),30.2291,-94.97806,Wood,156265.19,3125.3,156265.19
LOC-04881,Miami (Hurricane),26.67038,-80.08134,Wood,613708.19,30685.41,736449.83
LOC-04882,Los Angeles (Quake),34.4046,-115.93485,Concrete,668411.4,66841.14,668411.4
LOC-04883,Miami (Hurricane),27.13303,-79.37233,Concrete,131433.37,6571.67,131433.37
LOC-04884,Los Angeles (Quake),35.76377,-116.34285,Wood,80423.25,8042.32,80423.25
LOC-04885,Houston (Flood/Wind),27.8363,-95.71738,Wood,769473.61,15389.47,923368.33
LOC-04886,Miami (Hurricane),27.01759,-79.7966,Steel,114695.19,2293.9,114695.19
LOC-04887,Miami (Hurricane),25.61455,-79.91798,Wood,2116232.44,211623.24,2116232.44
LOC-04888,Los Angeles (Quake),36.00871,-116.96665,Wood,515983.72,51598.37,515983.72
LOC-04889,Los Angeles (Quake),31.99876,-117.99781,Masonry,228934.42,4578.69,274721.31
LOC-04890,Houston (Flood/Wind),29.26069,-95.95421,Masonry,117908.39,5895.42,94326.71
LOC-04891,Los Angeles (Quake),33.308,-117.33246,Concrete,388847.9,7776.96,388847.9
LOC-04892,Houston (Flood/Wind),29.49931,-94.23111,Wood,59808.49,5980.85,71770.18
LOC-04893,Los Angeles (Quake),33.23843,-120.92062,Concrete,1201423.49,24028.47,1201423.49
LOC-04894,Houston (Flood/Wind),29.04811,-95.77493,Concrete,1080444.01,21608.88,1296532.81
LOC-04895,Los Angeles (Quake),33.9202,-118.8421,Wood,87992.82,4399.64,87992.82
LOC-04896,Miami (Hurricane),25.79966,-80.09537,Concrete,530320.05,10606.4,530320.05
LOC-04897,Houston (Flood/Wind),28.77764,-96.77538,Wood,281615.85,5632.32,225292.68
LOC-04898,Miami (Hurricane),27.36745,-80.26494,Wood,153101.91,15310.19,153101.91
LOC-04899,Miami (Hurricane),26.5514,-81.15813,Concrete,100034.94,10003.49,80027.95
LOC-04900,Los Angeles (Quake),34.33786,-117.10907,Wood,938143.1,18762.86,750514.48
LOC-04901,Los Angeles (Quake),34.35429,-118.51889,Wood,475813.38,9516.27,475813.38
LOC-04902,Houston (Flood/Wind),27.78938,-95.83475,Wood,412965.1,41296.51,412965.1
LOC-04903,Miami (Hurricane),25.10593,-81.36525,Concrete,50000.0,5000.0,50000.0
LOC-04904,Los Angeles (Quake),35.41276,-118.84199,Concrete,891718.14,44585.91,891718.14
LOC-04905,Los Angeles (Quake),31.63738,-115.99104,Concrete,456821.67,9136.43,456821.67
LOC-04906,Los Angeles (Quake),36.12613,-118.99437,Wood,424684.06,21234.2,509620.87
LOC-04907,Houston (Flood/Wind),30.36975,-94.73772,Concrete,422695.96,42269.6,507235.15
LOC-04908,Miami (Hurricane),26.93576,-80.18258,Wood,579259.04,28962.95,695110.85
LOC-04909,Houston (Flood/Wind),27.63888,-95.37597,Wood,87727.29,8772.73,87727.29
LOC-04910,Los Angeles (Quake),33.67629,-118.38984,Wood,497998.29,24899.91,497998.29
LOC-04911,Houston (Flood/Wind),28.99431,-94.20731,Concrete,50000.0,2500.0,60000.0
LOC-04912,Houston (Flood/Wind),29.80583,-94.20652,Concrete,270229.23,13511.46,270229.23
LOC-04913,Houston (Flood/Wind),30.17105,-95.71712,Concrete,289192.11,14459.61,289192.11
LOC-04914,Houston (Flood/Wind),30.9798,-95.2311,Concrete,515684.77,25784.24,515684.77
LOC-04915,Houston (Flood/Wind),29.06556,-96.58251,Wood,412004.7,41200.47,494405.64
LOC-04916,Miami (Hurricane),25.08288,-81.10073,Wood,774274.65,38713.73,774274.65
LOC-04917,Miami (Hurricane),25.52895,-80.98084,Wood,78322.0,3916.1,78322.0
LOC-04918,Los Angeles (Quake),36.14027,-118.0799,Wood,100670.39,5033.52,100670.39
LOC-04919,Miami (Hurricane),25.41288,-80.57641,Wood,1157994.38,57899.72,1157994.38
LOC-04920,Miami (Hurricane),26.88618,-80.08776,Wood,138289.45,6914.47,138289.45
LOC-04921,Houston (Flood/Wind),29.28319,-96.29844,Wood,990632.31,19812.65,990632.31
LOC-04922,Miami (Hurricane),27.41807,-78.98699,Concrete,1776903.68,88845.18,1776903.68
LOC-04923,Houston (Flood/Wind),29.77259,-97.05809,Concrete,2452281.02,245228.1,2452281.02
LOC-04924,Miami (Hurricane),25.21103,-80.8168,Wood,795383.43,15907.67,795383.43
LOC-04925,Miami (Hurricane),26.95474,-79.77874,Wood,587057.21,11741.14,587057.21
LOC-04926,Miami (Hurricane),25.74468,-80.18712,Concrete,1883724.14,188372.41,1883724.14
LOC-04927,Los Angeles (Quake),35.06156,-118.42428,Wood,182705.59,18270.56,182705.59
LOC-04928,Miami (Hurricane),25.19703,-80.32637,Wood,352503.82,7050.08,352503.82
LOC-04929,Houston (Flood/Wind),29.69016,-95.61635,Concrete,663154.92,33157.75,663154.92
LOC-04930,Miami (Hurricane),26.51328,-79.97765,Wood,1052733.52,21054.67,1263280.22
LOC-04931,Miami (Hurricane),26.04921,-80.53819,Wood,211321.43,10566.07,211321.43
LOC-04932,Houston (Flood/Wind),31.01384,-96.84924,Concrete,252570.42,25257.04,202056.34
LOC-04933,Miami (Hurricane),25.71897,-81.88625,Concrete,50000.0,5000.0,60000.0
LOC-04934,Los Angeles (Quake),31.77781,-116.62975,Concrete,265511.41,5310.23,265511.41
LOC-04935,Los Angeles (Quake),32.56369,-120.37189,Wood,50000.0,1000.0,50000.0
LOC-04936,Houston (Flood/Wind),29.17334,-95.20763,Concrete,425745.35,21287.27,510894.42
LOC-04937,Los Angeles (Quake),34.40838,-118.28212,Wood,62573.92,6257.39,62573.92
LOC-04938,Los Angeles (Quake),33.96262,-120.60525,Concrete,100209.93,2004.2,100209.93
LOC-04939,Los Angeles (Quake),34.2088,-118.58934,Wood,1086957.54,54347.88,1086957.54
LOC-04940,Houston (Flood/Wind),28.42975,-95.43474,Wood,2431094.43,243109.44,2431094.43
LOC-04941,Miami (Hurricane),25.7706,-80.27927,Wood,264451.9,26445.19,317342.27
LOC-04942,Los Angeles (Quake),33.11127,-119.22187,Wood,230943.44,23094.34,230943.44
LOC-04943,Miami (Hurricane),27.75772,-79.67424,Concrete,74797.56,1495.95,74797.56
LOC-04944,Houston (Flood/Wind),30.11575,-95.95882,Masonry,63163.35,3158.17,63163.35
LOC-04945,Houston (Flood/Wind),28.82181,-97.76965,Wood,88911.29,8891.13,106693.55
LOC-04946,Miami (Hurricane),26.0969,-80.06905,Wood,50000.0,1000.0,50000.0
LOC-04947,Los Angeles (Quake),34.28996,-115.98459,Concrete,50000.0,2500.0,50000.0
LOC-04948,Los Angeles (Quake),32.67379,-119.23806,Wood,644042.23,32202.11,644042.23
LOC-04949,Houston (Flood/Wind),31.01025,-94.9767,Concrete,307104.34,30710.43,245683.47
LOC-04950,Houston (Flood/Wind),30.17977,-95.73269,Wood,482218.01,9644.36,482218.01
LOC-04951,Houston (Flood/Wind),28.01933,-96.61861,Wood,725196.55,72519.66,870235.86
LOC-04952,Houston (Flood/Wind),31.14928,-94.89063,Wood,582808.71,11656.17,582808.71
LOC-04953,Houston (Flood/Wind),28.81048,-96.45497,Wood,1092309.4,109230.94,1092309.4
LOC-04954,Los Angeles (Quake),33.46213,-117.91023,Wood,522165.55,26108.28,417732.44
LOC-04955,Los Angeles (Quake),34.34737,-118.05431,Wood,171456.69,17145.67,171456.69
LOC-04956,Los Angeles (Quake),31.12187,-119.46076,Wood,1002203.59,20044.07,801762.87
LOC-04957,Miami (Hurricane),25.873,-80.19613,Wood,165382.79,3307.66,165382.79
LOC-04958,Los Angeles (Quake),33.46709,-118.52847,Wood,398740.25,39874.02,398740.25
LOC-04959,Los Angeles (Quake),32.79866,-118.56122,Wood,99786.54,4989.33,99786.54
LOC-04960,Houston (Flood/Wind),29.90923,-94.46234,Steel,1382522.86,69126.14,1382522.86
LOC-04961,Houston (Flood/Wind),30.01622,-94.56269,Wood,50000.0,1000.0,50000.0
LOC-04962,Houston (Flood/Wind),30.30065,-95.05735,Concrete,722523.64,72252.36,578018.92
LOC-04963,Los Angeles (Quake),33.84542,-118.46292,Masonry,71489.34,3574.47,71489.34
LOC-04964,Los Angeles (Quake),35.29737,-117.81722,Wood,581222.07,29061.1,581222.07
LOC-04965,Los Angeles (Quake),36.29782,-119.93548,Wood,312601.78,31260.18,312601.78
LOC-04966,Los Angeles (Quake),34.86086,-116.57242,Wood,187995.04,9399.75,150396.03
LOC-04967,Los Angeles (Quake),35.8646,-116.0733,Masonry,420432.61,21021.63,336346.09
LOC-04968,Los Angeles (Quake),34.49016,-114.72676,Wood,151835.82,15183.58,151835.82
LOC-04969,Los Angeles (Quake),34.67816,-119.37687,Wood,504637.01,50463.7,504637.01
LOC-04970,Houston (Flood/Wind),29.15009,-95.94116,Steel,1303827.73,26076.55,1043062.19
LOC-04971,Los Angeles (Quake),32.69681,-117.66691,Wood,247406.49,12370.32,247406.49
LOC-04972,Miami (Hurricane),24.72132,-79.69331,Wood,630065.21,31503.26,504052.17
LOC-04973,Los Angeles (Quake),34.24545,-118.28831,Concrete,322341.88,16117.09,386810.26
LOC-04974,Miami (Hurricane),25.78501,-81.18656,Concrete,100257.01,5012.85,120308.42
LOC-04975,Houston (Flood/Wind),30.33899,-94.97762,Wood,924897.83,92489.78,1109877.39
LOC-04976,Los Angeles (Quake),34.87019,-118.87711,Wood,93659.97,4683.0,93659.97
LOC-04977,Houston (Flood/Wind),30.12943,-94.37363,Masonry,62135.44,6213.54,62135.44
LOC-04978,Houston (Flood/Wind),30.26736,-95.20051,Wood,134120.26,2682.41,134120.26
LOC-04979,Houston (Flood/Wind),30.77967,-95.13127,Steel,320695.24,32069.52,320695.24
LOC-04980,Houston (Flood/Wind),30.98728,-94.24166,Wood,763603.12,15272.06,763603.12
LOC-04981,Los Angeles (Quake),33.91355,-117.67312,Steel,130028.79,2600.58,130028.79
LOC-04982,Houston (Flood/Wind),30.95051,-95.78754,Wood,128485.59,2569.71,128485.59
LOC-04983,Miami (Hurricane),24.9967,-78.48122,Wood,50000.0,5000.0,50000.0
LOC-04984,Miami (Hurricane),25.09005,-79.17212,Wood,50000.0,5000.0,60000.0
LOC-04985,Los Angeles (Quake),33.46701,-117.37878,Wood,70861.14,3543.06,70861.14
LOC-04986,Houston (Flood/Wind),29.06909,-94.65619,Wood,113326.45,5666.32,113326.45
LOC-04987,Miami (Hurricane),26.21234,-80.84908,Concrete,325784.48,6515.69,325784.48
LOC-04988,Miami (Hurricane),24.80496,-78.71553,Concrete,726503.78,14530.08,726503.78
LOC-04989,Los Angeles (Quake),33.3736,-119.79412,Steel,315011.48,31501.15,315011.48
LOC-04990,Miami (Hurricane),26.09425,-81.23192,Steel,436296.54,43629.65,523555.85
LOC-04991,Houston (Flood/Wind),30.98903,-96.09378,Wood,613213.72,30660.69,735856.46
LOC-04992,Los Angeles (Quake),34.92689,-117.15598,Steel,225890.13,22589.01,225890.13
LOC-04993,Los Angeles (Quake),32.62539,-119.56988,Wood,182859.5,3657.19,182859.5
LOC-04994,Houston (Flood/Wind),30.18981,-93.80491,Wood,150646.08,3012.92,150646.08
LOC-04995,Miami (Hurricane),24.72224,-80.36656,Wood,131586.93,6579.35,131586.93
LOC-04996,Houston (Flood/Wind),28.20006,-95.5996,Wood,232227.26,23222.73,185781.81
LOC-04997,Miami (Hurricane),25.02317,-78.97712,Wood,76256.14,7625.61,61004.92
LOC-04998,Miami (Hurricane),25.8346,-80.16339,Wood,393488.42,7869.77,393488.42
LOC-04999,Miami (Hurricane),25.25137,-79.65485,Wood,298866.57,29886.66,239093.26
LOC-05000,Miami (Hurricane),26.29408,-80.94727,Masonry,917541.14,91754.11,917541.14
